txn_id,txn_ts,txn_type,account_id,counterparty_id,amount,country
T0000826,2026-07-06 12:21:00,CASH_DEPOSIT,AC000001,,1294.26,
T0000827,2026-07-06 13:41:00,TRANSFER,AC000001,AC001001,43.00,XD
T0000828,2026-07-06 11:58:00,CASH_DEPOSIT,AC000003,,1245.27,
T0000829,2026-07-06 09:25:00,TRANSFER,AC000003,AC001003,127.00,XD
T0000830,2026-07-06 11:56:00,CASH_DEPOSIT,AC000004,,2180.44,
T0000831,2026-07-06 09:59:00,TRANSFER,AC000004,AC001004,390.00,XD
T0000832,2026-07-06 11:09:00,CASH_DEPOSIT,AC000006,,1252.85,
T0000833,2026-07-06 09:38:00,TRANSFER,AC000006,AC001006,308.00,XD
T0000834,2026-07-06 14:08:00,TRANSFER,AC000008,AC001008,187.00,XD
T0000835,2026-07-06 13:38:00,CASH_DEPOSIT,AC000010,,2382.83,
T0000836,2026-07-06 10:55:00,TRANSFER,AC000011,AC001011,55.00,XD
T0000837,2026-07-06 10:48:00,CASH_DEPOSIT,AC000015,,1262.64,
T0000838,2026-07-06 15:36:00,CASH_DEPOSIT,AC000016,,972.69,
T0000839,2026-07-06 10:51:00,TRANSFER,AC000016,AC001016,163.00,XD
T0000840,2026-07-06 10:18:00,CASH_DEPOSIT,AC000017,,832.54,
T0000841,2026-07-06 15:33:00,TRANSFER,AC000018,AC001018,384.00,XD
T0000842,2026-07-06 10:33:00,CASH_DEPOSIT,AC000019,,384.88,
T0000843,2026-07-06 16:43:00,TRANSFER,AC000019,AC001019,251.00,XD
T0000844,2026-07-06 10:42:00,CASH_DEPOSIT,AC000020,,1123.03,
T0000845,2026-07-06 14:50:00,TRANSFER,AC000020,AC001020,367.00,XD
T0000846,2026-07-06 11:46:00,CASH_DEPOSIT,AC000021,,2433.54,
T0000847,2026-07-06 15:01:00,CASH_DEPOSIT,AC000023,,870.28,
T0000848,2026-07-06 16:19:00,TRANSFER,AC000023,AC001023,263.00,XD
T0000849,2026-07-06 15:08:00,WIRE,AC000023,AC990049,878.00,XE
T0000850,2026-07-06 10:09:00,CASH_DEPOSIT,AC000024,,2370.01,
T0000851,2026-07-06 10:51:00,CASH_DEPOSIT,AC000025,,2461.80,
T0000852,2026-07-06 14:03:00,CASH_DEPOSIT,AC000027,,862.64,
T0000853,2026-07-06 11:59:00,TRANSFER,AC000027,AC001027,119.00,XD
T0000854,2026-07-06 10:50:00,TRANSFER,AC000028,AC001028,324.00,XD
T0000855,2026-07-06 10:05:00,CASH_DEPOSIT,AC000030,,1579.93,
T0000856,2026-07-06 15:46:00,WIRE,AC000030,AC990006,529.00,XD
T0000857,2026-07-06 10:13:00,CASH_DEPOSIT,AC000031,,1333.71,
T0000858,2026-07-06 14:34:00,CASH_DEPOSIT,AC000033,,850.05,
T0000859,2026-07-06 15:04:00,CASH_DEPOSIT,AC000034,,1120.16,
T0000860,2026-07-06 13:19:00,CASH_DEPOSIT,AC000035,,1479.63,
T0000861,2026-07-06 10:48:00,TRANSFER,AC000035,AC001035,26.00,XD
T0000862,2026-07-06 12:12:00,CASH_DEPOSIT,AC000036,,1320.93,
T0000863,2026-07-06 13:59:00,TRANSFER,AC000036,AC001036,358.00,XD
T0000864,2026-07-06 10:23:00,TRANSFER,AC000038,AC001038,82.00,XD
T0000865,2026-07-06 13:01:00,CASH_DEPOSIT,AC000040,,772.05,
T0000866,2026-07-06 15:08:00,CASH_DEPOSIT,AC000041,,2209.45,
T0000867,2026-07-06 12:04:00,CASH_DEPOSIT,AC000043,,2067.67,
T0000868,2026-07-06 12:53:00,TRANSFER,AC000043,AC001043,220.00,XD
T0000869,2026-07-06 14:20:00,TRANSFER,AC000044,AC001044,159.00,XD
T0000870,2026-07-06 10:56:00,TRANSFER,AC000046,AC001046,151.00,XD
T0000871,2026-07-06 14:23:00,CASH_DEPOSIT,AC000048,,994.54,
T0000872,2026-07-06 14:52:00,CASH_DEPOSIT,AC000049,,2091.58,
T0000873,2026-07-06 14:55:00,CASH_DEPOSIT,AC000050,,1765.44,
T0000874,2026-07-06 12:32:00,CASH_DEPOSIT,AC000051,,904.08,
T0000875,2026-07-06 10:04:00,TRANSFER,AC000051,AC001051,137.00,XD
T0000876,2026-07-06 10:28:00,CASH_DEPOSIT,AC000052,,1561.84,
T0000877,2026-07-06 14:09:00,CASH_DEPOSIT,AC000053,,965.80,
T0000878,2026-07-06 16:28:00,TRANSFER,AC000053,AC001053,57.00,XD
T0000879,2026-07-06 15:10:00,TRANSFER,AC000054,AC001054,261.00,XD
T0000880,2026-07-06 09:21:00,TRANSFER,AC000056,AC001056,392.00,XD
T0000881,2026-07-06 13:33:00,CASH_DEPOSIT,AC000058,,302.56,
T0000882,2026-07-06 11:46:00,TRANSFER,AC000059,AC001059,322.00,XD
T0000883,2026-07-06 12:06:00,CASH_DEPOSIT,AC000060,,1488.36,
T0000884,2026-07-06 15:03:00,CASH_DEPOSIT,AC000062,,785.92,
T0000885,2026-07-06 10:06:00,CASH_DEPOSIT,AC000063,,1045.34,
T0000886,2026-07-06 12:52:00,CASH_DEPOSIT,AC000064,,1282.04,
T0000887,2026-07-06 12:02:00,TRANSFER,AC000064,AC001004,351.00,XD
T0000888,2026-07-06 15:35:00,CASH_DEPOSIT,AC000065,,1067.49,
T0000889,2026-07-06 11:13:00,TRANSFER,AC000065,AC001005,155.00,XD
T0000890,2026-07-06 10:34:00,CASH_DEPOSIT,AC000067,,1568.45,
T0000891,2026-07-06 09:46:00,TRANSFER,AC000070,AC001010,87.00,XD
T0000892,2026-07-06 14:52:00,CASH_DEPOSIT,AC000072,,365.00,
T0000893,2026-07-06 16:15:00,TRANSFER,AC000073,AC001013,95.00,XD
T0000894,2026-07-06 14:41:00,WIRE,AC000076,AC990032,249.00,XE
T0000895,2026-07-06 13:18:00,CASH_DEPOSIT,AC000077,,1385.36,
T0000896,2026-07-06 14:07:00,CASH_DEPOSIT,AC000078,,2228.31,
T0000897,2026-07-06 13:17:00,CASH_DEPOSIT,AC000081,,2364.50,
T0000898,2026-07-06 14:55:00,CASH_DEPOSIT,AC000082,,434.19,
T0000899,2026-07-06 12:24:00,CASH_DEPOSIT,AC000084,,312.04,
T0000900,2026-07-06 12:00:00,TRANSFER,AC000086,AC001026,95.00,XD
T0000901,2026-07-06 10:21:00,CASH_DEPOSIT,AC000087,,1638.74,
T0000902,2026-07-06 14:06:00,TRANSFER,AC000089,AC001029,172.00,XD
T0000903,2026-07-06 12:44:00,TRANSFER,AC000091,AC001031,374.00,XD
T0000904,2026-07-06 11:36:00,TRANSFER,AC000094,AC001034,116.00,XD
T0000905,2026-07-06 10:22:00,CASH_DEPOSIT,AC000095,,832.20,
T0000906,2026-07-06 12:51:00,CASH_DEPOSIT,AC000097,,506.33,
T0000907,2026-07-06 15:39:00,TRANSFER,AC000098,AC001038,217.00,XD
T0000908,2026-07-06 12:29:00,CASH_DEPOSIT,AC000099,,1197.54,
T0000909,2026-07-06 14:32:00,CASH_DEPOSIT,AC000100,,2311.09,
T0000910,2026-07-06 13:31:00,CASH_DEPOSIT,AC000101,,1198.16,
T0000911,2026-07-06 14:54:00,TRANSFER,AC000101,AC001041,270.00,XD
T0000912,2026-07-06 12:16:00,CASH_DEPOSIT,AC000102,,1764.23,
T0000913,2026-07-06 09:03:00,TRANSFER,AC000102,AC001042,305.00,XD
T0000914,2026-07-06 11:51:00,WIRE,AC000103,AC990033,635.00,XD
T0000915,2026-07-06 15:32:00,WIRE,AC000104,AC990046,505.00,XD
T0000916,2026-07-06 10:05:00,CASH_DEPOSIT,AC000105,,1645.29,
T0000917,2026-07-06 13:40:00,TRANSFER,AC000105,AC001045,51.00,XD
T0000918,2026-07-06 13:29:00,CASH_DEPOSIT,AC000106,,1251.37,
T0000919,2026-07-06 09:36:00,TRANSFER,AC000106,AC001046,315.00,XD
T0000920,2026-07-06 13:24:00,CASH_DEPOSIT,AC000108,,1437.49,
T0000921,2026-07-06 11:15:00,CASH_DEPOSIT,AC000109,,1038.30,
T0000922,2026-07-06 10:12:00,CASH_DEPOSIT,AC000110,,1213.85,
T0000923,2026-07-06 14:55:00,CASH_DEPOSIT,AC000111,,1360.72,
T0000924,2026-07-06 14:13:00,CASH_DEPOSIT,AC000112,,2267.70,
T0000925,2026-07-06 14:21:00,CASH_DEPOSIT,AC000113,,1532.70,
T0000926,2026-07-06 16:40:00,TRANSFER,AC000113,AC001053,143.00,XD
T0000927,2026-07-06 10:40:00,CASH_DEPOSIT,AC000114,,778.42,
T0000928,2026-07-06 15:03:00,CASH_DEPOSIT,AC000115,,2080.50,
T0000929,2026-07-06 13:34:00,CASH_DEPOSIT,AC000118,,353.15,
T0000930,2026-07-06 11:51:00,CASH_DEPOSIT,AC000120,,1633.31,
T0000931,2026-07-06 11:12:00,TRANSFER,AC000120,AC001000,227.00,XD
T0001054,2026-07-06 12:24:00,CASH_DEPOSIT,AC100001,,9500.00,
T0001060,2026-07-06 10:21:00,CASH_DEPOSIT,AC100002,,9000.00,
T0001065,2026-07-06 12:54:00,CASH_DEPOSIT,AC100003,,9900.00,
T0001076,2026-07-06 14:28:00,CASH_DEPOSIT,AC100005,,8999.99,
T0001087,2026-07-06 11:12:00,CASH_DEPOSIT,AC200004,,9000.00,
T0001089,2026-07-06 11:14:00,CASH_DEPOSIT,AC200005,,20000.00,
T0001142,2026-07-06 16:51:00,TRANSFER,AC330002,AC300004,400.00,XD
T0001183,2026-07-06 10:40:00,CASH_DEPOSIT,AC500001,,9400.00,
T0001197,2026-07-06 13:56:00,CASH_DEPOSIT,AC500002,,9100.00,
