TRANSFER_ID,PAYER_ACCOUNT,PAYEE_ACCOUNT,CHANNEL,AMOUNT,CURRENCY,PAYER_COUNTRY,PAYEE_COUNTRY,BOOKED_DATE,BOOKED_AT
TX-000661,ACC-1043,ACC-1143,card,361.06,EUR,IT,PL,2026-09-02,2026-09-02 06:11:23
TX-000662,ACC-1077,ACC-1017,cash_deposit,102.44,EUR,IT,IT,2026-09-02,2026-09-02 06:10:33
TX-000663,ACC-1142,ACC-1138,wire,182.88,EUR,DE,IT,2026-09-02,2026-09-02 20:22:58
TX-000664,ACC-1058,ACC-1053,card,163.64,EUR,NL,DE,2026-09-02,2026-09-02 16:08:34
TX-000665,ACC-1088,ACC-1083,wire,596.61,EUR,ES,NL,2026-09-02,2026-09-02 00:54:03
TX-000666,ACC-1080,ACC-1029,card,396.08,EUR,NL,FR,2026-09-02,2026-09-02 11:00:53
TX-000667,ACC-1132,ACC-1018,cash_deposit,103.60,EUR,FR,FR,2026-09-02,2026-09-02 20:18:08
TX-000668,ACC-1028,ACC-1060,card,59.06,EUR,FR,NL,2026-09-02,2026-09-02 21:38:34
TX-000669,ACC-1144,ACC-1063,wire,562.26,EUR,FR,ES,2026-09-02,2026-09-02 18:22:31
TX-000670,ACC-1013,ACC-1139,card,107.13,EUR,ES,FR,2026-09-02,2026-09-02 21:54:21
TX-000671,ACC-1140,ACC-1088,wire,197.54,EUR,PL,ES,2026-09-02,2026-09-02 11:24:33
TX-000672,ACC-1081,ACC-1144,wire,31.66,EUR,NL,FR,2026-09-02,2026-09-02 15:10:15
TX-000673,ACC-1048,ACC-1031,wire,194.58,EUR,PL,PL,2026-09-02,2026-09-02 06:32:32
TX-000674,ACC-1046,ACC-1111,card,56.97,EUR,NL,IT,2026-09-02,2026-09-02 21:27:36
TX-000675,ACC-1076,ACC-1058,wire,121.44,EUR,NL,NL,2026-09-02,2026-09-02 12:14:45
TX-000676,ACC-1060,ACC-1135,card,805.59,EUR,NL,DE,2026-09-02,2026-09-02 19:15:28
TX-000677,ACC-1133,ACC-1101,card,90.15,EUR,IT,PL,2026-09-02,2026-09-02 19:39:18
TX-000678,ACC-1117,ACC-1104,card,533.02,EUR,IT,PL,2026-09-02,2026-09-02 10:44:22
TX-000679,ACC-1021,ACC-1035,wire,54.99,EUR,PL,ES,2026-09-02,2026-09-02 20:53:52
TX-000680,ACC-1074,ACC-1048,card,57.99,EUR,ES,PL,2026-09-02,2026-09-02 01:28:22
TX-000681,ACC-1101,ACC-1095,wire,576.26,EUR,PL,IT,2026-09-02,2026-09-02 16:55:31
TX-000682,ACC-1088,ACC-1068,cash_deposit,38.24,EUR,ES,PL,2026-09-02,2026-09-02 07:09:48
TX-000683,ACC-1021,ACC-1025,card,920.27,EUR,PL,FR,2026-09-02,2026-09-02 14:38:40
TX-000684,ACC-1042,ACC-1031,cash_deposit,212.25,EUR,ES,PL,2026-09-02,2026-09-02 12:01:32
TX-000685,ACC-1147,ACC-1026,cash_deposit,152.79,EUR,DE,PL,2026-09-02,2026-09-02 13:51:50
TX-000686,ACC-1045,ACC-1027,wire,129.37,EUR,FR,ES,2026-09-02,2026-09-02 19:16:56
TX-000687,ACC-1025,ACC-1094,wire,32.26,EUR,FR,ES,2026-09-02,2026-09-02 13:52:10
TX-000688,ACC-1094,ACC-1006,wire,183.26,EUR,ES,ES,2026-09-02,2026-09-02 10:32:59
TX-000689,ACC-1148,ACC-1011,cash_deposit,657.78,EUR,PL,NL,2026-09-02,2026-09-02 09:17:40
TX-000690,ACC-1116,ACC-1101,crypto,160.21,EUR,DE,PL,2026-09-02,2026-09-02 17:44:59
TX-000691,ACC-1013,ACC-1114,wire,112.18,EUR,ES,PL,2026-09-02,2026-09-02 07:27:25
TX-000692,ACC-1096,ACC-1022,cash_deposit,409.91,EUR,FR,FR,2026-09-02,2026-09-02 06:33:50
TX-000693,ACC-1016,ACC-1123,card,321.46,EUR,ES,ES,2026-09-02,2026-09-02 17:23:22
TX-000694,ACC-1054,ACC-1148,wire,105.70,EUR,FR,PL,2026-09-02,2026-09-02 01:52:53
TX-000695,ACC-1032,ACC-1064,cash_deposit,91.38,EUR,DE,DE,2026-09-02,2026-09-02 16:53:19
TX-000696,ACC-1149,ACC-1062,wire,166.91,EUR,FR,PL,2026-09-02,2026-09-02 03:53:27
TX-000697,ACC-1088,ACC-1083,card,43.05,EUR,ES,NL,2026-09-02,2026-09-02 04:05:46
TX-000698,ACC-1095,ACC-1078,wire,130.39,EUR,IT,IT,2026-09-02,2026-09-02 17:05:44
TX-000699,ACC-1118,ACC-1061,wire,173.44,EUR,FR,FR,2026-09-02,2026-09-02 05:24:35
TX-000700,ACC-1036,ACC-1143,wire,133.51,EUR,ES,PL,2026-09-02,2026-09-02 13:44:49
TX-000701,ACC-1145,ACC-1003,card,116.55,EUR,FR,IT,2026-09-02,2026-09-02 00:29:30
TX-000702,ACC-1003,ACC-1137,wire,74.43,EUR,IT,IT,2026-09-02,2026-09-02 02:57:02
TX-000703,ACC-1006,ACC-1068,card,158.91,EUR,ES,PL,2026-09-02,2026-09-02 22:17:57
TX-000704,ACC-1120,ACC-1084,card,38.51,EUR,FR,NL,2026-09-02,2026-09-02 11:54:12
TX-000705,ACC-1027,ACC-1049,cash_deposit,57.67,EUR,ES,PL,2026-09-02,2026-09-02 22:21:40
TX-000706,ACC-1032,ACC-1127,card,35.10,EUR,DE,DE,2026-09-02,2026-09-02 23:27:10
TX-000707,ACC-1013,ACC-1148,cash_deposit,223.49,EUR,ES,PL,2026-09-02,2026-09-02 01:13:05
TX-000708,ACC-1131,ACC-1127,card,397.93,EUR,FR,DE,2026-09-02,2026-09-02 22:42:27
TX-000709,ACC-1070,ACC-1068,wire,54.13,EUR,ES,PL,2026-09-02,2026-09-02 14:39:58
TX-000710,ACC-1106,ACC-1063,crypto,131.90,EUR,NL,ES,2026-09-02,2026-09-02 17:31:08
TX-000711,ACC-1145,ACC-1025,card,436.47,EUR,FR,FR,2026-09-02,2026-09-02 16:47:11
TX-000712,ACC-1018,ACC-1075,card,225.80,EUR,FR,PL,2026-09-02,2026-09-02 12:42:52
TX-000713,ACC-1130,ACC-1061,crypto,44.21,EUR,PL,FR,2026-09-02,2026-09-02 04:29:19
TX-000714,ACC-1077,ACC-1038,cash_deposit,15.07,EUR,IT,NL,2026-09-02,2026-09-02 14:30:20
TX-000715,ACC-1108,ACC-1057,cash_deposit,76.37,EUR,NL,ES,2026-09-02,2026-09-02 13:28:01
TX-000716,ACC-1048,ACC-1102,wire,598.06,EUR,PL,NL,2026-09-02,2026-09-02 00:53:40
TX-000717,ACC-1007,ACC-1124,cash_deposit,402.79,EUR,PL,ES,2026-09-02,2026-09-02 10:55:11
TX-000718,ACC-1083,ACC-1071,card,126.72,EUR,NL,NL,2026-09-02,2026-09-02 19:51:43
TX-000719,ACC-1142,ACC-1075,wire,98.54,EUR,DE,PL,2026-09-02,2026-09-02 18:19:30
TX-000720,ACC-1082,ACC-1083,wire,53.49,EUR,IT,NL,2026-09-02,2026-09-02 05:23:25
TX-000721,ACC-1063,ACC-1116,cash_deposit,46.17,EUR,ES,DE,2026-09-02,2026-09-02 13:08:58
TX-000722,ACC-1049,ACC-1067,cash_deposit,233.43,EUR,PL,FR,2026-09-02,2026-09-02 08:50:21
TX-000723,ACC-1123,ACC-1022,cash_deposit,162.17,EUR,ES,FR,2026-09-02,2026-09-02 05:03:29
TX-000724,ACC-1086,ACC-1024,crypto,51.23,EUR,NL,ES,2026-09-02,2026-09-02 09:03:43
TX-000725,ACC-1047,ACC-1038,wire,301.71,EUR,IT,NL,2026-09-02,2026-09-02 01:07:19
TX-000726,ACC-1043,ACC-1148,cash_deposit,150.19,EUR,IT,PL,2026-09-02,2026-09-02 21:58:07
TX-000727,ACC-1080,ACC-1137,wire,208.66,EUR,NL,IT,2026-09-02,2026-09-02 23:50:04
TX-000728,ACC-1139,ACC-1005,card,56.26,EUR,FR,IT,2026-09-02,2026-09-02 06:11:17
TX-000729,ACC-1029,ACC-1116,card,157.10,EUR,FR,DE,2026-09-02,2026-09-02 12:35:30
TX-000730,ACC-1021,ACC-1000,card,834.41,EUR,PL,NL,2026-09-02,2026-09-02 08:05:33
TX-000731,ACC-1106,ACC-1110,card,44.00,EUR,NL,IT,2026-09-02,2026-09-02 23:17:10
TX-000732,ACC-1093,ACC-1130,wire,245.43,EUR,NL,PL,2026-09-02,2026-09-02 10:34:38
TX-000733,ACC-1121,ACC-1026,card,55.48,EUR,DE,PL,2026-09-02,2026-09-02 06:05:53
TX-000734,ACC-1090,ACC-1129,wire,48.88,EUR,NL,PL,2026-09-02,2026-09-02 22:02:52
TX-000735,ACC-1015,ACC-1071,card,74.89,EUR,DE,NL,2026-09-02,2026-09-02 15:07:22
TX-000736,ACC-1049,ACC-1059,cash_deposit,175.95,EUR,PL,PL,2026-09-02,2026-09-02 07:49:03
TX-000737,ACC-1096,ACC-1021,card,130.81,EUR,FR,PL,2026-09-02,2026-09-02 22:32:37
TX-000738,ACC-1035,ACC-1007,wire,72.14,EUR,ES,PL,2026-09-02,2026-09-02 12:40:32
TX-000739,ACC-1014,ACC-1089,wire,265.12,EUR,PL,NL,2026-09-02,2026-09-02 06:12:20
TX-000740,ACC-1004,ACC-1075,wire,79.15,EUR,PL,PL,2026-09-02,2026-09-02 14:31:08
TX-000741,ACC-1059,ACC-1080,wire,108.36,EUR,PL,NL,2026-09-02,2026-09-02 22:44:48
TX-000742,ACC-1112,ACC-1061,cash_deposit,198.22,EUR,DE,FR,2026-09-02,2026-09-02 18:31:39
TX-000743,ACC-1068,ACC-1109,card,103.05,EUR,PL,PL,2026-09-02,2026-09-02 19:05:13
TX-000744,ACC-1021,ACC-1118,card,130.88,EUR,PL,FR,2026-09-02,2026-09-02 12:40:07
TX-000745,ACC-1006,ACC-1040,wire,21.13,EUR,ES,IT,2026-09-02,2026-09-02 13:39:10
TX-000746,ACC-1022,ACC-1066,wire,224.06,EUR,FR,DE,2026-09-02,2026-09-02 14:02:34
TX-000747,ACC-1039,ACC-1116,card,77.94,EUR,FR,DE,2026-09-02,2026-09-02 08:00:09
TX-000748,ACC-1112,ACC-1109,wire,181.34,EUR,DE,PL,2026-09-02,2026-09-02 13:06:59
TX-000749,ACC-1130,ACC-1052,crypto,99.56,EUR,PL,DE,2026-09-02,2026-09-02 08:25:24
TX-000750,ACC-1010,ACC-1120,cash_deposit,60.22,EUR,ES,FR,2026-09-02,2026-09-02 09:47:43
TX-000751,ACC-1120,ACC-1092,crypto,61.73,EUR,FR,IT,2026-09-02,2026-09-02 05:20:32
TX-000752,ACC-1035,ACC-1028,crypto,46.26,EUR,ES,FR,2026-09-02,2026-09-02 09:07:19
TX-000753,ACC-1020,ACC-1025,wire,538.81,EUR,IT,FR,2026-09-02,2026-09-02 21:32:46
TX-000754,ACC-1074,ACC-1001,wire,112.47,EUR,ES,FR,2026-09-02,2026-09-02 21:08:41
TX-000755,ACC-1002,ACC-1075,wire,296.67,EUR,ES,PL,2026-09-02,2026-09-02 09:24:34
TX-000756,ACC-1005,ACC-1010,card,1789.47,EUR,IT,ES,2026-09-02,2026-09-02 15:53:31
TX-000757,ACC-1056,ACC-1017,wire,85.14,EUR,DE,IT,2026-09-02,2026-09-02 10:11:12
TX-000758,ACC-1114,ACC-1073,wire,62.75,EUR,PL,ES,2026-09-02,2026-09-02 15:15:16
TX-000759,ACC-1042,ACC-1024,wire,193.88,EUR,ES,ES,2026-09-02,2026-09-02 03:20:56
TX-000760,ACC-1040,ACC-1101,card,220.99,EUR,IT,PL,2026-09-02,2026-09-02 06:39:43
TX-000761,ACC-1124,ACC-1075,wire,213.09,EUR,ES,PL,2026-09-02,2026-09-02 14:01:23
TX-000762,ACC-1089,ACC-1007,card,100.16,EUR,NL,PL,2026-09-02,2026-09-02 16:27:41
TX-000763,ACC-1088,ACC-1114,crypto,207.31,EUR,ES,PL,2026-09-02,2026-09-02 17:54:58
TX-000764,ACC-1037,ACC-1072,cash_deposit,935.30,EUR,IT,IT,2026-09-02,2026-09-02 04:12:56
TX-000765,ACC-1000,ACC-1115,card,318.96,EUR,NL,ES,2026-09-02,2026-09-02 05:56:49
TX-000766,ACC-1055,ACC-1093,card,315.07,EUR,IT,NL,2026-09-02,2026-09-02 07:05:53
TX-000767,ACC-1095,ACC-1085,wire,97.97,EUR,IT,ES,2026-09-02,2026-09-02 01:56:56
TX-000768,ACC-1031,ACC-1097,wire,117.12,EUR,PL,FR,2026-09-02,2026-09-02 15:06:27
TX-000769,ACC-1137,ACC-1008,wire,64.63,EUR,IT,NL,2026-09-02,2026-09-02 10:56:52
TX-000770,ACC-1073,ACC-1051,cash_deposit,174.04,EUR,ES,FR,2026-09-02,2026-09-02 00:20:50
TX-000771,ACC-1064,ACC-1085,wire,135.00,EUR,DE,ES,2026-09-02,2026-09-02 12:42:53
TX-000772,ACC-1088,ACC-1017,wire,123.61,EUR,ES,IT,2026-09-02,2026-09-02 10:07:38
TX-000773,ACC-1036,ACC-1144,wire,129.19,EUR,ES,FR,2026-09-02,2026-09-02 22:16:06
TX-000774,ACC-1058,ACC-1093,crypto,92.74,EUR,NL,NL,2026-09-02,2026-09-02 14:35:27
TX-000775,ACC-1140,ACC-1145,card,60.45,EUR,PL,FR,2026-09-02,2026-09-02 16:02:31
TX-000776,ACC-1098,ACC-1071,wire,325.09,EUR,IT,NL,2026-09-02,2026-09-02 12:01:29
TX-000777,ACC-1072,ACC-1130,crypto,138.72,EUR,IT,PL,2026-09-02,2026-09-02 06:29:15
TX-000778,ACC-1049,ACC-1002,cash_deposit,140.00,EUR,PL,ES,2026-09-02,2026-09-02 19:33:09
TX-000779,ACC-1040,ACC-1005,cash_deposit,498.35,EUR,IT,IT,2026-09-02,2026-09-02 13:51:03
TX-000780,ACC-1060,ACC-1068,crypto,232.74,EUR,NL,PL,2026-09-02,2026-09-02 12:07:57
TX-000781,ACC-1084,ACC-1042,card,71.68,EUR,NL,ES,2026-09-02,2026-09-02 23:39:17
TX-000782,ACC-1076,ACC-1000,wire,68.59,EUR,NL,NL,2026-09-02,2026-09-02 10:35:28
TX-000783,ACC-1076,ACC-1005,card,52.67,EUR,NL,IT,2026-09-02,2026-09-02 15:09:50
TX-000784,ACC-1071,ACC-1097,wire,146.81,EUR,NL,FR,2026-09-02,2026-09-02 13:50:52
TX-000785,ACC-1041,ACC-1091,wire,157.83,EUR,PL,PL,2026-09-02,2026-09-02 22:26:57
TX-000786,ACC-1048,ACC-1129,wire,149.51,EUR,PL,PL,2026-09-02,2026-09-02 06:08:59
TX-000787,ACC-1030,ACC-1064,card,486.13,EUR,PL,DE,2026-09-02,2026-09-02 16:44:50
TX-000788,ACC-1006,ACC-1084,card,69.35,EUR,ES,NL,2026-09-02,2026-09-02 23:59:40
TX-000789,ACC-1025,ACC-1012,wire,46.34,EUR,FR,NL,2026-09-02,2026-09-02 09:15:52
TX-000790,ACC-1063,ACC-1067,wire,104.29,EUR,ES,FR,2026-09-02,2026-09-02 18:41:57
TX-000791,ACC-1130,ACC-1025,card,131.01,EUR,PL,FR,2026-09-02,2026-09-02 18:56:56
TX-000792,ACC-1021,ACC-1054,card,413.11,EUR,PL,FR,2026-09-02,2026-09-02 15:26:56
TX-000793,ACC-1096,ACC-1142,cash_deposit,154.89,EUR,FR,DE,2026-09-02,2026-09-02 08:28:10
TX-000794,ACC-1050,ACC-1091,wire,188.50,EUR,PL,PL,2026-09-02,2026-09-02 19:24:57
TX-000795,ACC-1125,ACC-1065,card,144.47,EUR,DE,FR,2026-09-02,2026-09-02 22:52:23
TX-000796,ACC-1105,ACC-1015,cash_deposit,569.79,EUR,NL,DE,2026-09-02,2026-09-02 16:54:24
TX-000797,ACC-1076,ACC-1039,wire,38.32,EUR,NL,FR,2026-09-02,2026-09-02 03:12:24
TX-000798,ACC-1001,ACC-1015,cash_deposit,35.70,EUR,FR,DE,2026-09-02,2026-09-02 22:53:17
TX-000799,ACC-1025,ACC-1065,card,49.95,EUR,FR,FR,2026-09-02,2026-09-02 15:59:56
TX-000800,ACC-1020,ACC-1124,crypto,80.98,EUR,IT,ES,2026-09-02,2026-09-02 14:58:55
TX-000801,ACC-1099,ACC-1045,wire,39.25,EUR,PL,FR,2026-09-02,2026-09-02 04:13:46
TX-000802,ACC-1144,ACC-1131,cash_deposit,522.90,EUR,FR,FR,2026-09-02,2026-09-02 19:15:35
TX-000803,ACC-1069,ACC-1073,wire,47.09,EUR,IT,ES,2026-09-02,2026-09-02 13:39:39
TX-000804,ACC-1058,ACC-1041,wire,237.75,EUR,NL,PL,2026-09-02,2026-09-02 10:04:49
TX-000805,ACC-1073,ACC-1132,wire,121.99,EUR,ES,FR,2026-09-02,2026-09-02 16:34:14
TX-000806,ACC-1019,ACC-1133,card,291.65,EUR,NL,IT,2026-09-02,2026-09-02 19:56:53
TX-000807,ACC-1046,ACC-1125,wire,137.79,EUR,NL,DE,2026-09-02,2026-09-02 15:36:16
TX-000808,ACC-1061,ACC-1116,cash_deposit,567.63,EUR,FR,DE,2026-09-02,2026-09-02 18:41:50
TX-000809,ACC-1136,ACC-1111,card,48.28,EUR,ES,IT,2026-09-02,2026-09-02 00:57:03
TX-000810,ACC-1074,ACC-1022,cash_deposit,255.79,EUR,ES,FR,2026-09-02,2026-09-02 02:40:02
TX-000811,ACC-1092,ACC-1102,wire,70.88,EUR,IT,NL,2026-09-02,2026-09-02 21:50:08
TX-000812,ACC-1000,ACC-1036,card,101.93,EUR,NL,ES,2026-09-02,2026-09-02 08:49:22
TX-000813,ACC-1128,ACC-1024,wire,64.30,EUR,ES,ES,2026-09-02,2026-09-02 23:47:10
TX-000814,ACC-1059,ACC-1137,wire,59.00,EUR,PL,IT,2026-09-02,2026-09-02 17:34:45
TX-000815,ACC-1070,ACC-1082,crypto,69.95,EUR,ES,IT,2026-09-02,2026-09-02 10:25:34
TX-000816,ACC-1042,ACC-1065,card,183.50,EUR,ES,FR,2026-09-02,2026-09-02 08:35:48
TX-000817,ACC-1066,ACC-1106,card,369.13,EUR,DE,NL,2026-09-02,2026-09-02 18:22:54
TX-000818,ACC-1041,ACC-1024,cash_deposit,442.01,EUR,PL,ES,2026-09-02,2026-09-02 10:07:39
TX-000819,ACC-1062,ACC-1113,cash_deposit,219.32,EUR,PL,ES,2026-09-02,2026-09-02 20:33:59
TX-000820,ACC-1022,ACC-1124,wire,1268.50,EUR,FR,ES,2026-09-02,2026-09-02 13:53:10
TX-000821,ACC-1063,ACC-1116,wire,128.28,EUR,ES,DE,2026-09-02,2026-09-02 00:03:58
TX-000822,ACC-1070,ACC-1112,card,436.02,EUR,ES,DE,2026-09-02,2026-09-02 09:17:49
TX-000823,ACC-1133,ACC-1003,wire,195.84,EUR,IT,IT,2026-09-02,2026-09-02 23:27:37
TX-000824,ACC-1130,ACC-1069,card,139.33,EUR,PL,IT,2026-09-02,2026-09-02 10:07:43
TX-000825,ACC-1116,ACC-1081,wire,88.15,EUR,DE,NL,2026-09-02,2026-09-02 23:43:42
TX-000826,ACC-1130,ACC-1118,wire,112.06,EUR,PL,FR,2026-09-02,2026-09-02 15:37:33
TX-000827,ACC-1064,ACC-1074,wire,361.20,EUR,DE,ES,2026-09-02,2026-09-02 23:16:36
TX-000828,ACC-1001,ACC-1141,cash_deposit,107.29,EUR,FR,ES,2026-09-02,2026-09-02 07:08:02
TX-000829,ACC-1117,ACC-1023,wire,329.20,EUR,IT,FR,2026-09-02,2026-09-02 17:45:14
TX-000830,ACC-1037,ACC-1126,wire,70.47,EUR,IT,DE,2026-09-02,2026-09-02 00:56:01
TX-000831,ACC-1095,ACC-1010,wire,455.42,EUR,IT,ES,2026-09-02,2026-09-02 08:05:24
TX-000832,ACC-1128,ACC-1098,card,44.07,EUR,ES,IT,2026-09-02,2026-09-02 10:28:42
TX-000833,ACC-1007,ACC-1061,wire,116.31,EUR,PL,FR,2026-09-02,2026-09-02 17:22:53
TX-000834,ACC-1023,ACC-1021,cash_deposit,67.29,EUR,FR,PL,2026-09-02,2026-09-02 04:40:33
TX-000835,ACC-1116,ACC-1138,cash_deposit,89.07,EUR,DE,IT,2026-09-02,2026-09-02 08:48:26
TX-000836,ACC-1095,ACC-1101,wire,51.21,EUR,IT,PL,2026-09-02,2026-09-02 18:05:55
TX-000837,ACC-1035,ACC-1061,card,140.05,EUR,ES,FR,2026-09-02,2026-09-02 23:00:07
TX-000838,ACC-1072,ACC-1057,wire,53.66,EUR,IT,ES,2026-09-02,2026-09-02 10:14:29
TX-000839,ACC-1014,ACC-1063,wire,178.54,EUR,PL,ES,2026-09-02,2026-09-02 09:30:52
TX-000840,ACC-1074,ACC-1081,card,101.03,EUR,ES,NL,2026-09-02,2026-09-02 17:12:38
TX-000841,ACC-1011,ACC-1080,cash_deposit,276.89,EUR,NL,NL,2026-09-02,2026-09-02 05:47:58
TX-000842,ACC-1022,ACC-1144,card,200.66,EUR,FR,FR,2026-09-02,2026-09-02 08:42:56
TX-000843,ACC-1117,ACC-1094,card,97.31,EUR,IT,ES,2026-09-02,2026-09-02 22:14:49
TX-000844,ACC-1106,ACC-1042,wire,92.93,EUR,NL,ES,2026-09-02,2026-09-02 10:31:46
TX-000845,ACC-1085,ACC-1041,crypto,143.45,EUR,ES,PL,2026-09-02,2026-09-02 11:18:56
TX-000846,ACC-1112,ACC-1064,card,299.13,EUR,DE,DE,2026-09-02,2026-09-02 14:13:34
TX-000847,ACC-1145,ACC-1004,wire,1054.03,EUR,FR,PL,2026-09-02,2026-09-02 10:04:28
TX-000848,ACC-1028,ACC-1132,card,509.40,EUR,FR,FR,2026-09-02,2026-09-02 23:48:43
TX-000849,ACC-1059,ACC-1110,wire,125.95,EUR,PL,IT,2026-09-02,2026-09-02 11:43:51
TX-000850,ACC-1041,ACC-1042,cash_deposit,86.28,EUR,PL,ES,2026-09-02,2026-09-02 15:44:46
TX-000851,ACC-1081,ACC-1065,card,165.08,EUR,NL,FR,2026-09-02,2026-09-02 17:58:12
TX-000852,ACC-1112,ACC-1062,wire,45.64,EUR,DE,PL,2026-09-02,2026-09-02 10:45:17
TX-000853,ACC-1104,ACC-1009,wire,388.17,EUR,PL,DE,2026-09-02,2026-09-02 08:00:43
TX-000854,ACC-1021,ACC-1075,wire,47.54,EUR,PL,PL,2026-09-02,2026-09-02 19:45:03
TX-000855,ACC-1077,ACC-1006,card,207.88,EUR,IT,ES,2026-09-02,2026-09-02 00:42:50
TX-000856,ACC-1053,ACC-1078,card,31.24,EUR,DE,IT,2026-09-02,2026-09-02 16:57:27
TX-000857,ACC-1046,ACC-1002,card,49.97,EUR,NL,ES,2026-09-02,2026-09-02 21:55:39
TX-000858,ACC-1020,ACC-1062,card,441.56,EUR,IT,PL,2026-09-02,2026-09-02 21:37:46
TX-000859,ACC-1130,ACC-1026,wire,45.30,EUR,PL,PL,2026-09-02,2026-09-02 01:55:19
TX-000860,ACC-1029,ACC-1074,wire,65.32,EUR,FR,ES,2026-09-02,2026-09-02 02:56:58
TX-000861,ACC-1013,ACC-1096,wire,244.28,EUR,ES,FR,2026-09-02,2026-09-02 07:41:49
TX-000862,ACC-1038,ACC-1043,card,420.74,EUR,NL,IT,2026-09-02,2026-09-02 08:40:08
TX-000863,ACC-1016,ACC-1097,card,149.13,EUR,ES,FR,2026-09-02,2026-09-02 01:35:43
TX-000864,ACC-1078,ACC-1027,crypto,102.31,EUR,IT,ES,2026-09-02,2026-09-02 22:35:59
TX-000865,ACC-1077,ACC-1096,card,237.19,EUR,IT,FR,2026-09-02,2026-09-02 14:05:44
TX-000866,ACC-1020,ACC-1131,card,146.96,EUR,IT,FR,2026-09-02,2026-09-02 20:09:14
TX-000867,ACC-1036,ACC-1089,card,315.59,EUR,ES,NL,2026-09-02,2026-09-02 04:56:31
TX-000868,ACC-1102,ACC-1067,card,83.26,EUR,NL,FR,2026-09-02,2026-09-02 11:59:10
TX-000869,ACC-1063,ACC-1082,wire,611.63,EUR,ES,IT,2026-09-02,2026-09-02 19:45:03
TX-000870,ACC-1103,ACC-1051,wire,85.17,EUR,FR,FR,2026-09-02,2026-09-02 23:20:19
TX-000871,ACC-1032,ACC-1137,card,252.12,EUR,DE,IT,2026-09-02,2026-09-02 19:56:52
TX-000872,ACC-1070,ACC-1127,wire,96.18,EUR,ES,DE,2026-09-02,2026-09-02 05:00:32
TX-000873,ACC-1098,ACC-1088,card,82.33,EUR,IT,ES,2026-09-02,2026-09-02 09:41:42
TX-000874,ACC-1076,ACC-1143,wire,113.06,EUR,NL,PL,2026-09-02,2026-09-02 08:46:30
TX-000875,ACC-1061,ACC-1063,wire,149.76,EUR,FR,ES,2026-09-02,2026-09-02 08:43:59
TX-000876,ACC-1068,ACC-1062,cash_deposit,213.10,EUR,PL,PL,2026-09-02,2026-09-02 08:15:04
TX-000877,ACC-1104,ACC-1032,wire,958.97,EUR,PL,DE,2026-09-02,2026-09-02 10:18:05
TX-000878,ACC-1098,ACC-1015,card,176.01,EUR,IT,DE,2026-09-02,2026-09-02 04:25:39
TX-000879,ACC-1149,ACC-1105,wire,48.61,EUR,FR,NL,2026-09-02,2026-09-02 02:18:18
TX-000880,ACC-1137,ACC-1085,card,53.74,EUR,IT,ES,2026-09-02,2026-09-02 04:32:53
TX-000881,ACC-1143,ACC-1059,card,115.96,EUR,PL,PL,2026-09-02,2026-09-02 00:54:32
TX-000882,ACC-1049,ACC-1077,card,98.78,EUR,PL,IT,2026-09-02,2026-09-02 19:38:47
TX-000883,ACC-1138,ACC-1078,card,57.24,EUR,IT,IT,2026-09-02,2026-09-02 21:07:01
TX-000884,ACC-1050,ACC-1081,card,61.17,EUR,PL,NL,2026-09-02,2026-09-02 03:02:10
TX-000885,ACC-1030,ACC-1117,cash_deposit,95.87,EUR,PL,IT,2026-09-02,2026-09-02 11:01:01
TX-000886,ACC-1116,ACC-1099,card,232.63,EUR,DE,PL,2026-09-02,2026-09-02 02:34:10
TX-000887,ACC-1017,ACC-1090,cash_deposit,142.43,EUR,IT,NL,2026-09-02,2026-09-02 21:38:32
TX-000888,ACC-1020,ACC-1103,card,45.66,EUR,IT,FR,2026-09-02,2026-09-02 05:26:31
TX-000889,ACC-1129,ACC-1066,card,610.66,EUR,PL,DE,2026-09-02,2026-09-02 22:54:37
TX-000890,ACC-1028,ACC-1133,card,38.43,EUR,FR,IT,2026-09-02,2026-09-02 03:30:08
TX-000891,ACC-1001,ACC-1052,wire,473.61,EUR,FR,DE,2026-09-02,2026-09-02 18:57:48
TX-000892,ACC-1035,ACC-1094,cash_deposit,104.68,EUR,ES,ES,2026-09-02,2026-09-02 21:07:38
TX-000893,ACC-1062,ACC-1117,card,78.12,EUR,PL,IT,2026-09-02,2026-09-02 21:42:18
TX-000894,ACC-1056,ACC-1140,card,71.38,EUR,DE,PL,2026-09-02,2026-09-02 01:11:56
TX-000895,ACC-1050,ACC-1003,card,147.38,EUR,PL,IT,2026-09-02,2026-09-02 04:00:48
TX-000896,ACC-1075,ACC-1006,cash_deposit,87.89,EUR,PL,ES,2026-09-02,2026-09-02 18:10:35
TX-000897,ACC-1130,ACC-1104,cash_deposit,269.61,EUR,PL,PL,2026-09-02,2026-09-02 09:51:38
TX-000898,ACC-1071,ACC-1070,wire,1427.36,EUR,NL,ES,2026-09-02,2026-09-02 20:56:47
TX-000899,ACC-1142,ACC-1099,card,266.87,EUR,DE,PL,2026-09-02,2026-09-02 17:10:08
TX-000900,ACC-1068,ACC-1052,wire,94.50,EUR,PL,DE,2026-09-02,2026-09-02 23:34:49
TX-000901,ACC-1042,ACC-1030,wire,135.20,EUR,ES,PL,2026-09-02,2026-09-02 04:24:40
TX-000902,ACC-1024,ACC-1132,card,185.44,EUR,ES,FR,2026-09-02,2026-09-02 19:11:58
TX-000903,ACC-1035,ACC-1105,wire,245.79,EUR,ES,NL,2026-09-02,2026-09-02 16:31:50
TX-000904,ACC-1042,ACC-1012,card,1255.68,EUR,ES,NL,2026-09-02,2026-09-02 16:11:01
TX-000905,ACC-1061,ACC-1084,card,56.45,EUR,FR,NL,2026-09-02,2026-09-02 01:03:21
TX-000906,ACC-1110,ACC-1035,card,34.31,EUR,IT,ES,2026-09-02,2026-09-02 15:33:01
TX-000907,ACC-1072,ACC-1081,wire,420.14,EUR,IT,NL,2026-09-02,2026-09-02 12:57:44
TX-000908,ACC-1023,ACC-1044,crypto,292.82,EUR,FR,FR,2026-09-02,2026-09-02 05:49:03
TX-000909,ACC-1009,ACC-1023,wire,147.75,EUR,DE,FR,2026-09-02,2026-09-02 16:38:46
TX-000910,ACC-1098,ACC-1003,wire,111.62,EUR,IT,IT,2026-09-02,2026-09-02 08:14:11
TX-000911,ACC-1083,ACC-1118,cash_deposit,393.83,EUR,NL,FR,2026-09-02,2026-09-02 20:45:10
TX-000912,ACC-1051,ACC-1002,wire,368.13,EUR,FR,ES,2026-09-02,2026-09-02 04:10:49
TX-000913,ACC-1119,ACC-1115,wire,312.11,EUR,PL,ES,2026-09-02,2026-09-02 19:41:20
TX-000914,ACC-1120,ACC-1079,wire,174.78,EUR,FR,IT,2026-09-02,2026-09-02 21:22:37
TX-000915,ACC-1065,ACC-1014,wire,112.66,EUR,FR,PL,2026-09-02,2026-09-02 02:41:19
TX-000916,ACC-1011,ACC-1067,wire,140.32,EUR,NL,FR,2026-09-02,2026-09-02 17:50:52
TX-000917,ACC-1010,ACC-1131,card,166.85,EUR,ES,FR,2026-09-02,2026-09-02 06:57:17
TX-000918,ACC-1016,ACC-1132,card,66.09,EUR,ES,FR,2026-09-02,2026-09-02 20:49:35
TX-000919,ACC-1062,ACC-1069,cash_deposit,73.59,EUR,PL,IT,2026-09-02,2026-09-02 13:44:43
TX-000920,ACC-1102,ACC-1126,card,233.02,EUR,NL,DE,2026-09-02,2026-09-02 04:52:55
TX-000921,ACC-1075,ACC-1089,wire,435.96,EUR,PL,NL,2026-09-02,2026-09-02 12:50:56
TX-000922,ACC-1055,ACC-1040,wire,387.58,EUR,IT,IT,2026-09-02,2026-09-02 20:59:02
TX-000923,ACC-1031,ACC-1035,cash_deposit,207.43,EUR,PL,ES,2026-09-02,2026-09-02 14:40:56
TX-000924,ACC-1102,ACC-1104,card,337.75,EUR,NL,PL,2026-09-02,2026-09-02 23:54:55
TX-000925,ACC-1032,ACC-1015,card,174.99,EUR,DE,DE,2026-09-02,2026-09-02 14:02:10
TX-000926,ACC-1103,ACC-1036,card,187.31,EUR,FR,ES,2026-09-02,2026-09-02 18:58:56
TX-000927,ACC-1070,ACC-1004,wire,208.02,EUR,ES,PL,2026-09-02,2026-09-02 11:43:07
TX-000928,ACC-1078,ACC-1041,card,171.45,EUR,IT,PL,2026-09-02,2026-09-02 00:02:58
TX-000929,ACC-1011,ACC-1130,card,40.69,EUR,NL,PL,2026-09-02,2026-09-02 18:57:15
TX-000930,ACC-1006,ACC-1105,wire,63.25,EUR,ES,NL,2026-09-02,2026-09-02 21:43:27
TX-000931,ACC-1063,ACC-1010,wire,454.50,EUR,ES,ES,2026-09-02,2026-09-02 23:51:20
TX-000932,ACC-1044,ACC-1000,card,265.95,EUR,FR,NL,2026-09-02,2026-09-02 10:42:51
TX-000933,ACC-1013,ACC-1126,cash_deposit,66.63,EUR,ES,DE,2026-09-02,2026-09-02 05:57:57
TX-000934,ACC-1090,ACC-1067,card,106.10,EUR,NL,FR,2026-09-02,2026-09-02 23:06:47
TX-000935,ACC-1069,ACC-1076,card,165.35,EUR,IT,NL,2026-09-02,2026-09-02 18:30:21
TX-000936,ACC-1045,ACC-1088,cash_deposit,629.70,EUR,FR,ES,2026-09-02,2026-09-02 10:58:21
TX-000937,ACC-1031,ACC-1062,card,159.60,EUR,PL,PL,2026-09-02,2026-09-02 03:35:16
TX-000938,ACC-1003,ACC-1112,card,257.30,EUR,IT,DE,2026-09-02,2026-09-02 08:29:10
TX-000939,ACC-1026,ACC-1008,cash_deposit,106.43,EUR,PL,NL,2026-09-02,2026-09-02 18:27:18
TX-000940,ACC-1073,ACC-1059,card,345.15,EUR,ES,PL,2026-09-02,2026-09-02 07:30:16
TX-000941,ACC-1005,ACC-1137,wire,202.76,EUR,IT,IT,2026-09-02,2026-09-02 23:36:15
TX-000942,ACC-1115,ACC-1060,wire,76.88,EUR,ES,NL,2026-09-02,2026-09-02 01:00:13
TX-000943,ACC-1056,ACC-1002,card,138.23,EUR,DE,ES,2026-09-02,2026-09-02 06:39:16
TX-000944,ACC-1149,ACC-1113,cash_deposit,353.45,EUR,FR,ES,2026-09-02,2026-09-02 11:23:50
TX-000945,ACC-1078,ACC-1094,wire,154.33,EUR,IT,ES,2026-09-02,2026-09-02 21:22:01
TX-000946,ACC-1078,ACC-1100,cash_deposit,50.66,EUR,IT,PL,2026-09-02,2026-09-02 11:10:27
TX-000947,ACC-1125,ACC-1106,card,49.59,EUR,DE,NL,2026-09-02,2026-09-02 20:15:12
TX-000948,ACC-1038,ACC-1005,wire,263.74,EUR,NL,IT,2026-09-02,2026-09-02 01:03:38
TX-000949,ACC-1124,ACC-1096,card,96.51,EUR,ES,FR,2026-09-02,2026-09-02 22:39:41
TX-000950,ACC-1008,ACC-1149,cash_deposit,302.59,EUR,NL,FR,2026-09-02,2026-09-02 13:01:02
TX-000951,ACC-1140,ACC-1139,wire,60.55,EUR,PL,FR,2026-09-02,2026-09-02 09:46:39
TX-000952,ACC-1013,ACC-1094,wire,193.89,EUR,ES,ES,2026-09-02,2026-09-02 08:19:10
TX-000953,ACC-1062,ACC-1061,cash_deposit,141.22,EUR,PL,FR,2026-09-02,2026-09-02 04:37:36
TX-000954,ACC-1014,ACC-1064,card,87.44,EUR,PL,DE,2026-09-02,2026-09-02 16:24:39
TX-000955,ACC-1039,ACC-1099,cash_deposit,216.46,EUR,FR,PL,2026-09-02,2026-09-02 11:56:45
TX-000956,ACC-1101,ACC-1077,card,788.98,EUR,PL,IT,2026-09-02,2026-09-02 15:25:54
TX-000957,ACC-1003,ACC-1115,card,344.15,EUR,IT,ES,2026-09-02,2026-09-02 07:11:01
TX-000958,ACC-1100,ACC-1068,cash_deposit,537.50,EUR,PL,PL,2026-09-02,2026-09-02 18:45:42
TX-000959,ACC-1059,ACC-1077,card,107.37,EUR,PL,IT,2026-09-02,2026-09-02 10:14:15
TX-000960,ACC-1051,ACC-1052,card,94.91,EUR,FR,DE,2026-09-02,2026-09-02 12:42:54
TX-000961,ACC-1063,ACC-1030,cash_deposit,61.24,EUR,ES,PL,2026-09-02,2026-09-02 13:15:14
TX-000962,ACC-1086,ACC-1018,card,122.88,EUR,NL,FR,2026-09-02,2026-09-02 09:12:55
TX-000963,ACC-1086,ACC-1131,card,111.44,EUR,NL,FR,2026-09-02,2026-09-02 12:40:33
TX-000964,ACC-1009,ACC-1006,crypto,103.45,EUR,DE,ES,2026-09-02,2026-09-02 05:42:02
TX-000965,ACC-1094,ACC-1108,cash_deposit,69.59,EUR,ES,NL,2026-09-02,2026-09-02 23:17:42
TX-000966,ACC-1015,ACC-1059,crypto,65.45,EUR,DE,PL,2026-09-02,2026-09-02 22:24:34
TX-000967,ACC-1006,ACC-1053,card,106.35,EUR,ES,DE,2026-09-02,2026-09-02 08:01:42
TX-000968,ACC-1036,ACC-1103,card,218.28,EUR,ES,FR,2026-09-02,2026-09-02 01:44:05
TX-000969,ACC-1127,ACC-1107,wire,393.85,EUR,DE,DE,2026-09-02,2026-09-02 01:46:26
TX-000970,ACC-1032,ACC-1098,wire,119.03,EUR,DE,IT,2026-09-02,2026-09-02 15:32:34
TX-000971,ACC-1034,ACC-1141,wire,119.72,EUR,FR,ES,2026-09-02,2026-09-02 11:20:59
TX-000972,ACC-1106,ACC-1100,card,68.44,EUR,NL,PL,2026-09-02,2026-09-02 00:57:56
TX-000973,ACC-1017,ACC-1056,wire,435.52,EUR,IT,DE,2026-09-02,2026-09-02 16:40:02
TX-000974,ACC-1147,ACC-1145,card,30.93,EUR,DE,FR,2026-09-02,2026-09-02 07:02:29
TX-000975,ACC-1132,ACC-1035,wire,236.42,EUR,FR,ES,2026-09-02,2026-09-02 09:18:07
TX-000976,ACC-1121,ACC-1051,card,345.85,EUR,DE,FR,2026-09-02,2026-09-02 03:58:51
TX-000977,ACC-1093,ACC-1018,wire,18.37,EUR,NL,FR,2026-09-02,2026-09-02 23:40:00
TX-000978,ACC-1091,ACC-1013,cash_deposit,91.66,EUR,PL,ES,2026-09-02,2026-09-02 21:28:55
TX-000979,ACC-1105,ACC-1012,card,57.03,EUR,NL,NL,2026-09-02,2026-09-02 00:59:02
TX-000980,ACC-1025,ACC-1116,wire,128.45,EUR,FR,DE,2026-09-02,2026-09-02 14:49:17
TX-000981,ACC-1126,ACC-1045,wire,75.29,EUR,DE,FR,2026-09-02,2026-09-02 18:42:22
TX-000982,ACC-1013,ACC-1092,card,98.25,EUR,ES,IT,2026-09-02,2026-09-02 20:14:06
TX-000983,ACC-1131,ACC-1041,card,223.96,EUR,FR,PL,2026-09-02,2026-09-02 12:07:21
TX-000984,ACC-1070,ACC-1096,cash_deposit,284.53,EUR,ES,FR,2026-09-02,2026-09-02 05:01:35
TX-000985,ACC-1069,ACC-1144,crypto,210.33,EUR,IT,FR,2026-09-02,2026-09-02 12:05:06
TX-000986,ACC-1032,ACC-1065,cash_deposit,32.10,EUR,DE,FR,2026-09-02,2026-09-02 01:18:16
TX-000987,ACC-1116,ACC-1128,cash_deposit,150.64,EUR,DE,ES,2026-09-02,2026-09-02 22:52:43
TX-000988,ACC-1067,ACC-1052,card,383.16,EUR,FR,DE,2026-09-02,2026-09-02 18:51:27
TX-000989,ACC-1056,ACC-1128,crypto,111.92,EUR,DE,ES,2026-09-02,2026-09-02 10:34:17
TX-000990,ACC-1125,ACC-1111,card,180.37,EUR,DE,IT,2026-09-02,2026-09-02 06:17:10
TX-000991,ACC-1114,ACC-1028,card,76.96,EUR,PL,FR,2026-09-02,2026-09-02 06:24:17
TX-000992,ACC-1118,ACC-1142,wire,411.46,EUR,FR,DE,2026-09-02,2026-09-02 07:08:46
TX-000993,ACC-1094,ACC-1104,card,65.35,EUR,ES,PL,2026-09-02,2026-09-02 13:56:48
TX-000994,ACC-1138,ACC-1066,card,409.59,EUR,IT,DE,2026-09-02,2026-09-02 04:47:43
TX-000995,ACC-1003,ACC-1002,wire,196.59,EUR,IT,ES,2026-09-02,2026-09-02 23:01:26
TX-000996,ACC-1039,ACC-1002,wire,111.77,EUR,FR,ES,2026-09-02,2026-09-02 02:54:59
TX-000997,ACC-1069,ACC-1103,wire,32.17,EUR,IT,FR,2026-09-02,2026-09-02 07:10:31
TX-000998,ACC-1086,ACC-1040,card,36.38,EUR,NL,IT,2026-09-02,2026-09-02 07:02:13
TX-000999,ACC-1004,ACC-1100,wire,359.30,EUR,PL,PL,2026-09-02,2026-09-02 01:03:39
TX-001000,ACC-1129,ACC-1133,card,236.40,EUR,PL,IT,2026-09-02,2026-09-02 21:52:15
TX-001001,ACC-1083,ACC-1008,wire,145.56,EUR,NL,NL,2026-09-02,2026-09-02 04:38:49
TX-001002,ACC-1035,ACC-1039,crypto,72.77,EUR,ES,FR,2026-09-02,2026-09-02 09:58:18
TX-001003,ACC-1020,ACC-1006,wire,117.99,EUR,IT,ES,2026-09-02,2026-09-02 07:56:54
TX-001004,ACC-1119,ACC-1052,wire,117.23,EUR,PL,DE,2026-09-02,2026-09-02 11:02:28
TX-001005,ACC-1114,ACC-1066,card,202.91,EUR,PL,DE,2026-09-02,2026-09-02 10:01:35
TX-001006,ACC-1042,ACC-1118,card,294.78,EUR,ES,FR,2026-09-02,2026-09-02 08:41:36
TX-001007,ACC-1087,ACC-1130,cash_deposit,99.69,EUR,PL,PL,2026-09-02,2026-09-02 20:12:55
TX-001008,ACC-1129,ACC-1060,wire,102.42,EUR,PL,NL,2026-09-02,2026-09-02 12:16:28
TX-001009,ACC-1031,ACC-1116,wire,21.78,EUR,PL,DE,2026-09-02,2026-09-02 14:52:32
TX-001010,ACC-1008,ACC-1075,wire,349.14,EUR,NL,PL,2026-09-02,2026-09-02 14:04:38
TX-001011,ACC-1113,ACC-1090,card,226.41,EUR,ES,NL,2026-09-02,2026-09-02 04:10:34
TX-001012,ACC-1026,ACC-1070,crypto,552.85,EUR,PL,ES,2026-09-02,2026-09-02 15:01:43
TX-001013,ACC-1057,ACC-1035,wire,66.54,EUR,ES,ES,2026-09-02,2026-09-02 20:30:33
TX-001014,ACC-1108,ACC-1112,cash_deposit,147.38,EUR,NL,DE,2026-09-02,2026-09-02 01:42:46
TX-001015,ACC-1106,ACC-1130,wire,98.08,EUR,NL,PL,2026-09-02,2026-09-02 01:14:54
TX-001016,ACC-1110,ACC-1118,cash_deposit,166.65,EUR,IT,FR,2026-09-02,2026-09-02 04:11:36
TX-001017,ACC-1032,ACC-1139,wire,372.81,EUR,DE,FR,2026-09-02,2026-09-02 23:02:06
TX-001018,ACC-1092,ACC-1096,wire,105.84,EUR,IT,FR,2026-09-02,2026-09-02 16:48:48
TX-001019,ACC-1128,ACC-1145,card,78.25,EUR,ES,FR,2026-09-02,2026-09-02 06:28:04
TX-001020,ACC-1062,ACC-1126,cash_deposit,439.68,EUR,PL,DE,2026-09-02,2026-09-02 21:42:06
TX-001021,ACC-1004,ACC-1133,crypto,115.79,EUR,PL,IT,2026-09-02,2026-09-02 19:34:13
TX-001022,ACC-1027,ACC-1134,wire,30.09,EUR,ES,IT,2026-09-02,2026-09-02 11:32:40
TX-001023,ACC-1093,ACC-1057,wire,27.07,EUR,NL,ES,2026-09-02,2026-09-02 11:41:00
TX-001024,ACC-1066,ACC-1040,wire,225.15,EUR,DE,IT,2026-09-02,2026-09-02 15:23:37
TX-001025,ACC-1101,ACC-1082,crypto,221.95,EUR,PL,IT,2026-09-02,2026-09-02 06:23:50
TX-001026,ACC-1009,ACC-1114,card,363.70,EUR,DE,PL,2026-09-02,2026-09-02 20:11:55
TX-001027,ACC-1060,ACC-1014,wire,254.34,EUR,NL,PL,2026-09-02,2026-09-02 20:41:53
TX-001028,ACC-1017,ACC-1012,wire,30.81,EUR,IT,NL,2026-09-02,2026-09-02 04:23:10
TX-001029,ACC-1135,ACC-1041,wire,71.32,EUR,DE,PL,2026-09-02,2026-09-02 07:56:32
TX-001030,ACC-1090,ACC-1024,wire,201.89,EUR,NL,ES,2026-09-02,2026-09-02 05:40:03
TX-001031,ACC-1144,ACC-1145,wire,97.89,EUR,FR,FR,2026-09-02,2026-09-02 10:43:55
TX-001032,ACC-1027,ACC-1034,wire,86.22,EUR,ES,FR,2026-09-02,2026-09-02 02:53:41
TX-001033,ACC-1092,ACC-1033,wire,85.15,EUR,IT,ES,2026-09-02,2026-09-02 16:51:26
TX-001034,ACC-1127,ACC-1067,card,328.05,EUR,DE,FR,2026-09-02,2026-09-02 09:28:14
TX-001035,ACC-1076,ACC-1043,cash_deposit,240.41,EUR,NL,IT,2026-09-02,2026-09-02 20:17:23
TX-001036,ACC-1082,ACC-1121,card,159.77,EUR,IT,DE,2026-09-02,2026-09-02 23:08:31
TX-001037,ACC-1100,ACC-1034,card,71.58,EUR,PL,FR,2026-09-02,2026-09-02 09:32:41
TX-001038,ACC-1007,ACC-1024,wire,149.18,EUR,PL,ES,2026-09-02,2026-09-02 04:50:31
TX-001039,ACC-1003,ACC-1107,cash_deposit,78.75,EUR,IT,DE,2026-09-02,2026-09-02 14:04:53
TX-001040,ACC-1006,ACC-1113,wire,90.58,EUR,ES,ES,2026-09-02,2026-09-02 19:59:12
TX-001041,ACC-1051,ACC-1102,card,105.11,EUR,FR,NL,2026-09-02,2026-09-02 08:22:06
TX-001042,ACC-1144,ACC-1058,card,205.98,EUR,FR,NL,2026-09-02,2026-09-02 11:28:20
TX-001043,ACC-1012,ACC-1123,wire,97.09,EUR,NL,ES,2026-09-02,2026-09-02 07:57:28
TX-001044,ACC-1110,ACC-1111,card,414.87,EUR,IT,IT,2026-09-02,2026-09-02 16:23:44
TX-001045,ACC-1095,ACC-1068,card,448.31,EUR,IT,PL,2026-09-02,2026-09-02 14:30:50
TX-001046,ACC-1126,ACC-1000,card,106.71,EUR,DE,NL,2026-09-02,2026-09-02 06:11:59
TX-001047,ACC-1055,ACC-1057,card,185.86,EUR,IT,ES,2026-09-02,2026-09-02 15:00:56
TX-001048,ACC-1031,ACC-1030,card,325.86,EUR,PL,PL,2026-09-02,2026-09-02 02:55:57
TX-001049,ACC-1025,ACC-1112,cash_deposit,153.03,EUR,FR,DE,2026-09-02,2026-09-02 21:59:21
TX-001050,ACC-1032,ACC-1148,wire,35.90,EUR,DE,PL,2026-09-02,2026-09-02 14:01:07
TX-001051,ACC-1013,ACC-1077,card,87.53,EUR,ES,IT,2026-09-02,2026-09-02 06:40:01
TX-001052,ACC-1057,ACC-1011,wire,143.60,EUR,ES,NL,2026-09-02,2026-09-02 18:30:39
TX-001053,ACC-1146,ACC-1109,wire,27.13,EUR,NL,PL,2026-09-02,2026-09-02 22:15:37
TX-001054,ACC-1098,ACC-1057,crypto,98.79,EUR,IT,ES,2026-09-02,2026-09-02 02:28:36
TX-001055,ACC-1121,ACC-1038,card,114.07,EUR,DE,NL,2026-09-02,2026-09-02 14:08:43
TX-001056,ACC-1078,ACC-1121,wire,125.50,EUR,IT,DE,2026-09-02,2026-09-02 02:36:05
TX-001057,ACC-1130,ACC-1088,wire,31.52,EUR,PL,ES,2026-09-02,2026-09-02 10:20:09
TX-001058,ACC-1040,ACC-1010,wire,103.33,EUR,IT,ES,2026-09-02,2026-09-02 18:01:15
TX-001059,ACC-1018,ACC-1003,card,172.96,EUR,FR,IT,2026-09-02,2026-09-02 04:58:33
TX-001060,ACC-1015,ACC-1114,cash_deposit,429.63,EUR,DE,PL,2026-09-02,2026-09-02 13:44:33
TX-001061,ACC-1053,ACC-1071,cash_deposit,35.66,EUR,DE,NL,2026-09-02,2026-09-02 08:48:16
TX-001062,ACC-1031,ACC-1036,wire,101.90,EUR,PL,ES,2026-09-02,2026-09-02 22:04:30
TX-001063,ACC-1080,ACC-1134,cash_deposit,153.60,EUR,NL,IT,2026-09-02,2026-09-02 19:30:49
TX-001064,ACC-1108,ACC-1020,card,49.06,EUR,NL,IT,2026-09-02,2026-09-02 09:43:27
TX-001065,ACC-1047,ACC-1035,wire,57.72,EUR,IT,ES,2026-09-02,2026-09-02 15:44:12
TX-001066,ACC-1100,ACC-1074,wire,90.67,EUR,PL,ES,2026-09-02,2026-09-02 10:25:38
TX-001067,ACC-1148,ACC-1081,card,283.68,EUR,PL,NL,2026-09-02,2026-09-02 05:57:58
TX-001068,ACC-1062,ACC-1091,card,132.47,EUR,PL,PL,2026-09-02,2026-09-02 21:54:40
TX-001069,ACC-1001,ACC-1129,wire,345.01,EUR,FR,PL,2026-09-02,2026-09-02 10:27:17
TX-001070,ACC-1034,ACC-1098,card,62.89,EUR,FR,IT,2026-09-02,2026-09-02 07:00:54
TX-001071,ACC-1095,ACC-1056,wire,156.80,EUR,IT,DE,2026-09-02,2026-09-02 20:25:49
TX-001072,ACC-1092,ACC-1110,card,98.84,EUR,IT,IT,2026-09-02,2026-09-02 23:29:11
TX-001073,ACC-1091,ACC-1045,card,67.59,EUR,PL,FR,2026-09-02,2026-09-02 14:02:44
TX-001074,ACC-1111,ACC-1035,card,198.34,EUR,IT,ES,2026-09-02,2026-09-02 08:38:11
TX-001075,ACC-1111,ACC-1112,wire,75.75,EUR,IT,DE,2026-09-02,2026-09-02 01:29:29
TX-001076,ACC-1108,ACC-1101,wire,66.63,EUR,NL,PL,2026-09-02,2026-09-02 19:46:51
TX-001077,ACC-1016,ACC-1035,wire,1271.25,EUR,ES,ES,2026-09-02,2026-09-02 19:07:57
TX-001078,ACC-1062,ACC-1056,card,47.74,EUR,PL,DE,2026-09-02,2026-09-02 21:30:23
TX-001079,ACC-1051,ACC-1078,card,734.40,EUR,FR,IT,2026-09-02,2026-09-02 13:01:05
TX-001080,ACC-1148,ACC-1094,wire,458.72,EUR,PL,ES,2026-09-02,2026-09-02 12:51:33
TX-001081,ACC-1058,ACC-1012,card,112.46,EUR,NL,NL,2026-09-02,2026-09-02 16:46:55
TX-001082,ACC-1083,ACC-1056,wire,651.97,EUR,NL,DE,2026-09-02,2026-09-02 16:20:58
TX-001083,ACC-1134,ACC-1104,card,42.80,EUR,IT,PL,2026-09-02,2026-09-02 21:21:05
TX-001084,ACC-1035,ACC-1054,wire,424.44,EUR,ES,FR,2026-09-02,2026-09-02 11:50:26
TX-001085,ACC-1109,ACC-1116,cash_deposit,299.37,EUR,PL,DE,2026-09-02,2026-09-02 05:57:47
TX-001086,ACC-1113,ACC-1013,card,30.10,EUR,ES,ES,2026-09-02,2026-09-02 14:52:33
TX-001087,ACC-1125,ACC-1007,wire,363.95,EUR,DE,PL,2026-09-02,2026-09-02 10:26:10
TX-001088,ACC-1093,ACC-1117,card,74.12,EUR,NL,IT,2026-09-02,2026-09-02 17:09:10
TX-001089,ACC-1022,ACC-1050,card,56.30,EUR,FR,PL,2026-09-02,2026-09-02 09:23:08
TX-001090,ACC-1147,ACC-1012,wire,45.11,EUR,DE,NL,2026-09-02,2026-09-02 03:09:32
TX-001091,ACC-1149,ACC-1032,wire,100.24,EUR,FR,DE,2026-09-02,2026-09-02 05:17:52
TX-001092,ACC-1014,ACC-1134,wire,428.69,EUR,PL,IT,2026-09-02,2026-09-02 04:28:09
TX-001093,ACC-1138,ACC-1039,card,61.72,EUR,IT,FR,2026-09-02,2026-09-02 11:43:52
TX-001094,ACC-1050,ACC-1107,cash_deposit,98.50,EUR,PL,DE,2026-09-02,2026-09-02 17:46:16
TX-001095,ACC-1032,ACC-1124,cash_deposit,354.17,EUR,DE,ES,2026-09-02,2026-09-02 12:08:50
TX-001096,ACC-1052,ACC-1039,wire,264.95,EUR,DE,FR,2026-09-02,2026-09-02 07:27:42
TX-001097,ACC-1115,ACC-1052,cash_deposit,129.68,EUR,ES,DE,2026-09-02,2026-09-02 21:07:38
TX-001098,ACC-1109,ACC-1056,wire,151.54,EUR,PL,DE,2026-09-02,2026-09-02 00:58:40
TX-001099,ACC-1021,ACC-1008,wire,59.51,EUR,PL,NL,2026-09-02,2026-09-02 17:52:51
TX-001100,ACC-1087,ACC-1010,wire,244.90,EUR,PL,ES,2026-09-02,2026-09-02 07:21:55
TX-001101,ACC-1105,ACC-1084,wire,63.12,EUR,NL,NL,2026-09-02,2026-09-02 21:14:06
TX-001102,ACC-1059,ACC-1025,cash_deposit,297.12,EUR,PL,FR,2026-09-02,2026-09-02 19:49:41
TX-001103,ACC-1089,ACC-1072,wire,39.68,EUR,NL,IT,2026-09-02,2026-09-02 20:37:46
TX-001104,ACC-1099,ACC-1139,card,289.28,EUR,PL,FR,2026-09-02,2026-09-02 06:22:16
TX-001105,ACC-1035,ACC-1123,crypto,647.42,EUR,ES,ES,2026-09-02,2026-09-02 08:48:46
TX-001106,ACC-1113,ACC-1142,wire,97.52,EUR,ES,DE,2026-09-02,2026-09-02 14:20:46
TX-001107,ACC-1006,ACC-1000,wire,386.84,EUR,ES,NL,2026-09-02,2026-09-02 04:03:00
TX-001108,ACC-1026,ACC-1078,wire,229.53,EUR,PL,IT,2026-09-02,2026-09-02 17:37:35
TX-001109,ACC-1018,ACC-1147,card,464.41,EUR,FR,DE,2026-09-02,2026-09-02 20:01:31
TX-001110,ACC-1051,ACC-1035,wire,215.79,EUR,FR,ES,2026-09-02,2026-09-02 08:43:38
TX-001111,ACC-1031,ACC-1144,card,191.87,EUR,PL,FR,2026-09-02,2026-09-02 05:56:19
TX-001112,ACC-1112,ACC-1041,card,92.28,EUR,DE,PL,2026-09-02,2026-09-02 04:45:03
TX-001113,ACC-1054,ACC-1098,wire,440.86,EUR,FR,IT,2026-09-02,2026-09-02 04:15:53
TX-001114,ACC-1019,ACC-1055,cash_deposit,417.55,EUR,NL,IT,2026-09-02,2026-09-02 13:51:21
TX-001115,ACC-1025,ACC-1082,wire,561.54,EUR,FR,IT,2026-09-02,2026-09-02 11:04:15
TX-001116,ACC-1049,ACC-1126,cash_deposit,1076.44,EUR,PL,DE,2026-09-02,2026-09-02 00:49:19
TX-001117,ACC-1044,ACC-1021,wire,351.97,EUR,FR,PL,2026-09-02,2026-09-02 02:22:33
TX-001118,ACC-1064,ACC-1046,wire,188.15,EUR,DE,NL,2026-09-02,2026-09-02 13:15:23
TX-001119,ACC-1090,ACC-1002,card,230.20,EUR,NL,ES,2026-09-02,2026-09-02 03:01:35
TX-001120,ACC-1103,ACC-1091,wire,66.27,EUR,FR,PL,2026-09-02,2026-09-02 04:22:27
TX-001121,ACC-1130,ACC-1140,cash_deposit,168.77,EUR,PL,PL,2026-09-02,2026-09-02 23:21:29
TX-001122,ACC-1051,ACC-1069,crypto,100.18,EUR,FR,IT,2026-09-02,2026-09-02 06:20:15
TX-001123,ACC-1022,ACC-1025,wire,250.56,EUR,FR,FR,2026-09-02,2026-09-02 14:57:06
TX-001124,ACC-1010,ACC-1054,wire,115.68,EUR,ES,FR,2026-09-02,2026-09-02 05:37:47
TX-001125,ACC-1034,ACC-1026,card,626.63,EUR,FR,PL,2026-09-02,2026-09-02 08:55:23
TX-001126,ACC-1032,ACC-1045,wire,22.91,EUR,DE,FR,2026-09-02,2026-09-02 22:03:41
TX-001127,ACC-1118,ACC-1055,wire,386.25,EUR,FR,IT,2026-09-02,2026-09-02 21:54:15
TX-001128,ACC-1100,ACC-1042,cash_deposit,212.34,EUR,PL,ES,2026-09-02,2026-09-02 11:46:29
TX-001129,ACC-1094,ACC-1039,wire,23.27,EUR,ES,FR,2026-09-02,2026-09-02 06:34:38
TX-001130,ACC-1028,ACC-1086,crypto,155.07,EUR,FR,NL,2026-09-02,2026-09-02 12:06:00
TX-001131,ACC-1024,ACC-1008,wire,129.41,EUR,ES,NL,2026-09-02,2026-09-02 15:31:44
TX-001132,ACC-1044,ACC-1124,wire,78.35,EUR,FR,ES,2026-09-02,2026-09-02 10:32:56
TX-001133,ACC-1079,ACC-1138,wire,115.84,EUR,IT,IT,2026-09-02,2026-09-02 01:16:57
TX-001134,ACC-1103,ACC-1074,wire,98.26,EUR,FR,ES,2026-09-02,2026-09-02 21:15:06
TX-001135,ACC-1068,ACC-1119,card,14.31,EUR,PL,PL,2026-09-02,2026-09-02 11:47:34
TX-001136,ACC-1127,ACC-1139,wire,98.17,EUR,DE,FR,2026-09-02,2026-09-02 20:54:29
TX-001137,ACC-1003,ACC-1056,wire,53.71,EUR,IT,DE,2026-09-02,2026-09-02 13:30:46
TX-001138,ACC-1036,ACC-1128,card,241.00,EUR,ES,ES,2026-09-02,2026-09-02 00:01:17
TX-001139,ACC-1055,ACC-1133,cash_deposit,120.01,EUR,IT,IT,2026-09-02,2026-09-02 12:07:51
TX-001140,ACC-1083,ACC-1069,crypto,358.65,EUR,NL,IT,2026-09-02,2026-09-02 08:49:58
TX-001141,ACC-1106,ACC-1146,wire,244.63,EUR,NL,NL,2026-09-02,2026-09-02 16:31:39
TX-001142,ACC-1058,ACC-1117,card,114.95,EUR,NL,IT,2026-09-02,2026-09-02 00:54:30
TX-001143,ACC-1031,ACC-1068,cash_deposit,148.18,EUR,PL,PL,2026-09-02,2026-09-02 20:11:45
TX-001144,ACC-1035,ACC-1048,card,260.10,EUR,ES,PL,2026-09-02,2026-09-02 10:01:00
TX-001145,ACC-1147,ACC-1016,wire,154.59,EUR,DE,ES,2026-09-02,2026-09-02 22:23:42
TX-001146,ACC-1037,ACC-1081,wire,41.06,EUR,IT,NL,2026-09-02,2026-09-02 01:36:12
TX-001147,ACC-1065,ACC-1129,card,144.01,EUR,FR,PL,2026-09-02,2026-09-02 01:30:39
TX-001148,ACC-1013,ACC-1080,card,425.39,EUR,ES,NL,2026-09-02,2026-09-02 05:47:57
TX-001149,ACC-1137,ACC-1146,card,59.87,EUR,IT,NL,2026-09-02,2026-09-02 06:49:08
TX-001150,ACC-1069,ACC-1016,cash_deposit,59.39,EUR,IT,ES,2026-09-02,2026-09-02 09:19:29
TX-001151,ACC-1037,ACC-1047,crypto,19.46,EUR,IT,IT,2026-09-02,2026-09-02 04:37:15
TX-001152,ACC-1149,ACC-1084,wire,493.59,EUR,FR,NL,2026-09-02,2026-09-02 19:37:27
TX-001153,ACC-1067,ACC-1049,card,45.44,EUR,FR,PL,2026-09-02,2026-09-02 14:44:21
TX-001154,ACC-1044,ACC-1026,crypto,242.83,EUR,FR,PL,2026-09-02,2026-09-02 05:55:28
TX-001155,ACC-1044,ACC-1098,card,130.24,EUR,FR,IT,2026-09-02,2026-09-02 06:23:25
TX-001156,ACC-1075,ACC-1096,card,23.92,EUR,PL,FR,2026-09-02,2026-09-02 16:55:22
TX-001157,ACC-1091,ACC-1134,wire,160.79,EUR,PL,IT,2026-09-02,2026-09-02 09:10:45
TX-001158,ACC-1129,ACC-1036,wire,104.38,EUR,PL,ES,2026-09-02,2026-09-02 01:35:13
TX-001159,ACC-1036,ACC-1046,card,47.40,EUR,ES,NL,2026-09-02,2026-09-02 00:37:12
TX-001160,ACC-1000,ACC-1030,wire,128.77,EUR,NL,PL,2026-09-02,2026-09-02 20:27:33
TX-001161,ACC-1126,ACC-1073,card,411.19,EUR,DE,ES,2026-09-02,2026-09-02 11:39:07
TX-001162,ACC-1125,ACC-1121,wire,67.79,EUR,DE,DE,2026-09-02,2026-09-02 19:16:20
TX-001163,ACC-1043,ACC-1061,wire,61.63,EUR,IT,FR,2026-09-02,2026-09-02 20:21:12
TX-001164,ACC-1018,ACC-1110,wire,398.58,EUR,FR,IT,2026-09-02,2026-09-02 02:06:17
TX-001165,ACC-1092,ACC-1075,wire,314.31,EUR,IT,PL,2026-09-02,2026-09-02 08:00:51
TX-001166,ACC-1118,ACC-1019,wire,126.89,EUR,FR,NL,2026-09-02,2026-09-02 09:02:23
TX-001167,ACC-1005,ACC-1096,wire,69.22,EUR,IT,FR,2026-09-02,2026-09-02 17:19:14
TX-001168,ACC-1096,ACC-1034,wire,134.73,EUR,FR,FR,2026-09-02,2026-09-02 16:34:00
TX-001169,ACC-1113,ACC-1117,card,275.07,EUR,ES,IT,2026-09-02,2026-09-02 22:36:07
TX-001170,ACC-1046,ACC-1038,card,400.38,EUR,NL,NL,2026-09-02,2026-09-02 13:20:53
TX-001171,ACC-1134,ACC-1075,card,133.35,EUR,IT,PL,2026-09-02,2026-09-02 23:43:02
TX-001172,ACC-1043,ACC-1024,card,173.78,EUR,IT,ES,2026-09-02,2026-09-02 09:19:27
TX-001173,ACC-1121,ACC-1006,card,88.31,EUR,DE,ES,2026-09-02,2026-09-02 07:42:21
TX-001174,ACC-1052,ACC-1127,wire,130.58,EUR,DE,DE,2026-09-02,2026-09-02 01:30:00
TX-001175,ACC-1014,ACC-1032,cash_deposit,608.77,EUR,PL,DE,2026-09-02,2026-09-02 20:30:53
TX-001176,ACC-1031,ACC-1046,wire,349.66,EUR,PL,NL,2026-09-02,2026-09-02 14:17:30
TX-001177,ACC-1093,ACC-1060,wire,215.39,EUR,NL,NL,2026-09-02,2026-09-02 06:12:43
TX-001178,ACC-1063,ACC-1079,cash_deposit,39.60,EUR,ES,IT,2026-09-02,2026-09-02 20:32:21
TX-001179,ACC-1121,ACC-1010,wire,338.53,EUR,DE,ES,2026-09-02,2026-09-02 09:32:34
TX-001180,ACC-1036,ACC-1101,wire,44.12,EUR,ES,PL,2026-09-02,2026-09-02 09:39:00
TX-001181,ACC-1038,ACC-1082,cash_deposit,516.41,EUR,NL,IT,2026-09-02,2026-09-02 01:45:02
TX-001182,ACC-1021,ACC-1057,wire,55.70,EUR,PL,ES,2026-09-02,2026-09-02 12:41:01
TX-001183,ACC-1149,ACC-1051,wire,100.54,EUR,FR,FR,2026-09-02,2026-09-02 10:26:37
TX-001184,ACC-1095,ACC-1019,wire,17.52,EUR,IT,NL,2026-09-02,2026-09-02 11:24:57
TX-001185,ACC-1145,ACC-1045,wire,73.63,EUR,FR,FR,2026-09-02,2026-09-02 03:27:14
TX-001186,ACC-1089,ACC-1066,card,495.32,EUR,NL,DE,2026-09-02,2026-09-02 10:11:12
TX-001187,ACC-1093,ACC-1074,cash_deposit,250.19,EUR,NL,ES,2026-09-02,2026-09-02 14:48:41
TX-001188,ACC-1116,ACC-1109,wire,327.00,EUR,DE,PL,2026-09-02,2026-09-02 03:06:19
TX-001189,ACC-1041,ACC-1074,wire,240.67,EUR,PL,ES,2026-09-02,2026-09-02 18:12:33
TX-001190,ACC-1010,ACC-1127,card,110.93,EUR,ES,DE,2026-09-02,2026-09-02 15:19:51
TX-001191,ACC-1148,ACC-1009,wire,83.01,EUR,PL,DE,2026-09-02,2026-09-02 10:54:47
TX-001192,ACC-1112,ACC-1071,card,50.79,EUR,DE,NL,2026-09-02,2026-09-02 17:47:51
TX-001193,ACC-1065,ACC-1082,crypto,204.39,EUR,FR,IT,2026-09-02,2026-09-02 22:21:37
TX-001194,ACC-1118,ACC-1050,card,87.54,EUR,FR,PL,2026-09-02,2026-09-02 03:39:16
TX-001195,ACC-1061,ACC-1135,card,99.93,EUR,FR,DE,2026-09-02,2026-09-02 19:49:50
TX-001196,ACC-1055,ACC-1127,card,145.80,EUR,IT,DE,2026-09-02,2026-09-02 13:16:26
TX-001197,ACC-1032,ACC-1117,card,227.47,EUR,DE,IT,2026-09-02,2026-09-02 21:36:55
TX-001198,ACC-1019,ACC-1012,wire,54.76,EUR,NL,NL,2026-09-02,2026-09-02 04:27:51
TX-001199,ACC-1095,ACC-1105,card,590.86,EUR,IT,NL,2026-09-02,2026-09-02 08:56:44
TX-001200,ACC-1047,ACC-1120,wire,126.63,EUR,IT,FR,2026-09-02,2026-09-02 20:22:18
TX-001201,ACC-1087,ACC-1142,wire,221.45,EUR,PL,DE,2026-09-02,2026-09-02 06:26:37
TX-001202,ACC-1110,ACC-1107,crypto,41.89,EUR,IT,DE,2026-09-02,2026-09-02 09:20:34
TX-001203,ACC-1084,ACC-1026,card,662.80,EUR,NL,PL,2026-09-02,2026-09-02 06:27:15
TX-001204,ACC-1132,ACC-1085,card,399.11,EUR,FR,ES,2026-09-02,2026-09-02 23:49:50
TX-001205,ACC-1069,ACC-1027,card,131.35,EUR,IT,ES,2026-09-02,2026-09-02 08:51:46
TX-001206,ACC-1129,ACC-1023,wire,31.26,EUR,PL,FR,2026-09-02,2026-09-02 20:58:29
TX-001207,ACC-1062,ACC-1038,wire,161.09,EUR,PL,NL,2026-09-02,2026-09-02 16:16:21
TX-001208,ACC-1036,ACC-1015,wire,189.32,EUR,ES,DE,2026-09-02,2026-09-02 06:55:49
TX-001209,ACC-1039,ACC-1013,wire,59.74,EUR,FR,ES,2026-09-02,2026-09-02 12:41:30
TX-001210,ACC-1036,ACC-1084,wire,435.41,EUR,ES,NL,2026-09-02,2026-09-02 23:40:26
TX-001211,ACC-1089,ACC-1097,card,460.63,EUR,NL,FR,2026-09-02,2026-09-02 09:40:05
TX-001212,ACC-1063,ACC-1126,card,206.06,EUR,ES,DE,2026-09-02,2026-09-02 01:47:05
TX-001213,ACC-1062,ACC-1076,card,271.37,EUR,PL,NL,2026-09-02,2026-09-02 05:27:27
TX-001214,ACC-1026,ACC-1117,wire,206.94,EUR,PL,IT,2026-09-02,2026-09-02 01:07:23
TX-001215,ACC-1064,ACC-1087,wire,495.61,EUR,DE,PL,2026-09-02,2026-09-02 22:00:07
TX-001216,ACC-1029,ACC-1054,cash_deposit,137.82,EUR,FR,FR,2026-09-02,2026-09-02 11:48:27
TX-001217,ACC-1069,ACC-1094,wire,37.70,EUR,IT,ES,2026-09-02,2026-09-02 23:40:33
TX-001218,ACC-1149,ACC-1101,wire,623.31,EUR,FR,PL,2026-09-02,2026-09-02 15:18:36
TX-001219,ACC-1149,ACC-1082,wire,450.27,EUR,FR,IT,2026-09-02,2026-09-02 11:55:19
TX-001220,ACC-1018,ACC-1067,card,129.12,EUR,FR,FR,2026-09-02,2026-09-02 12:25:25
TX-001221,ACC-1121,ACC-1140,wire,48.10,EUR,DE,PL,2026-09-02,2026-09-02 09:42:39
TX-001222,ACC-1110,ACC-1111,wire,251.06,EUR,IT,IT,2026-09-02,2026-09-02 01:27:09
TX-001223,ACC-1038,ACC-1036,wire,175.21,EUR,NL,ES,2026-09-02,2026-09-02 20:32:53
TX-001224,ACC-1058,ACC-1148,wire,498.03,EUR,NL,PL,2026-09-02,2026-09-02 20:57:18
TX-001225,ACC-1082,ACC-1073,wire,181.95,EUR,IT,ES,2026-09-02,2026-09-02 18:55:48
TX-001226,ACC-1089,ACC-1075,cash_deposit,102.54,EUR,NL,PL,2026-09-02,2026-09-02 20:27:15
TX-001227,ACC-1090,ACC-1054,card,248.92,EUR,NL,FR,2026-09-02,2026-09-02 05:23:27
TX-001228,ACC-1010,ACC-1077,wire,592.28,EUR,ES,IT,2026-09-02,2026-09-02 10:10:17
TX-001229,ACC-1051,ACC-1032,cash_deposit,277.54,EUR,FR,DE,2026-09-02,2026-09-02 00:45:21
TX-001230,ACC-1055,ACC-1114,cash_deposit,294.84,EUR,IT,PL,2026-09-02,2026-09-02 06:15:08
TX-001231,ACC-1024,ACC-1127,wire,133.55,EUR,ES,DE,2026-09-02,2026-09-02 19:21:50
TX-001232,ACC-1032,ACC-1040,wire,126.07,EUR,DE,IT,2026-09-02,2026-09-02 23:11:25
TX-001233,ACC-1027,ACC-1059,wire,240.66,EUR,ES,PL,2026-09-02,2026-09-02 21:46:49
TX-001234,ACC-1101,ACC-1078,crypto,371.20,EUR,PL,IT,2026-09-02,2026-09-02 15:51:37
TX-001235,ACC-1145,ACC-1034,wire,265.34,EUR,FR,FR,2026-09-02,2026-09-02 03:28:03
TX-001236,ACC-1016,ACC-1099,card,612.63,EUR,ES,PL,2026-09-02,2026-09-02 18:39:52
TX-001237,ACC-1110,ACC-1088,crypto,660.10,EUR,IT,ES,2026-09-02,2026-09-02 03:22:55
TX-001238,ACC-1052,ACC-1144,cash_deposit,91.27,EUR,DE,FR,2026-09-02,2026-09-02 16:35:49
TX-001239,ACC-1087,ACC-1042,card,63.37,EUR,PL,ES,2026-09-02,2026-09-02 08:25:35
TX-001240,ACC-1114,ACC-1014,card,87.83,EUR,PL,PL,2026-09-02,2026-09-02 05:54:20
TX-001241,ACC-1106,ACC-1005,cash_deposit,76.54,EUR,NL,IT,2026-09-02,2026-09-02 13:33:53
TX-001242,ACC-1042,ACC-1005,card,150.75,EUR,ES,IT,2026-09-02,2026-09-02 15:11:07
TX-001243,ACC-1026,ACC-1092,cash_deposit,61.36,EUR,PL,IT,2026-09-02,2026-09-02 10:28:03
TX-001244,ACC-1008,ACC-1036,wire,99.87,EUR,NL,ES,2026-09-02,2026-09-02 16:28:29
TX-001245,ACC-1040,ACC-1137,card,35.17,EUR,IT,IT,2026-09-02,2026-09-02 16:34:44
TX-001246,ACC-1099,ACC-1103,wire,1938.58,EUR,PL,FR,2026-09-02,2026-09-02 22:46:09
TX-001247,ACC-1015,ACC-1121,card,75.32,EUR,DE,DE,2026-09-02,2026-09-02 11:27:39
TX-001248,ACC-1121,ACC-1072,cash_deposit,65.06,EUR,DE,IT,2026-09-02,2026-09-02 10:00:59
TX-001249,ACC-1039,ACC-1032,wire,368.70,EUR,FR,DE,2026-09-02,2026-09-02 19:49:18
TX-001250,ACC-1019,ACC-1146,wire,561.75,EUR,NL,NL,2026-09-02,2026-09-02 19:50:57
TX-001251,ACC-1121,ACC-1070,wire,228.30,EUR,DE,ES,2026-09-02,2026-09-02 22:09:30
TX-001252,ACC-1120,ACC-1048,card,150.95,EUR,FR,PL,2026-09-02,2026-09-02 15:15:13
TX-001253,ACC-1094,ACC-1032,cash_deposit,268.11,EUR,ES,DE,2026-09-02,2026-09-02 08:37:30
TX-001254,ACC-1060,ACC-1131,wire,367.18,EUR,NL,FR,2026-09-02,2026-09-02 23:32:11
TX-001255,ACC-1054,ACC-1011,card,52.62,EUR,FR,NL,2026-09-02,2026-09-02 03:18:46
TX-001256,ACC-1106,ACC-1142,cash_deposit,138.25,EUR,NL,DE,2026-09-02,2026-09-02 01:02:36
TX-001257,ACC-1109,ACC-1055,card,195.61,EUR,PL,IT,2026-09-02,2026-09-02 03:45:00
TX-001258,ACC-1067,ACC-1113,crypto,59.49,EUR,FR,ES,2026-09-02,2026-09-02 01:42:17
TX-001259,ACC-1118,ACC-1039,card,380.97,EUR,FR,FR,2026-09-02,2026-09-02 15:47:02
TX-001260,ACC-1013,ACC-1051,wire,123.33,EUR,ES,FR,2026-09-02,2026-09-02 11:19:01
TX-001261,SMURF-01,MULE-HUB-01,cash_deposit,980.42,EUR,ES,FR,2026-09-02,2026-09-02 09:44:48
TX-001262,SMURF-01,MULE-HUB-01,cash_deposit,912.88,EUR,ES,FR,2026-09-02,2026-09-02 12:47:37
TX-001263,SMURF-01,MULE-HUB-01,cash_deposit,912.37,EUR,ES,FR,2026-09-02,2026-09-02 09:06:24
TX-001264,SMURF-01,MULE-HUB-01,cash_deposit,966.50,EUR,ES,FR,2026-09-02,2026-09-02 09:53:45
TX-001265,SMURF-02,MULE-HUB-01,cash_deposit,922.64,EUR,FR,FR,2026-09-02,2026-09-02 10:03:19
TX-001266,SMURF-02,MULE-HUB-01,cash_deposit,912.12,EUR,FR,FR,2026-09-02,2026-09-02 09:00:07
TX-001267,SMURF-02,MULE-HUB-01,cash_deposit,903.36,EUR,FR,FR,2026-09-02,2026-09-02 14:50:19
TX-001268,SMURF-02,MULE-HUB-01,cash_deposit,912.08,EUR,FR,FR,2026-09-02,2026-09-02 10:02:27
TX-001269,SMURF-03,MULE-HUB-01,cash_deposit,955.43,EUR,DE,FR,2026-09-02,2026-09-02 17:11:12
TX-001270,SMURF-03,MULE-HUB-01,cash_deposit,936.33,EUR,DE,FR,2026-09-02,2026-09-02 15:16:42
TX-001271,SMURF-03,MULE-HUB-01,cash_deposit,935.75,EUR,DE,FR,2026-09-02,2026-09-02 15:04:38
TX-001272,SMURF-03,MULE-HUB-01,cash_deposit,955.16,EUR,DE,FR,2026-09-02,2026-09-02 17:41:26
TX-001273,SMURF-04,MULE-HUB-01,cash_deposit,922.88,EUR,FR,FR,2026-09-02,2026-09-02 13:32:22
TX-001274,SMURF-04,MULE-HUB-01,cash_deposit,924.13,EUR,FR,FR,2026-09-02,2026-09-02 16:43:16
TX-001275,SMURF-04,MULE-HUB-01,cash_deposit,965.07,EUR,FR,FR,2026-09-02,2026-09-02 12:18:35
TX-001276,SMURF-04,MULE-HUB-01,cash_deposit,969.28,EUR,FR,FR,2026-09-02,2026-09-02 13:21:43
TX-001277,SMURF-05,MULE-HUB-01,cash_deposit,928.47,EUR,FR,FR,2026-09-02,2026-09-02 11:22:02
TX-001278,SMURF-05,MULE-HUB-01,cash_deposit,948.44,EUR,FR,FR,2026-09-02,2026-09-02 15:14:40
TX-001279,SMURF-05,MULE-HUB-01,cash_deposit,922.98,EUR,FR,FR,2026-09-02,2026-09-02 11:54:08
TX-001280,SMURF-05,MULE-HUB-01,cash_deposit,909.51,EUR,FR,FR,2026-09-02,2026-09-02 09:32:32
TX-001281,SMURF-06,MULE-HUB-01,cash_deposit,926.46,EUR,FR,FR,2026-09-02,2026-09-02 15:32:03
TX-001282,SMURF-06,MULE-HUB-01,cash_deposit,922.06,EUR,FR,FR,2026-09-02,2026-09-02 15:30:27
TX-001283,SMURF-06,MULE-HUB-01,cash_deposit,984.54,EUR,FR,FR,2026-09-02,2026-09-02 13:22:33
TX-001284,SMURF-06,MULE-HUB-01,cash_deposit,970.00,EUR,FR,FR,2026-09-02,2026-09-02 15:37:51
TX-001285,SMURF-07,MULE-HUB-01,cash_deposit,954.87,EUR,DE,FR,2026-09-02,2026-09-02 10:06:06
TX-001286,SMURF-07,MULE-HUB-01,cash_deposit,979.32,EUR,DE,FR,2026-09-02,2026-09-02 16:24:21
TX-001287,SMURF-07,MULE-HUB-01,cash_deposit,917.19,EUR,DE,FR,2026-09-02,2026-09-02 11:48:20
TX-001288,SMURF-07,MULE-HUB-01,cash_deposit,905.80,EUR,DE,FR,2026-09-02,2026-09-02 14:09:45
TX-001289,SMURF-08,MULE-HUB-01,cash_deposit,946.84,EUR,DE,FR,2026-09-02,2026-09-02 09:58:57
TX-001290,SMURF-08,MULE-HUB-01,cash_deposit,973.81,EUR,DE,FR,2026-09-02,2026-09-02 16:20:08
TX-001291,SMURF-08,MULE-HUB-01,cash_deposit,924.15,EUR,DE,FR,2026-09-02,2026-09-02 17:08:04
TX-001292,SMURF-08,MULE-HUB-01,cash_deposit,952.02,EUR,DE,FR,2026-09-02,2026-09-02 13:12:36
TX-001293,SMURF-09,MULE-HUB-01,cash_deposit,920.53,EUR,IT,FR,2026-09-02,2026-09-02 15:14:01
TX-001294,SMURF-09,MULE-HUB-01,cash_deposit,942.94,EUR,IT,FR,2026-09-02,2026-09-02 10:10:19
TX-001295,SMURF-09,MULE-HUB-01,cash_deposit,973.58,EUR,IT,FR,2026-09-02,2026-09-02 14:23:18
TX-001296,SMURF-09,MULE-HUB-01,cash_deposit,923.55,EUR,IT,FR,2026-09-02,2026-09-02 12:48:05
TX-001297,SMURF-10,MULE-HUB-01,cash_deposit,923.58,EUR,ES,FR,2026-09-02,2026-09-02 10:12:06
TX-001298,SMURF-10,MULE-HUB-01,cash_deposit,976.72,EUR,ES,FR,2026-09-02,2026-09-02 13:28:09
TX-001299,SMURF-10,MULE-HUB-01,cash_deposit,937.41,EUR,ES,FR,2026-09-02,2026-09-02 16:16:00
TX-001300,SMURF-10,MULE-HUB-01,cash_deposit,967.74,EUR,ES,FR,2026-09-02,2026-09-02 09:46:55
TX-001301,SMURF-11,MULE-HUB-01,cash_deposit,939.13,EUR,ES,FR,2026-09-02,2026-09-02 14:41:44
TX-001302,SMURF-11,MULE-HUB-01,cash_deposit,954.32,EUR,ES,FR,2026-09-02,2026-09-02 15:33:04
TX-001303,SMURF-11,MULE-HUB-01,cash_deposit,960.88,EUR,ES,FR,2026-09-02,2026-09-02 11:47:11
TX-001304,SMURF-11,MULE-HUB-01,cash_deposit,902.79,EUR,ES,FR,2026-09-02,2026-09-02 13:49:01
TX-001305,SMURF-12,MULE-HUB-01,cash_deposit,950.35,EUR,IT,FR,2026-09-02,2026-09-02 12:56:47
TX-001306,SMURF-12,MULE-HUB-01,cash_deposit,960.34,EUR,IT,FR,2026-09-02,2026-09-02 12:08:54
TX-001307,SMURF-12,MULE-HUB-01,cash_deposit,952.95,EUR,IT,FR,2026-09-02,2026-09-02 14:48:55
TX-001308,SMURF-12,MULE-HUB-01,cash_deposit,926.72,EUR,IT,FR,2026-09-02,2026-09-02 17:15:10
TX-001309,MULE-HUB-01,RELAY-01,wire,22226.40,EUR,FR,PL,2026-09-02,2026-09-02 19:12:52
TX-001310,RELAY-01,OFFSHORE-77,crypto,21893.00,EUR,PL,KY,2026-09-02,2026-09-02 22:12:52
TX-001311,MULE-HUB-01,RELAY-02,wire,22226.40,EUR,FR,NL,2026-09-02,2026-09-02 21:25:22
TX-001312,RELAY-02,OFFSHORE-77,crypto,21893.00,EUR,NL,KY,2026-09-02,2026-09-02 23:25:22
TX-001313,SHELL-A,SHELL-B,wire,23400.00,EUR,ES,ES,2026-09-02,2026-09-02 11:21:26
TX-001314,SHELL-B,SHELL-C,wire,22815.00,EUR,ES,FR,2026-09-02,2026-09-02 10:30:35
TX-001315,SHELL-C,SHELL-D,wire,22244.62,EUR,FR,IT,2026-09-02,2026-09-02 10:21:00
TX-001316,SHELL-D,SHELL-A,wire,21688.50,EUR,IT,ES,2026-09-02,2026-09-02 11:29:13
TX-001317,SHELL-A,SHELL-B,wire,21146.29,EUR,ES,ES,2026-09-02,2026-09-02 16:23:38
TX-001318,SHELL-B,SHELL-C,wire,20617.63,EUR,ES,FR,2026-09-02,2026-09-02 15:31:18
TX-001319,SHELL-C,SHELL-D,wire,20102.19,EUR,FR,IT,2026-09-02,2026-09-02 15:50:43
TX-001320,SHELL-D,SHELL-A,wire,19599.64,EUR,IT,ES,2026-09-02,2026-09-02 15:45:25
