txn_id,txn_ts,txn_type,wallet_id,agent_id,partner_id,amount,fee,commission
T0000001,2026-07-01 06:45:00,CASH_IN,W000001,A02,,230.00,0.00,1.15
T0000002,2026-07-01 14:07:00,CASH_OUT,W000001,A12,,30.00,0.50,0.30
T0000003,2026-07-01 13:57:00,P2P,W000001,,,50.00,0.50,0.00
T0000004,2026-07-01 13:58:00,BILL_PAY,W000001,,P02,20.00,0.00,0.00
T0000005,2026-07-01 07:35:00,CASH_IN,W000002,A03,,260.00,0.00,1.30
T0000006,2026-07-01 16:18:00,CASH_OUT,W000002,A13,,40.00,0.50,0.40
T0000007,2026-07-01 15:16:00,P2P,W000002,,,30.00,0.50,0.00
T0000008,2026-07-01 10:03:00,CASH_IN,W000003,A04,,200.00,0.00,1.00
T0000009,2026-07-01 17:24:00,CASH_OUT,W000003,A14,,20.00,0.50,0.20
T0000010,2026-07-01 16:17:00,BANK_OUT,W000003,,,10.00,0.00,0.00
T0000011,2026-07-01 07:40:00,CASH_IN,W000004,A05,,270.00,0.00,1.35
T0000012,2026-07-01 15:19:00,CASH_OUT,W000004,A15,,20.00,0.50,0.20
T0000013,2026-07-01 13:36:00,P2P,W000004,,,60.00,0.60,0.00
T0000014,2026-07-01 13:39:00,BILL_PAY,W000004,,P02,10.00,0.00,0.00
T0000015,2026-07-01 08:39:00,CASH_IN,W000005,A06,,330.00,0.00,1.65
T0000016,2026-07-01 13:48:00,CASH_OUT,W000005,A16,,30.00,0.50,0.30
T0000017,2026-07-01 07:17:00,CASH_IN,W000006,A07,,80.00,0.00,0.40
T0000018,2026-07-01 18:16:00,CASH_OUT,W000006,A17,,20.00,0.50,0.20
T0000019,2026-07-01 18:01:00,P2P,W000006,,,50.00,0.50,0.00
T0000020,2026-07-01 08:54:00,CASH_IN,W000007,A08,,150.00,0.00,0.75
T0000021,2026-07-01 18:24:00,CASH_OUT,W000007,A18,,60.00,0.60,0.60
T0000022,2026-07-01 06:04:00,CASH_IN,W000008,A09,,120.00,0.00,0.60
T0000023,2026-07-01 18:12:00,CASH_OUT,W000008,A19,,40.00,0.50,0.40
T0000024,2026-07-01 15:26:00,P2P,W000008,,,60.00,0.60,0.00
T0000025,2026-07-01 06:18:00,CASH_IN,W000009,A10,,100.00,0.00,0.50
T0000026,2026-07-01 13:32:00,CASH_OUT,W000009,A20,,10.00,0.50,0.10
T0000027,2026-07-01 19:38:00,P2P,W000009,,,20.00,0.50,0.00
T0000028,2026-07-01 14:59:00,BILL_PAY,W000009,,P01,20.00,0.00,0.00
T0000029,2026-07-01 16:41:00,BANK_OUT,W000009,,,50.00,0.00,0.00
T0000030,2026-07-01 07:35:00,CASH_IN,W000010,A01,,130.00,0.00,0.65
T0000031,2026-07-01 16:10:00,CASH_OUT,W000010,A11,,40.00,0.50,0.40
T0000032,2026-07-01 14:49:00,BILL_PAY,W000010,,P02,60.00,0.00,0.00
T0000033,2026-07-01 07:06:00,CASH_IN,W000011,A02,,380.00,0.00,1.90
T0000034,2026-07-01 19:48:00,CASH_OUT,W000011,A12,,30.00,0.50,0.30
T0000035,2026-07-01 15:26:00,P2P,W000011,,,40.00,0.50,0.00
T0000036,2026-07-01 18:34:00,BILL_PAY,W000011,,P03,40.00,0.00,0.00
T0000037,2026-07-01 16:38:00,BANK_OUT,W000011,,,40.00,0.00,0.00
T0000038,2026-07-01 07:57:00,CASH_IN,W000012,A03,,250.00,0.00,1.25
T0000039,2026-07-01 14:50:00,CASH_OUT,W000012,A13,,50.00,0.50,0.50
T0000040,2026-07-01 12:56:00,P2P,W000012,,,20.00,0.50,0.00
T0000041,2026-07-01 18:07:00,BILL_PAY,W000012,,P01,30.00,0.00,0.00
T0000042,2026-07-01 06:01:00,CASH_IN,W000013,A04,,240.00,0.00,1.20
T0000043,2026-07-01 14:05:00,CASH_OUT,W000013,A14,,60.00,0.60,0.60
T0000044,2026-07-01 10:46:00,CASH_IN,W000014,A05,,180.00,0.00,0.90
T0000045,2026-07-01 18:23:00,CASH_OUT,W000014,A15,,50.00,0.50,0.50
T0000046,2026-07-01 10:42:00,CASH_IN,W000015,A06,,80.00,0.00,0.40
T0000047,2026-07-01 17:52:00,CASH_OUT,W000015,A16,,70.00,0.70,0.70
T0000048,2026-07-01 13:20:00,P2P,W000015,,,10.00,0.50,0.00
T0000049,2026-07-01 06:36:00,CASH_IN,W000016,A07,,80.00,0.00,0.40
T0000050,2026-07-01 12:01:00,CASH_OUT,W000016,A17,,30.00,0.50,0.30
T0000051,2026-07-01 14:45:00,P2P,W000016,,,70.00,0.70,0.00
T0000052,2026-07-01 09:26:00,BANK_IN,W000016,,,110.00,0.00,0.00
T0000053,2026-07-01 06:36:00,CASH_IN,W000017,A08,,380.00,0.00,1.90
T0000054,2026-07-01 16:51:00,CASH_OUT,W000017,A18,,40.00,0.50,0.40
T0000055,2026-07-01 10:24:00,CASH_IN,W000018,A09,,190.00,0.00,0.95
T0000056,2026-07-01 16:34:00,CASH_OUT,W000018,A19,,50.00,0.50,0.50
T0000057,2026-07-01 09:41:00,CASH_IN,W000019,A10,,390.00,0.00,1.95
T0000058,2026-07-01 17:11:00,CASH_OUT,W000019,A20,,10.00,0.50,0.10
T0000059,2026-07-01 17:29:00,P2P,W000019,,,30.00,0.50,0.00
T0000060,2026-07-01 17:52:00,BILL_PAY,W000019,,P02,70.00,0.00,0.00
T0000061,2026-07-01 06:57:00,CASH_IN,W000020,A01,,130.00,0.00,0.65
T0000062,2026-07-01 17:18:00,CASH_OUT,W000020,A11,,30.00,0.50,0.30
T0000063,2026-07-01 07:24:00,CASH_IN,W000021,A02,,100.00,0.00,0.50
T0000064,2026-07-01 13:11:00,CASH_OUT,W000021,A12,,30.00,0.50,0.30
T0000065,2026-07-01 18:54:00,BILL_PAY,W000021,,P01,40.00,0.00,0.00
T0000066,2026-07-01 08:54:00,CASH_IN,W000022,A03,,200.00,0.00,1.00
T0000067,2026-07-01 14:15:00,CASH_OUT,W000022,A13,,30.00,0.50,0.30
T0000068,2026-07-01 12:21:00,P2P,W000022,,,50.00,0.50,0.00
T0000069,2026-07-01 18:05:00,BILL_PAY,W000022,,P02,30.00,0.00,0.00
T0000070,2026-07-01 16:25:00,BANK_OUT,W000022,,,30.00,0.00,0.00
T0000071,2026-07-01 08:36:00,CASH_IN,W000023,A04,,310.00,0.00,1.55
T0000072,2026-07-01 18:05:00,CASH_OUT,W000023,A14,,20.00,0.50,0.20
T0000073,2026-07-01 09:47:00,BANK_IN,W000023,,,190.00,0.00,0.00
T0000074,2026-07-01 10:54:00,CASH_IN,W000024,A05,,270.00,0.00,1.35
T0000075,2026-07-01 19:26:00,CASH_OUT,W000024,A15,,60.00,0.60,0.60
T0000076,2026-07-01 14:12:00,BILL_PAY,W000024,,P01,20.00,0.00,0.00
T0000077,2026-07-01 07:21:00,CASH_IN,W000025,A06,,350.00,0.00,1.75
T0000078,2026-07-01 13:00:00,CASH_OUT,W000025,A16,,40.00,0.50,0.40
T0000079,2026-07-01 07:01:00,CASH_IN,W000026,A07,,280.00,0.00,1.40
T0000080,2026-07-01 16:18:00,CASH_OUT,W000026,A17,,40.00,0.50,0.40
T0000081,2026-07-01 06:52:00,CASH_IN,W000027,A08,,360.00,0.00,1.80
T0000082,2026-07-01 15:14:00,CASH_OUT,W000027,A18,,60.00,0.60,0.60
T0000083,2026-07-01 16:26:00,P2P,W000027,,,40.00,0.50,0.00
T0000084,2026-07-01 13:13:00,BILL_PAY,W000027,,P01,30.00,0.00,0.00
T0000085,2026-07-01 08:33:00,BANK_IN,W000027,,,240.00,0.00,0.00
T0000086,2026-07-01 07:45:00,CASH_IN,W000028,A09,,240.00,0.00,1.20
T0000087,2026-07-01 12:25:00,CASH_OUT,W000028,A19,,60.00,0.60,0.60
T0000088,2026-07-01 13:03:00,P2P,W000028,,,40.00,0.50,0.00
T0000089,2026-07-01 07:49:00,CASH_IN,W000029,A10,,170.00,0.00,0.85
T0000090,2026-07-01 19:52:00,CASH_OUT,W000029,A20,,40.00,0.50,0.40
T0000091,2026-07-01 13:29:00,P2P,W000029,,,60.00,0.60,0.00
T0000092,2026-07-01 09:48:00,CASH_IN,W000030,A01,,260.00,0.00,1.30
T0000093,2026-07-01 16:22:00,CASH_OUT,W000030,A11,,70.00,0.70,0.70
T0000094,2026-07-01 19:32:00,P2P,W000030,,,40.00,0.50,0.00
T0000095,2026-07-01 10:51:00,CASH_IN,W000031,A02,,240.00,0.00,1.20
T0000096,2026-07-01 15:39:00,CASH_OUT,W000031,A12,,30.00,0.50,0.30
T0000097,2026-07-01 09:57:00,CASH_IN,W000032,A03,,140.00,0.00,0.70
T0000098,2026-07-01 17:42:00,CASH_OUT,W000032,A13,,20.00,0.50,0.20
T0000099,2026-07-01 10:08:00,CASH_IN,W000033,A04,,80.00,0.00,0.40
T0000100,2026-07-01 14:42:00,CASH_OUT,W000033,A14,,10.00,0.50,0.10
T0000101,2026-07-01 15:59:00,P2P,W000033,,,50.00,0.50,0.00
T0000102,2026-07-01 10:31:00,CASH_IN,W000034,A05,,170.00,0.00,0.85
T0000103,2026-07-01 17:36:00,CASH_OUT,W000034,A15,,20.00,0.50,0.20
T0000104,2026-07-01 09:37:00,CASH_IN,W000035,A06,,400.00,0.00,2.00
T0000105,2026-07-01 16:22:00,CASH_OUT,W000035,A16,,10.00,0.50,0.10
T0000106,2026-07-01 07:55:00,CASH_IN,W000036,A07,,140.00,0.00,0.70
T0000107,2026-07-01 12:39:00,CASH_OUT,W000036,A17,,70.00,0.70,0.70
T0000108,2026-07-01 09:22:00,BANK_IN,W000036,,,300.00,0.00,0.00
T0000109,2026-07-01 07:47:00,CASH_IN,W000037,A08,,120.00,0.00,0.60
T0000110,2026-07-01 13:30:00,CASH_OUT,W000037,A18,,60.00,0.60,0.60
T0000111,2026-07-01 14:15:00,P2P,W000037,,,50.00,0.50,0.00
T0000112,2026-07-01 09:10:00,CASH_IN,W000038,A09,,330.00,0.00,1.65
T0000113,2026-07-01 18:05:00,CASH_OUT,W000038,A19,,10.00,0.50,0.10
T0000114,2026-07-01 12:16:00,P2P,W000038,,,50.00,0.50,0.00
T0000115,2026-07-01 09:33:00,CASH_IN,W000039,A10,,90.00,0.00,0.45
T0000116,2026-07-01 16:27:00,CASH_OUT,W000039,A20,,30.00,0.50,0.30
T0000117,2026-07-01 09:47:00,CASH_IN,W000040,A01,,160.00,0.00,0.80
T0000118,2026-07-01 12:57:00,CASH_OUT,W000040,A11,,30.00,0.50,0.30
T0000119,2026-07-01 09:43:00,CASH_IN,W000041,A02,,330.00,0.00,1.65
T0000120,2026-07-01 12:00:00,CASH_OUT,W000041,A12,,30.00,0.50,0.30
T0000121,2026-07-01 09:48:00,CASH_IN,W000042,A03,,130.00,0.00,0.65
T0000122,2026-07-01 19:20:00,CASH_OUT,W000042,A13,,50.00,0.50,0.50
T0000123,2026-07-01 10:16:00,CASH_IN,W000043,A04,,280.00,0.00,1.40
T0000124,2026-07-01 17:46:00,CASH_OUT,W000043,A14,,50.00,0.50,0.50
T0000125,2026-07-01 09:57:00,CASH_IN,W000044,A05,,300.00,0.00,1.50
T0000126,2026-07-01 14:35:00,CASH_OUT,W000044,A15,,20.00,0.50,0.20
T0000127,2026-07-01 08:04:00,CASH_IN,W000045,A06,,360.00,0.00,1.80
T0000128,2026-07-01 19:33:00,CASH_OUT,W000045,A16,,50.00,0.50,0.50
T0000129,2026-07-01 17:17:00,BANK_OUT,W000045,,,50.00,0.00,0.00
T0000130,2026-07-01 07:07:00,CASH_IN,W000046,A07,,190.00,0.00,0.95
T0000131,2026-07-01 19:57:00,CASH_OUT,W000046,A17,,10.00,0.50,0.10
T0000132,2026-07-01 14:08:00,P2P,W000046,,,40.00,0.50,0.00
T0000133,2026-07-01 16:35:00,BILL_PAY,W000046,,P02,70.00,0.00,0.00
T0000134,2026-07-01 07:48:00,CASH_IN,W000047,A08,,350.00,0.00,1.75
T0000135,2026-07-01 19:55:00,CASH_OUT,W000047,A18,,40.00,0.50,0.40
T0000136,2026-07-01 19:20:00,P2P,W000047,,,70.00,0.70,0.00
T0000137,2026-07-01 13:16:00,BILL_PAY,W000047,,P03,10.00,0.00,0.00
T0000138,2026-07-01 07:47:00,CASH_IN,W000048,A09,,310.00,0.00,1.55
T0000139,2026-07-01 17:28:00,CASH_OUT,W000048,A19,,50.00,0.50,0.50
T0000140,2026-07-01 15:46:00,BANK_OUT,W000048,,,30.00,0.00,0.00
T0000141,2026-07-01 10:57:00,CASH_IN,W000049,A10,,270.00,0.00,1.35
T0000142,2026-07-01 13:02:00,CASH_OUT,W000049,A20,,10.00,0.50,0.10
T0000143,2026-07-01 06:32:00,CASH_IN,W000050,A01,,280.00,0.00,1.40
T0000144,2026-07-01 18:58:00,CASH_OUT,W000050,A11,,50.00,0.50,0.50
T0000145,2026-07-01 10:00:00,CASH_IN,W000051,A02,,400.00,0.00,2.00
T0000146,2026-07-01 16:47:00,CASH_OUT,W000051,A12,,30.00,0.50,0.30
T0000147,2026-07-01 19:28:00,P2P,W000051,,,10.00,0.50,0.00
T0000148,2026-07-01 08:23:00,CASH_IN,W000052,A03,,360.00,0.00,1.80
T0000149,2026-07-01 13:58:00,CASH_OUT,W000052,A13,,20.00,0.50,0.20
T0000150,2026-07-01 09:00:00,CASH_IN,W000053,A04,,170.00,0.00,0.85
T0000151,2026-07-01 13:48:00,CASH_OUT,W000053,A14,,10.00,0.50,0.10
T0000152,2026-07-01 18:03:00,P2P,W000053,,,40.00,0.50,0.00
T0000153,2026-07-01 15:55:00,BILL_PAY,W000053,,P03,10.00,0.00,0.00
T0000154,2026-07-01 08:17:00,CASH_IN,W000054,A05,,360.00,0.00,1.80
T0000155,2026-07-01 12:11:00,CASH_OUT,W000054,A15,,40.00,0.50,0.40
T0000156,2026-07-01 13:04:00,P2P,W000054,,,10.00,0.50,0.00
T0000157,2026-07-01 14:16:00,BILL_PAY,W000054,,P01,20.00,0.00,0.00
T0000158,2026-07-01 08:10:00,BANK_IN,W000054,,,210.00,0.00,0.00
T0000159,2026-07-01 08:11:00,CASH_IN,W000055,A06,,370.00,0.00,1.85
T0000160,2026-07-01 12:57:00,CASH_OUT,W000055,A16,,30.00,0.50,0.30
T0000161,2026-07-01 19:03:00,P2P,W000055,,,30.00,0.50,0.00
T0000162,2026-07-01 17:45:00,BILL_PAY,W000055,,P02,20.00,0.00,0.00
T0000163,2026-07-01 08:50:00,CASH_IN,W000056,A07,,380.00,0.00,1.90
T0000164,2026-07-01 15:30:00,CASH_OUT,W000056,A17,,40.00,0.50,0.40
T0000165,2026-07-01 14:01:00,P2P,W000056,,,60.00,0.60,0.00
T0000166,2026-07-01 09:55:00,CASH_IN,W000057,A08,,270.00,0.00,1.35
T0000167,2026-07-01 14:41:00,CASH_OUT,W000057,A18,,30.00,0.50,0.30
T0000168,2026-07-01 07:52:00,CASH_IN,W000058,A09,,350.00,0.00,1.75
T0000169,2026-07-01 19:26:00,CASH_OUT,W000058,A19,,60.00,0.60,0.60
T0000170,2026-07-01 14:38:00,BILL_PAY,W000058,,P02,30.00,0.00,0.00
T0000171,2026-07-01 07:26:00,CASH_IN,W000059,A10,,400.00,0.00,2.00
T0000172,2026-07-01 17:09:00,CASH_OUT,W000059,A20,,70.00,0.70,0.70
T0000173,2026-07-01 08:37:00,BANK_IN,W000059,,,300.00,0.00,0.00
T0000174,2026-07-01 10:55:00,CASH_IN,W000060,A01,,370.00,0.00,1.85
T0000175,2026-07-01 16:47:00,CASH_OUT,W000060,A11,,30.00,0.50,0.30
T0000176,2026-07-01 18:37:00,P2P,W000060,,,20.00,0.50,0.00
T0000177,2026-07-01 10:34:00,CASH_IN,W000061,A02,,220.00,0.00,1.10
T0000178,2026-07-01 17:38:00,CASH_OUT,W000061,A12,,30.00,0.50,0.30
T0000179,2026-07-01 12:20:00,P2P,W000061,,,60.00,0.60,0.00
T0000180,2026-07-01 07:27:00,CASH_IN,W000062,A03,,110.00,0.00,0.55
T0000181,2026-07-01 17:52:00,CASH_OUT,W000062,A13,,30.00,0.50,0.30
T0000182,2026-07-01 08:43:00,CASH_IN,W000063,A04,,270.00,0.00,1.35
T0000183,2026-07-01 17:53:00,CASH_OUT,W000063,A14,,30.00,0.50,0.30
T0000184,2026-07-01 12:08:00,P2P,W000063,,,60.00,0.60,0.00
T0000185,2026-07-01 07:18:00,CASH_IN,W000064,A05,,210.00,0.00,1.05
T0000186,2026-07-01 19:02:00,CASH_OUT,W000064,A15,,60.00,0.60,0.60
T0000187,2026-07-01 19:40:00,P2P,W000064,,,30.00,0.50,0.00
T0000188,2026-07-01 14:48:00,BILL_PAY,W000064,,P02,60.00,0.00,0.00
T0000189,2026-07-01 06:05:00,CASH_IN,W000065,A06,,120.00,0.00,0.60
T0000190,2026-07-01 12:37:00,CASH_OUT,W000065,A16,,20.00,0.50,0.20
T0000191,2026-07-01 18:14:00,P2P,W000065,,,10.00,0.50,0.00
T0000192,2026-07-01 09:15:00,CASH_IN,W000066,A07,,370.00,0.00,1.85
T0000193,2026-07-01 19:01:00,CASH_OUT,W000066,A17,,20.00,0.50,0.20
T0000194,2026-07-01 18:12:00,BILL_PAY,W000066,,P01,60.00,0.00,0.00
T0000195,2026-07-01 10:28:00,CASH_IN,W000067,A08,,310.00,0.00,1.55
T0000196,2026-07-01 13:26:00,CASH_OUT,W000067,A18,,30.00,0.50,0.30
T0000197,2026-07-01 19:43:00,P2P,W000067,,,60.00,0.60,0.00
T0000198,2026-07-01 15:56:00,BANK_OUT,W000067,,,10.00,0.00,0.00
T0000199,2026-07-01 06:39:00,CASH_IN,W000068,A09,,200.00,0.00,1.00
T0000200,2026-07-01 15:50:00,CASH_OUT,W000068,A19,,30.00,0.50,0.30
T0000201,2026-07-01 19:04:00,P2P,W000068,,,70.00,0.70,0.00
T0000202,2026-07-01 14:18:00,BILL_PAY,W000068,,P03,20.00,0.00,0.00
T0000203,2026-07-01 09:47:00,BANK_IN,W000068,,,180.00,0.00,0.00
T0000204,2026-07-01 07:38:00,CASH_IN,W000069,A10,,70.00,0.00,0.35
T0000205,2026-07-01 12:25:00,CASH_OUT,W000069,A20,,70.00,0.70,0.70
T0000206,2026-07-01 09:01:00,CASH_IN,W000070,A01,,330.00,0.00,1.65
T0000207,2026-07-01 16:59:00,CASH_OUT,W000070,A11,,50.00,0.50,0.50
T0000208,2026-07-01 15:00:00,BILL_PAY,W000070,,P02,70.00,0.00,0.00
T0000209,2026-07-01 16:13:00,BANK_OUT,W000070,,,20.00,0.00,0.00
T0000210,2026-07-01 07:47:00,CASH_IN,W000071,A02,,250.00,0.00,1.25
T0000211,2026-07-01 15:50:00,CASH_OUT,W000071,A12,,20.00,0.50,0.20
T0000212,2026-07-01 14:51:00,BANK_OUT,W000071,,,40.00,0.00,0.00
T0000213,2026-07-01 10:57:00,CASH_IN,W000072,A03,,300.00,0.00,1.50
T0000214,2026-07-01 17:56:00,CASH_OUT,W000072,A13,,50.00,0.50,0.50
T0000215,2026-07-01 12:52:00,P2P,W000072,,,70.00,0.70,0.00
T0000216,2026-07-01 16:40:00,BILL_PAY,W000072,,P01,10.00,0.00,0.00
T0000217,2026-07-01 18:59:00,BANK_OUT,W000072,,,10.00,0.00,0.00
T0000218,2026-07-01 08:54:00,CASH_IN,W000073,A04,,70.00,0.00,0.35
T0000219,2026-07-01 13:17:00,CASH_OUT,W000073,A14,,20.00,0.50,0.20
T0000220,2026-07-01 18:11:00,P2P,W000073,,,30.00,0.50,0.00
T0000221,2026-07-01 16:50:00,BANK_OUT,W000073,,,40.00,0.00,0.00
T0000222,2026-07-01 07:58:00,CASH_IN,W000074,A05,,180.00,0.00,0.90
T0000223,2026-07-01 13:56:00,CASH_OUT,W000074,A15,,50.00,0.50,0.50
T0000224,2026-07-01 15:49:00,P2P,W000074,,,20.00,0.50,0.00
T0000225,2026-07-01 08:28:00,CASH_IN,W000075,A06,,130.00,0.00,0.65
T0000226,2026-07-01 13:35:00,CASH_OUT,W000075,A16,,40.00,0.50,0.40
T0000227,2026-07-01 07:40:00,CASH_IN,W000076,A07,,230.00,0.00,1.15
T0000228,2026-07-01 15:53:00,CASH_OUT,W000076,A17,,50.00,0.50,0.50
T0000229,2026-07-01 08:28:00,BANK_IN,W000076,,,180.00,0.00,0.00
T0000230,2026-07-01 07:35:00,CASH_IN,W000077,A08,,60.00,0.00,0.30
T0000231,2026-07-01 18:07:00,CASH_OUT,W000077,A18,,60.00,0.60,0.60
T0000232,2026-07-01 13:47:00,BILL_PAY,W000077,,P03,50.00,0.00,0.00
T0000233,2026-07-01 10:58:00,CASH_IN,W000078,A09,,210.00,0.00,1.05
T0000234,2026-07-01 15:22:00,CASH_OUT,W000078,A19,,20.00,0.50,0.20
T0000235,2026-07-01 09:15:00,CASH_IN,W000079,A10,,350.00,0.00,1.75
T0000236,2026-07-01 15:19:00,CASH_OUT,W000079,A20,,30.00,0.50,0.30
T0000237,2026-07-01 09:52:00,CASH_IN,W000080,A01,,320.00,0.00,1.60
T0000238,2026-07-01 14:00:00,CASH_OUT,W000080,A11,,50.00,0.50,0.50
T0000239,2026-07-01 12:41:00,P2P,W000080,,,10.00,0.50,0.00
T0000240,2026-07-01 07:48:00,CASH_IN,W000081,A02,,390.00,0.00,1.95
T0000241,2026-07-01 18:32:00,CASH_OUT,W000081,A12,,10.00,0.50,0.10
T0000242,2026-07-01 15:33:00,BILL_PAY,W000081,,P01,60.00,0.00,0.00
T0000243,2026-07-01 07:22:00,CASH_IN,W000082,A03,,170.00,0.00,0.85
T0000244,2026-07-01 12:32:00,CASH_OUT,W000082,A13,,30.00,0.50,0.30
T0000245,2026-07-01 17:40:00,BILL_PAY,W000082,,P02,50.00,0.00,0.00
T0000246,2026-07-01 08:33:00,CASH_IN,W000083,A04,,230.00,0.00,1.15
T0000247,2026-07-01 18:33:00,CASH_OUT,W000083,A14,,70.00,0.70,0.70
T0000248,2026-07-01 08:30:00,CASH_IN,W000084,A05,,370.00,0.00,1.85
T0000249,2026-07-01 15:44:00,CASH_OUT,W000084,A15,,20.00,0.50,0.20
T0000250,2026-07-01 13:24:00,P2P,W000084,,,40.00,0.50,0.00
T0000251,2026-07-01 18:51:00,BILL_PAY,W000084,,P01,50.00,0.00,0.00
T0000252,2026-07-01 09:31:00,CASH_IN,W000085,A06,,160.00,0.00,0.80
T0000253,2026-07-01 18:53:00,CASH_OUT,W000085,A16,,40.00,0.50,0.40
T0000254,2026-07-01 15:03:00,P2P,W000085,,,10.00,0.50,0.00
T0000255,2026-07-01 10:57:00,CASH_IN,W000086,A07,,80.00,0.00,0.40
T0000256,2026-07-01 18:26:00,CASH_OUT,W000086,A17,,40.00,0.50,0.40
T0000257,2026-07-01 18:45:00,P2P,W000086,,,40.00,0.50,0.00
T0000258,2026-07-01 16:19:00,BILL_PAY,W000086,,P03,10.00,0.00,0.00
T0000259,2026-07-01 08:20:00,BANK_IN,W000086,,,250.00,0.00,0.00
T0000260,2026-07-01 10:15:00,CASH_IN,W000087,A08,,290.00,0.00,1.45
T0000261,2026-07-01 15:08:00,CASH_OUT,W000087,A18,,10.00,0.50,0.10
T0000262,2026-07-01 14:32:00,BILL_PAY,W000087,,P01,10.00,0.00,0.00
T0000263,2026-07-01 09:18:00,CASH_IN,W000088,A09,,350.00,0.00,1.75
T0000264,2026-07-01 19:49:00,CASH_OUT,W000088,A19,,50.00,0.50,0.50
T0000265,2026-07-01 17:12:00,BILL_PAY,W000088,,P02,10.00,0.00,0.00
T0000266,2026-07-01 08:37:00,CASH_IN,W000089,A10,,260.00,0.00,1.30
T0000267,2026-07-01 15:07:00,CASH_OUT,W000089,A20,,50.00,0.50,0.50
T0000268,2026-07-01 19:15:00,P2P,W000089,,,50.00,0.50,0.00
T0000269,2026-07-01 07:56:00,CASH_IN,W000090,A01,,110.00,0.00,0.55
T0000270,2026-07-01 13:52:00,CASH_OUT,W000090,A11,,30.00,0.50,0.30
T0000271,2026-07-01 06:00:00,CASH_IN,W000091,A02,,270.00,0.00,1.35
T0000272,2026-07-01 14:22:00,CASH_OUT,W000091,A12,,10.00,0.50,0.10
T0000273,2026-07-01 17:26:00,BANK_OUT,W000091,,,10.00,0.00,0.00
T0000274,2026-07-01 09:26:00,CASH_IN,W000092,A03,,150.00,0.00,0.75
T0000275,2026-07-01 13:05:00,CASH_OUT,W000092,A13,,40.00,0.50,0.40
T0000276,2026-07-01 14:25:00,P2P,W000092,,,40.00,0.50,0.00
T0000277,2026-07-01 08:58:00,CASH_IN,W000093,A04,,80.00,0.00,0.40
T0000278,2026-07-01 12:55:00,CASH_OUT,W000093,A14,,60.00,0.60,0.60
T0000279,2026-07-01 16:28:00,P2P,W000093,,,50.00,0.50,0.00
T0000280,2026-07-01 07:48:00,CASH_IN,W000094,A05,,60.00,0.00,0.30
T0000281,2026-07-01 18:58:00,CASH_OUT,W000094,A15,,60.00,0.60,0.60
T0000282,2026-07-01 07:25:00,CASH_IN,W000095,A06,,60.00,0.00,0.30
T0000283,2026-07-01 14:56:00,CASH_OUT,W000095,A16,,20.00,0.50,0.20
T0000284,2026-07-01 12:17:00,P2P,W000095,,,20.00,0.50,0.00
T0000285,2026-07-01 13:31:00,BILL_PAY,W000095,,P03,40.00,0.00,0.00
T0000286,2026-07-01 06:39:00,CASH_IN,W000096,A07,,210.00,0.00,1.05
T0000287,2026-07-01 15:11:00,CASH_OUT,W000096,A17,,40.00,0.50,0.40
T0000288,2026-07-01 06:37:00,CASH_IN,W000097,A08,,140.00,0.00,0.70
T0000289,2026-07-01 15:12:00,CASH_OUT,W000097,A18,,10.00,0.50,0.10
T0000290,2026-07-01 16:42:00,P2P,W000097,,,50.00,0.50,0.00
T0000291,2026-07-01 15:20:00,BILL_PAY,W000097,,P02,70.00,0.00,0.00
T0000292,2026-07-01 06:28:00,CASH_IN,W000098,A09,,150.00,0.00,0.75
T0000293,2026-07-01 12:23:00,CASH_OUT,W000098,A19,,70.00,0.70,0.70
T0000294,2026-07-01 13:05:00,P2P,W000098,,,60.00,0.60,0.00
T0000295,2026-07-01 18:50:00,BILL_PAY,W000098,,P03,30.00,0.00,0.00
T0000296,2026-07-01 07:55:00,CASH_IN,W000099,A10,,390.00,0.00,1.95
T0000297,2026-07-01 12:10:00,CASH_OUT,W000099,A20,,50.00,0.50,0.50
T0000298,2026-07-01 17:06:00,BILL_PAY,W000099,,P01,40.00,0.00,0.00
T0000299,2026-07-01 08:57:00,CASH_IN,W000100,A01,,240.00,0.00,1.20
T0000300,2026-07-01 16:20:00,CASH_OUT,W000100,A11,,50.00,0.50,0.50
T0000301,2026-07-01 17:01:00,BILL_PAY,W000100,,P02,30.00,0.00,0.00
T0000302,2026-07-01 07:13:00,CASH_IN,W000101,A02,,290.00,0.00,1.45
T0000303,2026-07-01 14:32:00,CASH_OUT,W000101,A12,,30.00,0.50,0.30
T0000304,2026-07-01 18:42:00,P2P,W000101,,,10.00,0.50,0.00
T0000305,2026-07-01 07:17:00,CASH_IN,W000102,A03,,270.00,0.00,1.35
T0000306,2026-07-01 15:04:00,CASH_OUT,W000102,A13,,30.00,0.50,0.30
T0000307,2026-07-01 08:19:00,CASH_IN,W000103,A04,,150.00,0.00,0.75
T0000308,2026-07-01 17:30:00,CASH_OUT,W000103,A14,,30.00,0.50,0.30
T0000309,2026-07-01 06:26:00,CASH_IN,W000104,A05,,190.00,0.00,0.95
T0000310,2026-07-01 19:05:00,CASH_OUT,W000104,A15,,70.00,0.70,0.70
T0000311,2026-07-01 16:28:00,BILL_PAY,W000104,,P03,40.00,0.00,0.00
T0000312,2026-07-01 07:21:00,CASH_IN,W000105,A06,,400.00,0.00,2.00
T0000313,2026-07-01 15:02:00,CASH_OUT,W000105,A16,,70.00,0.70,0.70
T0000314,2026-07-01 10:22:00,CASH_IN,W000106,A07,,290.00,0.00,1.45
T0000315,2026-07-01 13:09:00,CASH_OUT,W000106,A17,,60.00,0.60,0.60
T0000316,2026-07-01 14:51:00,P2P,W000106,,,10.00,0.50,0.00
T0000317,2026-07-01 10:22:00,CASH_IN,W000107,A08,,190.00,0.00,0.95
T0000318,2026-07-01 13:24:00,CASH_OUT,W000107,A18,,10.00,0.50,0.10
T0000319,2026-07-01 16:04:00,P2P,W000107,,,10.00,0.50,0.00
T0000320,2026-07-01 15:49:00,BILL_PAY,W000107,,P03,40.00,0.00,0.00
T0000321,2026-07-01 09:13:00,CASH_IN,W000108,A09,,50.00,0.00,0.25
T0000322,2026-07-01 16:52:00,CASH_OUT,W000108,A19,,70.00,0.70,0.70
T0000323,2026-07-01 09:17:00,CASH_IN,W000109,A10,,280.00,0.00,1.40
T0000324,2026-07-01 13:12:00,CASH_OUT,W000109,A20,,10.00,0.50,0.10
T0000325,2026-07-01 07:54:00,CASH_IN,W000110,A01,,360.00,0.00,1.80
T0000326,2026-07-01 13:53:00,CASH_OUT,W000110,A11,,50.00,0.50,0.50
T0000327,2026-07-01 18:34:00,P2P,W000110,,,10.00,0.50,0.00
T0000328,2026-07-01 06:29:00,CASH_IN,W000111,A02,,200.00,0.00,1.00
T0000329,2026-07-01 14:00:00,CASH_OUT,W000111,A12,,60.00,0.60,0.60
T0000330,2026-07-01 19:14:00,P2P,W000111,,,60.00,0.60,0.00
T0000331,2026-07-01 15:50:00,BILL_PAY,W000111,,P01,40.00,0.00,0.00
T0000332,2026-07-01 08:25:00,CASH_IN,W000112,A03,,60.00,0.00,0.30
T0000333,2026-07-01 14:57:00,CASH_OUT,W000112,A13,,60.00,0.60,0.60
T0000334,2026-07-01 15:06:00,P2P,W000112,,,30.00,0.50,0.00
T0000335,2026-07-01 15:27:00,BILL_PAY,W000112,,P02,70.00,0.00,0.00
T0000336,2026-07-01 08:31:00,CASH_IN,W000113,A04,,360.00,0.00,1.80
T0000337,2026-07-01 15:16:00,CASH_OUT,W000113,A14,,10.00,0.50,0.10
T0000338,2026-07-01 15:38:00,P2P,W000113,,,20.00,0.50,0.00
T0000339,2026-07-01 10:08:00,CASH_IN,W000114,A05,,200.00,0.00,1.00
T0000340,2026-07-01 16:34:00,CASH_OUT,W000114,A15,,20.00,0.50,0.20
T0000341,2026-07-01 15:25:00,BILL_PAY,W000114,,P01,70.00,0.00,0.00
T0000342,2026-07-01 10:25:00,BANK_IN,W000114,,,160.00,0.00,0.00
T0000343,2026-07-01 06:35:00,CASH_IN,W000115,A06,,260.00,0.00,1.30
T0000344,2026-07-01 17:40:00,CASH_OUT,W000115,A16,,20.00,0.50,0.20
T0000345,2026-07-01 18:53:00,P2P,W000115,,,10.00,0.50,0.00
T0000346,2026-07-01 10:08:00,CASH_IN,W000116,A07,,200.00,0.00,1.00
T0000347,2026-07-01 15:59:00,CASH_OUT,W000116,A17,,40.00,0.50,0.40
T0000348,2026-07-01 12:27:00,P2P,W000116,,,70.00,0.70,0.00
T0000349,2026-07-01 07:04:00,CASH_IN,W000117,A08,,190.00,0.00,0.95
T0000350,2026-07-01 13:12:00,CASH_OUT,W000117,A18,,60.00,0.60,0.60
T0000351,2026-07-01 14:54:00,P2P,W000117,,,30.00,0.50,0.00
T0000352,2026-07-01 06:46:00,CASH_IN,W000118,A09,,210.00,0.00,1.05
T0000353,2026-07-01 17:01:00,CASH_OUT,W000118,A19,,20.00,0.50,0.20
T0000354,2026-07-01 17:01:00,P2P,W000118,,,40.00,0.50,0.00
T0000355,2026-07-01 13:22:00,BILL_PAY,W000118,,P02,70.00,0.00,0.00
T0000356,2026-07-01 09:43:00,BANK_IN,W000118,,,180.00,0.00,0.00
T0000357,2026-07-01 09:59:00,CASH_IN,W000119,A10,,320.00,0.00,1.60
T0000358,2026-07-01 18:23:00,CASH_OUT,W000119,A20,,20.00,0.50,0.20
T0000359,2026-07-01 18:55:00,BILL_PAY,W000119,,P03,10.00,0.00,0.00
T0000360,2026-07-01 06:04:00,CASH_IN,W000120,A01,,180.00,0.00,0.90
T0000361,2026-07-01 19:20:00,CASH_OUT,W000120,A11,,40.00,0.50,0.40
T0000362,2026-07-01 18:56:00,P2P,W000120,,,50.00,0.50,0.00
T0000363,2026-07-01 10:35:00,CASH_IN,W000121,A02,,100.00,0.00,0.50
T0000364,2026-07-01 19:51:00,CASH_OUT,W000121,A12,,10.00,0.50,0.10
T0000365,2026-07-01 06:11:00,CASH_IN,W000122,A03,,250.00,0.00,1.25
T0000366,2026-07-01 15:10:00,CASH_OUT,W000122,A13,,60.00,0.60,0.60
T0000367,2026-07-01 12:02:00,P2P,W000122,,,10.00,0.50,0.00
T0000368,2026-07-01 08:27:00,CASH_IN,W000123,A04,,350.00,0.00,1.75
T0000369,2026-07-01 18:00:00,CASH_OUT,W000123,A14,,40.00,0.50,0.40
T0000370,2026-07-01 08:50:00,BANK_IN,W000123,,,110.00,0.00,0.00
T0000371,2026-07-01 10:52:00,CASH_IN,W000124,A05,,160.00,0.00,0.80
T0000372,2026-07-01 16:56:00,CASH_OUT,W000124,A15,,60.00,0.60,0.60
T0000373,2026-07-01 10:37:00,CASH_IN,W000125,A06,,160.00,0.00,0.80
T0000374,2026-07-01 15:29:00,CASH_OUT,W000125,A16,,10.00,0.50,0.10
T0000375,2026-07-01 17:23:00,P2P,W000125,,,70.00,0.70,0.00
T0000376,2026-07-01 09:11:00,CASH_IN,W000126,A07,,140.00,0.00,0.70
T0000377,2026-07-01 18:03:00,CASH_OUT,W000126,A17,,60.00,0.60,0.60
T0000378,2026-07-01 12:01:00,P2P,W000126,,,20.00,0.50,0.00
T0000379,2026-07-01 18:46:00,BILL_PAY,W000126,,P01,70.00,0.00,0.00
T0000380,2026-07-01 06:06:00,CASH_IN,W000127,A08,,340.00,0.00,1.70
T0000381,2026-07-01 19:56:00,CASH_OUT,W000127,A18,,10.00,0.50,0.10
T0000382,2026-07-01 13:09:00,BILL_PAY,W000127,,P02,50.00,0.00,0.00
T0000383,2026-07-01 09:17:00,CASH_IN,W000128,A09,,290.00,0.00,1.45
T0000384,2026-07-01 16:07:00,CASH_OUT,W000128,A19,,40.00,0.50,0.40
T0000385,2026-07-01 17:44:00,P2P,W000128,,,10.00,0.50,0.00
T0000386,2026-07-01 17:22:00,BILL_PAY,W000128,,P03,10.00,0.00,0.00
T0000387,2026-07-01 09:45:00,BANK_IN,W000128,,,200.00,0.00,0.00
T0000388,2026-07-01 08:39:00,CASH_IN,W000129,A10,,90.00,0.00,0.45
T0000389,2026-07-01 13:01:00,CASH_OUT,W000129,A20,,70.00,0.70,0.70
T0000390,2026-07-01 10:45:00,CASH_IN,W000130,A01,,340.00,0.00,1.70
T0000391,2026-07-01 15:17:00,CASH_OUT,W000130,A11,,30.00,0.50,0.30
T0000392,2026-07-01 14:04:00,BILL_PAY,W000130,,P02,40.00,0.00,0.00
T0000393,2026-07-01 08:03:00,CASH_IN,W000131,A02,,380.00,0.00,1.90
T0000394,2026-07-01 15:56:00,CASH_OUT,W000131,A12,,70.00,0.70,0.70
T0000395,2026-07-01 15:26:00,P2P,W000131,,,30.00,0.50,0.00
T0000396,2026-07-01 14:16:00,BILL_PAY,W000131,,P03,10.00,0.00,0.00
T0000397,2026-07-01 07:04:00,CASH_IN,W000132,A03,,290.00,0.00,1.45
T0000398,2026-07-01 12:41:00,CASH_OUT,W000132,A13,,10.00,0.50,0.10
T0000399,2026-07-01 08:26:00,BANK_IN,W000132,,,170.00,0.00,0.00
T0000400,2026-07-01 07:51:00,CASH_IN,W000133,A04,,120.00,0.00,0.60
T0000401,2026-07-01 18:50:00,CASH_OUT,W000133,A14,,40.00,0.50,0.40
T0000402,2026-07-01 06:01:00,CASH_IN,W000134,A05,,170.00,0.00,0.85
T0000403,2026-07-01 16:16:00,CASH_OUT,W000134,A15,,20.00,0.50,0.20
T0000404,2026-07-01 16:33:00,BILL_PAY,W000134,,P03,70.00,0.00,0.00
T0000405,2026-07-01 09:03:00,CASH_IN,W000135,A06,,330.00,0.00,1.65
T0000406,2026-07-01 19:25:00,CASH_OUT,W000135,A16,,70.00,0.70,0.70
T0000407,2026-07-01 16:56:00,P2P,W000135,,,70.00,0.70,0.00
T0000408,2026-07-01 18:10:00,BANK_OUT,W000135,,,20.00,0.00,0.00
T0000409,2026-07-01 07:47:00,CASH_IN,W000136,A07,,170.00,0.00,0.85
T0000410,2026-07-01 15:26:00,CASH_OUT,W000136,A17,,70.00,0.70,0.70
T0000411,2026-07-01 16:37:00,BANK_OUT,W000136,,,10.00,0.00,0.00
T0000412,2026-07-01 07:13:00,CASH_IN,W000137,A08,,60.00,0.00,0.30
T0000413,2026-07-01 13:29:00,CASH_OUT,W000137,A18,,50.00,0.50,0.50
T0000414,2026-07-01 06:17:00,CASH_IN,W000138,A09,,390.00,0.00,1.95
T0000415,2026-07-01 15:59:00,CASH_OUT,W000138,A19,,40.00,0.50,0.40
T0000416,2026-07-01 07:15:00,CASH_IN,W000139,A10,,240.00,0.00,1.20
T0000417,2026-07-01 13:35:00,CASH_OUT,W000139,A20,,30.00,0.50,0.30
T0000418,2026-07-01 17:28:00,P2P,W000139,,,30.00,0.50,0.00
T0000419,2026-07-01 17:56:00,BILL_PAY,W000139,,P02,60.00,0.00,0.00
T0000420,2026-07-01 09:44:00,BANK_IN,W000139,,,100.00,0.00,0.00
T0000421,2026-07-01 08:56:00,CASH_IN,W000140,A01,,50.00,0.00,0.25
T0000422,2026-07-01 19:40:00,CASH_OUT,W000140,A11,,70.00,0.70,0.70
T0000423,2026-07-01 16:50:00,BILL_PAY,W000140,,P03,10.00,0.00,0.00
T0000424,2026-07-01 09:23:00,CASH_IN,W000141,A02,,130.00,0.00,0.65
T0000425,2026-07-01 14:23:00,CASH_OUT,W000141,A12,,20.00,0.50,0.20
T0000426,2026-07-01 17:50:00,P2P,W000141,,,30.00,0.50,0.00
T0000427,2026-07-01 10:44:00,BANK_IN,W000141,,,280.00,0.00,0.00
T0000428,2026-07-01 06:56:00,CASH_IN,W000142,A03,,350.00,0.00,1.75
T0000429,2026-07-01 15:08:00,CASH_OUT,W000142,A13,,10.00,0.50,0.10
T0000430,2026-07-01 06:44:00,CASH_IN,W000143,A04,,240.00,0.00,1.20
T0000431,2026-07-01 17:15:00,CASH_OUT,W000143,A14,,40.00,0.50,0.40
T0000432,2026-07-01 15:51:00,BILL_PAY,W000143,,P03,50.00,0.00,0.00
T0000433,2026-07-01 10:31:00,BANK_IN,W000143,,,150.00,0.00,0.00
T0000434,2026-07-01 10:23:00,CASH_IN,W000144,A05,,80.00,0.00,0.40
T0000435,2026-07-01 15:15:00,CASH_OUT,W000144,A15,,50.00,0.50,0.50
T0000436,2026-07-01 14:04:00,P2P,W000144,,,10.00,0.50,0.00
T0000437,2026-07-01 09:17:00,BANK_IN,W000144,,,150.00,0.00,0.00
T0000438,2026-07-01 10:54:00,CASH_IN,W000145,A06,,350.00,0.00,1.75
T0000439,2026-07-01 19:49:00,CASH_OUT,W000145,A16,,30.00,0.50,0.30
T0000440,2026-07-01 09:35:00,CASH_IN,W000146,A07,,270.00,0.00,1.35
T0000441,2026-07-01 12:12:00,CASH_OUT,W000146,A17,,40.00,0.50,0.40
T0000442,2026-07-01 18:57:00,P2P,W000146,,,20.00,0.50,0.00
T0000443,2026-07-01 08:54:00,CASH_IN,W000147,A08,,340.00,0.00,1.70
T0000444,2026-07-01 17:25:00,CASH_OUT,W000147,A18,,30.00,0.50,0.30
T0000445,2026-07-01 18:21:00,P2P,W000147,,,60.00,0.60,0.00
T0000446,2026-07-01 07:01:00,CASH_IN,W000148,A09,,240.00,0.00,1.20
T0000447,2026-07-01 14:57:00,CASH_OUT,W000148,A19,,50.00,0.50,0.50
T0000448,2026-07-01 09:32:00,CASH_IN,W000149,A10,,150.00,0.00,0.75
T0000449,2026-07-01 15:14:00,CASH_OUT,W000149,A20,,70.00,0.70,0.70
T0000450,2026-07-01 19:56:00,P2P,W000149,,,50.00,0.50,0.00
T0000451,2026-07-01 10:53:00,CASH_IN,W000150,A01,,260.00,0.00,1.30
T0000452,2026-07-01 12:56:00,CASH_OUT,W000150,A11,,10.00,0.50,0.10
T0000453,2026-07-01 09:00:00,CASH_IN,W009010,A901,,200.00,0.00,6.00
T0000454,2026-07-01 09:01:00,CASH_IN,W009011,A901,,200.00,0.00,6.00
T0000455,2026-07-01 09:02:00,CASH_IN,W009012,A901,,200.00,0.00,6.00
T0000456,2026-07-01 09:03:00,CASH_IN,W009013,A901,,200.00,0.00,6.00
T0000457,2026-07-01 09:04:00,CASH_IN,W009014,A901,,200.00,0.00,6.00
T0000458,2026-07-01 09:05:00,CASH_IN,W009015,A901,,200.00,0.00,6.00
T0000459,2026-07-01 09:06:00,CASH_IN,W009016,A901,,200.00,0.00,6.00
T0000460,2026-07-01 09:07:00,CASH_IN,W009017,A901,,200.00,0.00,6.00
T0000461,2026-07-01 09:08:00,CASH_IN,W009018,A901,,200.00,0.00,6.00
T0000462,2026-07-01 09:09:00,CASH_IN,W009019,A901,,200.00,0.00,6.00
T0000463,2026-07-01 09:20:00,CASH_OUT,W009020,A902,,400.00,4.00,0.00
T0000464,2026-07-01 09:21:00,CASH_OUT,W009021,A902,,400.00,4.00,0.00
T0000465,2026-07-01 09:22:00,CASH_OUT,W009022,A902,,400.00,4.00,0.00
T0000466,2026-07-01 09:23:00,CASH_OUT,W009023,A902,,400.00,4.00,0.00
T0000467,2026-07-01 09:24:00,CASH_OUT,W009024,A902,,400.00,4.00,0.00
T0000468,2026-07-01 09:25:00,CASH_OUT,W009025,A902,,400.00,4.00,0.00
T0000469,2026-07-01 09:26:00,CASH_OUT,W009026,A902,,400.00,4.00,0.00
T0000470,2026-07-01 09:27:00,CASH_OUT,W009027,A902,,400.00,4.00,0.00
T0000471,2026-07-01 09:28:00,CASH_OUT,W009028,A902,,400.00,4.00,0.00
T0000472,2026-07-01 09:29:00,CASH_OUT,W009029,A902,,400.00,4.00,0.00
T0000473,2026-07-01 09:40:00,CASH_IN,W009030,A903,,200.00,0.00,2.00
T0000474,2026-07-01 09:41:00,CASH_IN,W009031,A903,,200.00,0.00,2.00
T0000475,2026-07-01 09:42:00,CASH_IN,W009032,A903,,200.00,0.00,2.00
T0000476,2026-07-01 09:43:00,CASH_IN,W009033,A903,,200.00,0.00,2.00
T0000477,2026-07-01 09:44:00,CASH_IN,W009034,A903,,200.00,0.00,2.00
T0000478,2026-07-01 09:45:00,CASH_IN,W009035,A903,,200.00,0.00,2.00
T0000479,2026-07-01 09:46:00,CASH_IN,W009036,A903,,200.00,0.00,2.00
T0000480,2026-07-01 09:47:00,CASH_IN,W009037,A903,,200.00,0.00,2.00
T0000481,2026-07-01 09:48:00,CASH_IN,W009038,A903,,200.00,0.00,2.00
T0000482,2026-07-01 09:49:00,CASH_IN,W009039,A903,,200.00,0.00,2.00
T0000483,2026-07-01 10:00:00,CASH_IN,W009040,A904,,200.00,0.00,6.01
T0000484,2026-07-01 10:01:00,CASH_IN,W009041,A904,,200.00,0.00,1.00
T0000485,2026-07-01 10:02:00,CASH_IN,W009042,A904,,200.00,0.00,1.00
T0000486,2026-07-01 10:03:00,CASH_IN,W009043,A904,,200.00,0.00,1.00
T0000487,2026-07-01 10:04:00,CASH_IN,W009044,A904,,200.00,0.00,1.00
T0000488,2026-07-01 10:05:00,CASH_IN,W009045,A904,,200.00,0.00,1.00
T0000489,2026-07-01 10:06:00,CASH_IN,W009046,A904,,200.00,0.00,1.00
T0000490,2026-07-01 10:07:00,CASH_IN,W009047,A904,,200.00,0.00,1.00
T0000491,2026-07-01 10:08:00,CASH_IN,W009048,A904,,200.00,0.00,1.00
T0000492,2026-07-01 10:09:00,CASH_IN,W009049,A904,,200.00,0.00,1.00
T0000493,2026-07-01 10:20:00,CASH_IN,W009110,A911,,200.00,0.00,6.00
T0000494,2026-07-01 10:21:00,CASH_IN,W009111,A911,,200.00,0.00,1.00
T0000495,2026-07-01 10:22:00,CASH_IN,W009112,A911,,200.00,0.00,1.00
T0000496,2026-07-01 10:23:00,CASH_IN,W009113,A911,,200.00,0.00,1.00
T0000497,2026-07-01 10:24:00,CASH_IN,W009114,A911,,200.00,0.00,1.00
T0000498,2026-07-01 10:25:00,CASH_IN,W009115,A911,,200.00,0.00,1.00
T0000499,2026-07-01 10:26:00,CASH_IN,W009116,A911,,200.00,0.00,1.00
T0000500,2026-07-01 10:27:00,CASH_IN,W009117,A911,,200.00,0.00,1.00
T0000501,2026-07-01 10:28:00,CASH_IN,W009118,A911,,200.00,0.00,1.00
T0000502,2026-07-01 10:29:00,CASH_IN,W009119,A911,,200.00,0.00,1.00
T0000503,2026-07-01 11:00:00,CASH_IN,W009120,A912,,200.00,0.00,1.01
T0000504,2026-07-01 11:01:00,CASH_IN,W009121,A912,,200.00,0.00,1.01
T0000505,2026-07-01 11:02:00,CASH_IN,W009122,A912,,200.00,0.00,1.01
T0000506,2026-07-01 11:03:00,CASH_IN,W009123,A912,,200.00,0.00,1.00
T0000507,2026-07-01 11:04:00,CASH_IN,W009124,A912,,200.00,0.00,1.00
T0000508,2026-07-01 11:05:00,CASH_IN,W009125,A912,,200.00,0.00,1.00
T0000509,2026-07-01 11:06:00,CASH_IN,W009126,A912,,200.00,0.00,1.00
T0000510,2026-07-01 11:07:00,CASH_IN,W009127,A912,,200.00,0.00,1.00
T0000511,2026-07-01 11:08:00,CASH_IN,W009128,A912,,200.00,0.00,1.00
T0000512,2026-07-01 11:09:00,CASH_IN,W009129,A912,,200.00,0.00,1.00
T0000513,2026-07-01 11:10:00,CASH_IN,W009130,A912,,200.00,0.00,1.00
T0000514,2026-07-01 11:11:00,CASH_IN,W009131,A912,,200.00,0.00,1.00
T0000515,2026-07-01 11:12:00,CASH_IN,W009132,A912,,200.00,0.00,1.00
T0000516,2026-07-01 11:13:00,CASH_IN,W009133,A912,,200.00,0.00,1.00
T0000517,2026-07-01 11:14:00,CASH_IN,W009134,A912,,200.00,0.00,1.00
T0000518,2026-07-01 11:15:00,CASH_IN,W009135,A912,,200.00,0.00,1.00
T0000519,2026-07-01 11:16:00,CASH_IN,W009136,A912,,200.00,0.00,1.00
T0000520,2026-07-01 11:17:00,CASH_IN,W009137,A912,,200.00,0.00,1.00
T0000521,2026-07-01 11:18:00,CASH_IN,W009138,A912,,200.00,0.00,1.00
T0000522,2026-07-01 11:19:00,CASH_IN,W009139,A912,,200.00,0.00,1.00
T0000523,2026-07-01 11:20:00,CASH_IN,W009140,A912,,200.00,0.00,1.00
T0000524,2026-07-01 11:21:00,CASH_IN,W009141,A912,,200.00,0.00,1.00
T0000525,2026-07-01 11:22:00,CASH_IN,W009142,A912,,200.00,0.00,1.00
T0000526,2026-07-01 11:23:00,CASH_IN,W009143,A912,,200.00,0.00,1.00
T0000527,2026-07-01 11:24:00,CASH_IN,W009144,A912,,200.00,0.00,1.00
T0000528,2026-07-01 11:25:00,CASH_IN,W009145,A912,,200.00,0.00,1.00
T0000529,2026-07-01 11:26:00,CASH_IN,W009146,A912,,200.00,0.00,1.00
T0000530,2026-07-01 11:27:00,CASH_IN,W009147,A912,,200.00,0.00,1.00
T0000531,2026-07-01 11:28:00,CASH_IN,W009148,A912,,200.00,0.00,1.00
T0000532,2026-07-01 11:29:00,CASH_IN,W009149,A912,,200.00,0.00,1.00
T0000533,2026-07-01 11:30:00,CASH_OUT,W009160,A913,,500.00,5.00,5.00
T0000534,2026-07-01 11:31:00,CASH_OUT,W009161,A913,,500.00,5.00,5.00
T0000535,2026-07-01 11:32:00,CASH_OUT,W009162,A913,,500.00,5.00,5.00
T0000536,2026-07-01 11:33:00,CASH_OUT,W009163,A913,,500.00,5.00,5.00
T0000537,2026-07-01 11:34:00,CASH_OUT,W009164,A913,,500.00,5.00,5.00
T0000538,2026-07-01 11:35:00,CASH_OUT,W009165,A913,,500.00,5.00,5.00
T0000539,2026-07-01 11:36:00,CASH_OUT,W009166,A913,,500.00,5.00,5.00
T0000540,2026-07-01 11:37:00,CASH_OUT,W009167,A913,,500.00,5.00,5.00
T0000541,2026-07-01 11:38:00,CASH_OUT,W009168,A913,,500.00,5.00,5.00
T0000542,2026-07-01 11:39:00,CASH_OUT,W009169,A913,,500.00,5.00,5.00
T0000543,2026-07-01 11:40:00,CASH_OUT,W009170,A913,,500.00,5.00,5.00
T0000544,2026-07-01 11:41:00,CASH_OUT,W009171,A913,,500.00,5.00,5.00
T0000545,2026-07-01 11:42:00,CASH_OUT,W009172,A913,,500.00,5.00,5.00
T0000546,2026-07-01 11:43:00,CASH_OUT,W009173,A913,,500.00,5.00,5.00
T0000547,2026-07-01 11:44:00,CASH_OUT,W009174,A913,,500.00,5.00,5.00
T0000548,2026-07-01 11:45:00,CASH_OUT,W009175,A913,,500.00,5.00,5.00
T0000549,2026-07-01 11:46:00,CASH_OUT,W009176,A913,,500.00,5.00,5.00
T0000550,2026-07-01 11:47:00,CASH_OUT,W009177,A913,,500.00,5.00,5.00
T0000551,2026-07-01 11:48:00,CASH_OUT,W009178,A913,,500.00,5.00,5.00
T0000552,2026-07-01 11:49:00,CASH_OUT,W009179,A913,,500.00,5.00,5.00
T0000553,2026-07-01 11:50:00,CASH_OUT,W009180,A913,,500.00,5.00,5.00
T0000554,2026-07-01 11:51:00,CASH_OUT,W009181,A913,,500.00,5.00,5.00
T0000555,2026-07-01 11:52:00,CASH_OUT,W009182,A913,,500.00,5.00,5.00
T0000556,2026-07-01 11:53:00,CASH_OUT,W009183,A913,,500.00,5.00,5.00
T0000557,2026-07-01 11:54:00,CASH_OUT,W009184,A913,,500.00,5.00,5.00
T0000558,2026-07-01 11:55:00,CASH_OUT,W009185,A913,,500.00,5.00,5.00
T0000559,2026-07-01 11:56:00,CASH_OUT,W009186,A913,,500.00,5.00,5.00
T0000560,2026-07-01 11:57:00,CASH_OUT,W009187,A913,,500.00,5.00,5.00
T0000561,2026-07-01 11:58:00,CASH_OUT,W009188,A913,,500.00,5.00,5.00
T0000562,2026-07-01 11:59:00,CASH_OUT,W009189,A913,,500.00,5.00,5.00
T0000563,2026-07-01 11:30:00,CASH_OUT,W009190,A913,,500.00,5.00,5.00
T0000564,2026-07-01 11:31:00,CASH_OUT,W009191,A913,,500.00,5.00,5.00
T0000565,2026-07-01 11:32:00,CASH_OUT,W009192,A913,,500.00,5.00,5.00
T0000566,2026-07-01 11:33:00,CASH_OUT,W009193,A913,,500.00,5.00,5.00
T0000567,2026-07-01 11:34:00,CASH_OUT,W009194,A913,,500.00,5.00,5.00
T0000568,2026-07-01 11:35:00,CASH_OUT,W009195,A913,,500.00,5.00,5.00
T0000569,2026-07-01 11:36:00,CASH_OUT,W009196,A913,,500.00,5.00,5.00
T0000570,2026-07-01 11:37:00,CASH_OUT,W009197,A913,,500.00,5.00,5.00
T0000571,2026-07-01 11:38:00,CASH_OUT,W009198,A913,,500.00,5.00,5.00
T0000572,2026-07-01 11:39:00,CASH_OUT,W009199,A913,,500.00,5.00,5.00
T0000573,2026-07-01 12:00:00,P2P,W009201,,,50.00,2.00,0.00
T0000574,2026-07-01 12:01:00,P2P,W009201,,,50.00,2.00,0.00
T0000575,2026-07-01 12:02:00,P2P,W009201,,,50.00,2.00,0.00
T0000576,2026-07-01 12:03:00,P2P,W009201,,,50.00,2.00,0.00
T0000577,2026-07-01 12:04:00,P2P,W009201,,,50.00,2.00,0.00
T0000578,2026-07-01 12:10:00,CASH_OUT,W009202,A30,,70.00,5.00,0.70
T0000579,2026-07-01 12:11:00,CASH_OUT,W009202,A30,,70.00,5.00,0.70
T0000580,2026-07-01 12:20:00,P2P,W009203,,,1000.00,15.00,0.00
T0000581,2026-07-01 12:30:00,P2P,W009204,,,100.00,2.01,0.00
T0000582,2026-07-01 12:40:00,P2P,W009211,,,100.00,2.00,0.00
T0000583,2026-07-01 12:41:00,P2P,W009212,,,100.00,0.00,0.00
T0000584,2026-07-01 12:42:00,P2P,W009213,,,10.00,0.50,0.00
T0000585,2026-07-01 12:43:00,P2P,W009214,,,100.00,1.45,0.00
T0000586,2026-07-01 12:44:00,P2P,W009214,,,100.00,1.45,0.00
T0000587,2026-07-01 13:01:00,CASH_IN,W009301,A801,,950.00,0.00,4.75
T0000588,2026-07-01 13:08:00,CASH_IN,W009301,A801,,950.00,0.00,4.75
T0000589,2026-07-01 13:12:00,CASH_IN,W009301,A801,,950.00,0.00,4.75
T0000590,2026-07-01 13:16:00,CASH_IN,W009301,A801,,950.00,0.00,4.75
T0000591,2026-07-01 13:20:00,CASH_IN,W009301,A801,,950.00,0.00,4.75
T0000592,2026-07-01 13:02:00,CASH_IN,W009302,A802,,990.00,0.00,4.95
T0000593,2026-07-01 13:05:00,CASH_IN,W009302,A802,,990.00,0.00,4.95
T0000594,2026-07-01 13:10:00,CASH_IN,W009302,A802,,990.00,0.00,4.95
T0000595,2026-07-01 13:18:00,CASH_IN,W009302,A802,,990.00,0.00,4.95
T0000596,2026-07-01 13:24:00,CASH_IN,W009302,A802,,990.00,0.00,4.95
T0000597,2026-07-01 13:00:00,CASH_IN,W009303,A803,,900.00,0.00,4.50
T0000598,2026-07-01 13:07:00,CASH_IN,W009303,A803,,900.00,0.00,4.50
T0000599,2026-07-01 13:11:00,CASH_IN,W009303,A803,,900.00,0.00,4.50
T0000600,2026-07-01 13:16:00,CASH_IN,W009303,A803,,900.00,0.00,4.50
T0000601,2026-07-01 13:23:00,CASH_IN,W009303,A803,,900.00,0.00,4.50
T0000602,2026-07-01 13:28:00,CASH_IN,W009303,A803,,900.00,0.00,4.50
T0000603,2026-07-01 13:03:00,CASH_IN,W009304,A804,,999.99,0.00,5.00
T0000604,2026-07-01 13:07:00,CASH_IN,W009304,A804,,999.99,0.00,5.00
T0000605,2026-07-01 13:11:00,CASH_IN,W009304,A804,,999.99,0.00,5.00
T0000606,2026-07-01 13:15:00,CASH_IN,W009304,A804,,999.99,0.00,5.00
T0000607,2026-07-01 14:01:00,CASH_IN,W009311,A811,,950.00,0.00,4.75
T0000608,2026-07-01 14:09:00,CASH_IN,W009311,A811,,950.00,0.00,4.75
T0000609,2026-07-01 14:11:00,CASH_IN,W009311,A811,,950.00,0.00,4.75
T0000610,2026-07-01 14:04:00,CASH_IN,W009320,A812,,950.00,0.00,4.75
T0000611,2026-07-01 14:00:00,CASH_IN,W009321,A812,,950.00,0.00,4.75
T0000612,2026-07-01 14:04:00,CASH_IN,W009322,A812,,950.00,0.00,4.75
T0000613,2026-07-01 14:02:00,CASH_IN,W009323,A812,,950.00,0.00,4.75
T0000614,2026-07-01 14:03:00,CASH_IN,W009324,A812,,950.00,0.00,4.75
T0000615,2026-07-01 14:00:00,CASH_IN,W009325,A812,,950.00,0.00,4.75
T0000616,2026-07-01 14:04:00,CASH_IN,W009326,A812,,950.00,0.00,4.75
T0000617,2026-07-01 14:02:00,CASH_IN,W009327,A812,,950.00,0.00,4.75
T0000618,2026-07-01 14:00:00,CASH_IN,W009313,A813,,1000.00,0.00,5.00
T0000619,2026-07-01 14:07:00,CASH_IN,W009313,A813,,1000.00,0.00,5.00
T0000620,2026-07-01 14:14:00,CASH_IN,W009313,A813,,1000.00,0.00,5.00
T0000621,2026-07-01 14:15:00,CASH_IN,W009313,A813,,1000.00,0.00,5.00
T0000622,2026-07-01 14:22:00,CASH_IN,W009313,A813,,1000.00,0.00,5.00
T0000623,2026-07-01 14:04:00,CASH_IN,W009314,A814,,899.99,0.00,4.50
T0000624,2026-07-01 14:06:00,CASH_IN,W009314,A814,,899.99,0.00,4.50
T0000625,2026-07-01 14:13:00,CASH_IN,W009314,A814,,899.99,0.00,4.50
T0000626,2026-07-01 14:19:00,CASH_IN,W009314,A814,,899.99,0.00,4.50
T0000627,2026-07-01 14:24:00,CASH_IN,W009314,A814,,899.99,0.00,4.50
T0000628,2026-07-01 14:00:00,CASH_IN,W009315,A815,,200.00,0.00,1.00
T0000629,2026-07-01 14:07:00,CASH_IN,W009315,A815,,200.00,0.00,1.00
T0000630,2026-07-01 14:10:00,CASH_IN,W009315,A815,,200.00,0.00,1.00
T0000631,2026-07-01 14:15:00,CASH_IN,W009315,A815,,200.00,0.00,1.00
T0000632,2026-07-01 14:22:00,CASH_IN,W009315,A815,,200.00,0.00,1.00
T0000633,2026-07-01 14:26:00,CASH_IN,W009315,A815,,200.00,0.00,1.00
T0000634,2026-07-01 18:00:00,CASH_IN,W009400,A701,,300.00,0.00,1.50
T0000635,2026-07-01 18:20:00,CASH_OUT,W009400,A701,,290.00,2.90,2.90
T0000636,2026-07-01 18:10:00,CASH_IN,W009401,A701,,300.00,0.00,1.50
T0000637,2026-07-01 18:30:00,CASH_OUT,W009401,A701,,290.00,2.90,2.90
T0000638,2026-07-01 18:20:00,CASH_IN,W009402,A701,,300.00,0.00,1.50
T0000639,2026-07-01 18:40:00,CASH_OUT,W009402,A701,,290.00,2.90,2.90
T0000640,2026-07-01 18:30:00,CASH_IN,W009403,A701,,300.00,0.00,1.50
T0000641,2026-07-01 18:50:00,CASH_OUT,W009403,A701,,290.00,2.90,2.90
T0000642,2026-07-01 18:00:00,CASH_IN,W009410,A702,,300.00,0.00,1.50
T0000643,2026-07-01 18:20:00,CASH_OUT,W009410,A702,,290.00,2.90,2.90
T0000644,2026-07-01 18:10:00,CASH_IN,W009411,A702,,300.00,0.00,1.50
T0000645,2026-07-01 18:30:00,CASH_OUT,W009411,A702,,290.00,2.90,2.90
T0000646,2026-07-01 18:20:00,CASH_IN,W009412,A702,,300.00,0.00,1.50
T0000647,2026-07-01 18:40:00,CASH_OUT,W009412,A702,,290.00,2.90,2.90
T0000648,2026-07-01 18:30:00,CASH_IN,W009413,A702,,300.00,0.00,1.50
T0000649,2026-07-01 18:50:00,CASH_OUT,W009413,A702,,290.00,2.90,2.90
T0000650,2026-07-01 18:40:00,CASH_IN,W009414,A702,,300.00,0.00,1.50
T0000651,2026-07-01 19:00:00,CASH_OUT,W009414,A702,,290.00,2.90,2.90
T0000652,2026-07-01 18:00:00,CASH_IN,W009420,A703,,300.00,0.00,1.50
T0000653,2026-07-01 18:20:00,CASH_OUT,W009420,A703,,290.00,2.90,2.90
T0000654,2026-07-01 18:10:00,CASH_IN,W009421,A703,,300.00,0.00,1.50
T0000655,2026-07-01 18:30:00,CASH_OUT,W009421,A703,,290.00,2.90,2.90
T0000656,2026-07-01 18:20:00,CASH_IN,W009422,A703,,300.00,0.00,1.50
T0000657,2026-07-01 18:40:00,CASH_OUT,W009422,A703,,290.00,2.90,2.90
T0000658,2026-07-01 18:00:00,CASH_IN,W009430,A711,,300.00,0.00,1.50
T0000659,2026-07-01 18:20:00,CASH_OUT,W009430,A711,,290.00,2.90,2.90
T0000660,2026-07-01 18:10:00,CASH_IN,W009431,A711,,300.00,0.00,1.50
T0000661,2026-07-01 18:30:00,CASH_OUT,W009431,A711,,290.00,2.90,2.90
T0000662,2026-07-01 18:00:00,CASH_IN,W009440,A712,,300.00,0.00,1.50
T0000663,2026-07-01 18:20:00,CASH_OUT,W009440,A713,,290.00,2.90,2.90
T0000664,2026-07-01 18:10:00,CASH_IN,W009441,A712,,300.00,0.00,1.50
T0000665,2026-07-01 18:30:00,CASH_OUT,W009441,A713,,290.00,2.90,2.90
T0000666,2026-07-01 18:20:00,CASH_IN,W009442,A712,,300.00,0.00,1.50
T0000667,2026-07-01 18:40:00,CASH_OUT,W009442,A713,,290.00,2.90,2.90
T0000668,2026-07-01 18:30:00,CASH_IN,W009443,A712,,300.00,0.00,1.50
T0000669,2026-07-01 18:50:00,CASH_OUT,W009443,A713,,290.00,2.90,2.90
T0000670,2026-07-01 18:00:00,CASH_IN,W009450,A714,,300.00,0.00,1.50
T0000671,2026-07-01 21:00:00,CASH_OUT,W009450,A714,,290.00,2.90,2.90
T0000672,2026-07-01 18:10:00,CASH_IN,W009451,A714,,300.00,0.00,1.50
T0000673,2026-07-01 21:10:00,CASH_OUT,W009451,A714,,290.00,2.90,2.90
T0000674,2026-07-01 18:20:00,CASH_IN,W009452,A714,,300.00,0.00,1.50
T0000675,2026-07-01 21:20:00,CASH_OUT,W009452,A714,,290.00,2.90,2.90
T0000676,2026-07-01 18:30:00,CASH_IN,W009453,A714,,300.00,0.00,1.50
T0000677,2026-07-01 21:30:00,CASH_OUT,W009453,A714,,290.00,2.90,2.90
T0000678,2026-07-01 18:00:00,CASH_IN,W009460,A715,,300.00,0.00,1.50
T0000679,2026-07-01 18:20:00,CASH_OUT,W009460,A715,,50.00,0.50,0.50
T0000680,2026-07-01 18:10:00,CASH_IN,W009461,A715,,300.00,0.00,1.50
T0000681,2026-07-01 18:30:00,CASH_OUT,W009461,A715,,50.00,0.50,0.50
T0000682,2026-07-01 18:20:00,CASH_IN,W009462,A715,,300.00,0.00,1.50
T0000683,2026-07-01 18:40:00,CASH_OUT,W009462,A715,,50.00,0.50,0.50
T0000684,2026-07-01 18:30:00,CASH_IN,W009463,A715,,300.00,0.00,1.50
T0000685,2026-07-01 18:50:00,CASH_OUT,W009463,A715,,50.00,0.50,0.50
T0000686,2026-07-01 16:00:00,CASH_IN,W009470,A720,,950.00,0.00,4.75
T0000687,2026-07-01 16:07:00,CASH_IN,W009470,A720,,950.00,0.00,4.75
T0000688,2026-07-01 16:10:00,CASH_IN,W009470,A720,,950.00,0.00,4.75
T0000689,2026-07-01 18:00:00,CASH_IN,W009471,A720,,300.00,0.00,1.50
T0000690,2026-07-01 18:20:00,CASH_OUT,W009471,A720,,290.00,2.90,2.90
T0000691,2026-07-01 18:10:00,CASH_IN,W009472,A720,,300.00,0.00,1.50
T0000692,2026-07-01 18:30:00,CASH_OUT,W009472,A720,,290.00,2.90,2.90
T0000693,2026-07-01 16:03:00,CASH_IN,W009475,A721,,950.00,0.00,4.75
T0000694,2026-07-01 16:07:00,CASH_IN,W009475,A721,,950.00,0.00,4.75
T0000695,2026-07-01 16:13:00,CASH_IN,W009475,A721,,950.00,0.00,4.75
T0000696,2026-07-01 20:21:00,P2P,W009501,,,2000.00,20.00,0.00
T0000697,2026-07-01 20:22:00,CASH_OUT,W009502,A31,,1500.00,15.00,15.00
T0000698,2026-07-01 20:23:00,P2P,W009503,,,500.01,5.00,0.00
T0000699,2026-07-01 20:31:00,P2P,W009511,,,500.00,5.00,0.00
T0000700,2026-07-01 20:32:00,CASH_IN,W009512,A32,,3000.00,0.00,15.00
T0000701,2026-07-01 20:33:00,P2P,W009513,,,3000.00,30.00,0.00
T0000702,2026-07-01 20:34:00,P2P,W009514,,,2000.00,20.00,0.00
T0000703,2026-07-01 20:35:00,P2P,W009515,,,2000.00,20.00,0.00
T0000704,2026-07-01 15:00:00,P2P,W009601,,,800.00,8.00,0.00
T0000705,2026-07-01 15:01:00,P2P,W009602,,,1500.00,15.00,0.00
T0000706,2026-07-01 15:02:00,CASH_OUT,W009602,A33,,600.00,6.00,6.00
T0000707,2026-07-01 15:03:00,P2P,W009603,,,300.01,3.00,0.00
T0000708,2026-07-01 15:04:00,P2P,W009604,,,400.00,4.00,0.00
T0000709,2026-07-01 15:05:00,P2P,W009611,,,300.00,3.00,0.00
T0000710,2026-07-01 15:06:00,P2P,W009612,,,5000.00,50.00,0.00
T0000711,2026-07-01 15:07:00,CASH_IN,W009613,A34,,2000.00,0.00,10.00
T0000712,2026-07-01 15:08:00,P2P,W009614,,,1999.99,20.00,0.00
T0000713,2026-07-01 16:00:00,BANK_OUT,W009801,,,500.00,0.00,0.00
T0000714,2026-07-01 16:01:00,BANK_OUT,W009802,,,250.00,0.00,0.00
T0000715,2026-07-01 16:02:00,BANK_IN,W009803,,,300.00,0.00,0.00
T0000716,2026-07-01 16:03:00,BANK_OUT,W009804,,,100.00,0.00,0.00
T0000717,2026-07-01 16:04:00,BANK_OUT,W009811,,,100.00,0.00,0.00
T0000718,2026-07-01 16:05:00,BANK_OUT,W009812,,,400.00,0.00,0.00
T0000719,2026-07-01 17:00:00,BILL_PAY,W009901,,P01,120.00,0.00,0.00
T0000720,2026-07-01 17:01:00,BILL_PAY,W009902,,P02,120.00,0.00,0.00
T0000721,2026-07-01 17:02:00,BILL_PAY,W009903,,P01,200.00,0.00,0.00
T0000722,2026-07-01 17:03:00,BILL_PAY,W009911,,P01,60.00,0.00,0.00
T0000723,2026-07-01 17:04:00,BILL_PAY,W009912,,P02,300.00,0.00,0.00
T0000724,2026-07-01 23:50:00,BILL_PAY,W009913,,P03,90.00,0.00,0.00
