XDR_ID,EVENT_DATE,SUBSCRIBER_ID,SERVICE,USAGE_UNITS
X000001,2026-07-01,S027,VOICE,337
X000002,2026-07-02,S039,DATA,116
X000003,2026-07-01,S016,VOICE,1502
X000005,2026-07-01,S025,VOICE,827
X000006,2026-07-03,S040,DATA,3
X000007,2026-07-01,S015,SMS,1
X000008,2026-07-01,S024,VOICE,362
X000009,2026-07-01,S023,VOICE,1116
X000010,2026-07-02,S021,VOICE,237
X000011,2026-07-03,S040,VOICE,38
X000012,2026-07-02,S020,SMS,1
X000013,2026-07-01,S033,VOICE,1684
X000014,2026-07-01,S014,VOICE,783
X000015,2026-07-01,S011,VOICE,1334
X000016,2026-07-01,S013,VOICE,812
X000017,2026-07-02,S037,DATA,463
X000018,2026-07-03,S010,VOICE,132
X000019,2026-07-03,S015,SMS,1
X000020,2026-07-03,S019,SMS,1
X000021,2026-07-02,S040,VOICE,47
X000022,2026-07-01,S031,VOICE,547
X000023,2026-07-01,S034,SMS,1
X000024,2026-07-03,S033,VOICE,1442
X000025,2026-07-02,S035,SMS,1
X000026,2026-07-03,S022,VOICE,1333
X000027,2026-07-02,S037,SMS,1
X000028,2026-07-02,S013,VOICE,1794
X000029,2026-07-02,S039,SMS,1
X000030,2026-07-01,S039,DATA,90
X000031,2026-07-03,S028,DATA,275
X000032,2026-07-01,S027,VOICE,87
X000033,2026-07-01,S014,SMS,1
X000034,2026-07-01,S032,SMS,1
X000035,2026-07-03,S026,SMS,1
X000036,2026-07-03,S001,DATA,267
X000037,2026-07-02,S031,SMS,1
X000038,2026-07-02,S006,SMS,1
X000039,2026-07-03,S011,VOICE,1769
X000040,2026-07-01,S020,DATA,358
X000041,2026-07-03,S011,VOICE,658
X000042,2026-07-02,S035,DATA,266
X000043,2026-07-02,S035,VOICE,613
X000044,2026-07-02,S036,VOICE,331
X000045,2026-07-01,S006,DATA,20
X000046,2026-07-03,S021,VOICE,1033
X000047,2026-07-01,S001,DATA,142
X000048,2026-07-03,S003,SMS,1
X000049,2026-07-02,S027,SMS,1
X000050,2026-07-01,S032,VOICE,772
X000051,2026-07-03,S035,SMS,1
X000052,2026-07-01,S035,VOICE,309
X000053,2026-07-01,S032,SMS,1
X000054,2026-07-03,S027,VOICE,425
X000055,2026-07-03,S037,VOICE,560
X000056,2026-07-02,S010,VOICE,397
X000057,2026-07-03,S013,VOICE,851
X000058,2026-07-03,S016,SMS,1
X000059,2026-07-03,S001,VOICE,1433
X000060,2026-07-02,S003,SMS,1
X000061,2026-07-03,S033,SMS,1
X000062,2026-07-02,S026,VOICE,1064
X000063,2026-07-03,S027,DATA,241
X000064,2026-07-01,S032,SMS,1
X000065,2026-07-01,S032,VOICE,724
X000066,2026-07-02,S004,SMS,1
X000067,2026-07-01,S039,VOICE,1472
X000069,2026-07-01,S035,SMS,1
X000070,2026-07-01,S031,VOICE,440
X000071,2026-07-03,S029,SMS,1
X000072,2026-07-03,S004,VOICE,1653
X000073,2026-07-02,S040,SMS,1
X000074,2026-07-02,S018,SMS,1
X000075,2026-07-01,S012,VOICE,984
X000076,2026-07-02,S032,VOICE,631
X000077,2026-07-03,S013,VOICE,1525
X000078,2026-07-01,S035,VOICE,1349
X000079,2026-07-03,S005,VOICE,459
X000080,2026-07-02,S015,SMS,1
X000081,2026-07-01,S014,SMS,1
X000082,2026-07-02,S008,VOICE,83
X000083,2026-07-01,S033,SMS,1
X000084,2026-07-01,S017,VOICE,1200
X000085,2026-07-03,S029,VOICE,1640
X000086,2026-07-01,S018,VOICE,852
X000087,2026-07-02,S002,DATA,99
X000088,2026-07-01,S030,VOICE,472
X000089,2026-07-02,S037,DATA,387
X000090,2026-07-02,S027,VOICE,1076
X000091,2026-07-02,S040,DATA,62
X000092,2026-07-01,S010,DATA,253
X000093,2026-07-02,S011,SMS,1
X000094,2026-07-02,S004,VOICE,285
X000095,2026-07-01,S008,VOICE,922
X000096,2026-07-01,S009,SMS,1
X000097,2026-07-03,S040,VOICE,1314
X000098,2026-07-02,S018,SMS,1
X000099,2026-07-02,S006,VOICE,1429
X000100,2026-07-03,S039,VOICE,468
X000101,2026-07-01,S029,SMS,1
X000102,2026-07-02,S025,VOICE,113
X000103,2026-07-03,S010,VOICE,1645
X000104,2026-07-03,S030,VOICE,1594
X000105,2026-07-02,S034,DATA,83
X000106,2026-07-02,S004,SMS,1
X000107,2026-07-03,S018,VOICE,736
X000108,2026-07-02,S030,DATA,41
X000109,2026-07-02,S008,VOICE,1189
X000110,2026-07-02,S024,SMS,1
X000111,2026-07-03,S022,VOICE,37
X000112,2026-07-03,S039,SMS,1
X000113,2026-07-03,S029,VOICE,1253
X000114,2026-07-02,S040,VOICE,330
X000115,2026-07-03,S028,VOICE,227
X000116,2026-07-02,S028,DATA,153
X000117,2026-07-03,S038,VOICE,438
X000118,2026-07-03,S029,VOICE,1574
X000119,2026-07-03,S039,SMS,1
X000120,2026-07-01,S002,VOICE,1115
X000121,2026-07-02,S022,SMS,1
X000122,2026-07-03,S034,SMS,1
X000123,2026-07-02,S012,VOICE,1536
X000124,2026-07-03,S011,VOICE,7
X000125,2026-07-01,S012,SMS,1
X000126,2026-07-01,S032,VOICE,147
X000127,2026-07-03,S014,VOICE,1474
X000128,2026-07-03,S003,VOICE,868
X000129,2026-07-02,S011,SMS,1
X000130,2026-07-03,S019,VOICE,587
X000131,2026-07-03,S008,VOICE,505
X000132,2026-07-03,S018,VOICE,50
X000133,2026-07-02,S027,DATA,422
X000134,2026-07-03,S013,SMS,1
X000135,2026-07-03,S022,SMS,1
X000136,2026-07-01,S008,VOICE,184
X000137,2026-07-03,S008,DATA,134
X000138,2026-07-03,S009,VOICE,529
X000139,2026-07-03,S033,SMS,1
X000140,2026-07-01,S018,VOICE,390
X000141,2026-07-03,S005,SMS,1
X000142,2026-07-02,S032,VOICE,10
X000143,2026-07-03,S012,SMS,1
X000144,2026-07-03,S002,SMS,1
X000145,2026-07-01,S002,VOICE,981
X000146,2026-07-01,S017,SMS,1
X000147,2026-07-01,S027,SMS,1
X000148,2026-07-02,S040,VOICE,913
X000149,2026-07-03,S037,SMS,1
X000150,2026-07-02,S040,DATA,352
X000151,2026-07-03,S021,SMS,1
X000152,2026-07-01,S015,VOICE,1202
X000153,2026-07-03,S013,VOICE,926
X000154,2026-07-03,S034,VOICE,61
X000155,2026-07-03,S033,VOICE,96
X000156,2026-07-03,S032,DATA,108
X000157,2026-07-03,S037,SMS,1
X000158,2026-07-02,S012,VOICE,98
X000159,2026-07-02,S025,VOICE,914
X000160,2026-07-02,S040,DATA,367
X000161,2026-07-01,S039,SMS,1
X000162,2026-07-02,S002,DATA,133
X000163,2026-07-03,S033,VOICE,1002
X000164,2026-07-02,S030,DATA,1
X000165,2026-07-03,S001,VOICE,1748
X000166,2026-07-03,S008,DATA,366
X000167,2026-07-02,S031,VOICE,1232
X000168,2026-07-03,S023,VOICE,821
X000169,2026-07-03,S009,VOICE,513
X000170,2026-07-02,S021,VOICE,1185
X000171,2026-07-02,S021,DATA,236
X000172,2026-07-01,S027,DATA,367
X000173,2026-07-03,S038,VOICE,234
X000174,2026-07-01,S032,VOICE,1612
X000175,2026-07-03,S028,SMS,1
X000176,2026-07-02,S013,SMS,1
X000177,2026-07-03,S015,SMS,1
X000178,2026-07-02,S008,SMS,1
X000179,2026-07-01,S039,DATA,165
X000180,2026-07-03,S002,VOICE,1108
X000181,2026-07-02,S017,VOICE,1539
X000182,2026-07-01,S009,VOICE,668
X000183,2026-07-01,S020,VOICE,1014
X000184,2026-07-01,S039,SMS,1
X000185,2026-07-03,S033,VOICE,1499
X000186,2026-07-03,S019,VOICE,783
X000187,2026-07-03,S020,DATA,52
X000188,2026-07-03,S027,VOICE,1025
X000189,2026-07-02,S017,VOICE,399
X000190,2026-07-01,S023,SMS,1
X000191,2026-07-01,S002,VOICE,271
X000192,2026-07-03,S031,DATA,401
X000193,2026-07-02,S011,VOICE,456
X000194,2026-07-02,S002,VOICE,397
X000195,2026-07-01,S024,VOICE,1588
X000196,2026-07-01,S004,DATA,454
X000197,2026-07-01,S020,SMS,1
X000198,2026-07-02,S030,VOICE,919
X000199,2026-07-02,S009,DATA,429
X000200,2026-07-02,S036,SMS,1
X000201,2026-07-03,S032,DATA,414
X000202,2026-07-02,S038,VOICE,781
X000203,2026-07-01,S023,VOICE,523
X000204,2026-07-03,S010,DATA,364
X000205,2026-07-01,S031,VOICE,1437
X000206,2026-07-01,S026,VOICE,453
X000207,2026-07-02,S007,VOICE,174
X000208,2026-07-03,S019,VOICE,627
X000209,2026-07-02,S018,VOICE,349
X000210,2026-07-02,S020,VOICE,1179
X000211,2026-07-01,S023,SMS,1
X000212,2026-07-03,S020,VOICE,1641
X000213,2026-07-01,S013,DATA,150
X000214,2026-07-02,S027,SMS,1
X000215,2026-07-01,S023,SMS,1
X000216,2026-07-01,S025,VOICE,1066
X000218,2026-07-02,S026,VOICE,1538
X000219,2026-07-03,S006,SMS,1
X000220,2026-07-02,S005,SMS,1
X000221,2026-07-02,S018,VOICE,208
X000222,2026-07-02,S028,DATA,18
X000223,2026-07-03,S033,DATA,375
X000224,2026-07-03,S037,SMS,1
X000225,2026-07-02,S020,VOICE,317
X000226,2026-07-03,S008,VOICE,17
X000227,2026-07-02,S027,VOICE,827
X000228,2026-07-03,S029,DATA,263
X000229,2026-07-03,S006,VOICE,1546
X000230,2026-07-01,S024,DATA,346
X000231,2026-07-01,S011,VOICE,922
X000232,2026-07-03,S038,VOICE,1624
X000233,2026-07-03,S003,SMS,1
X000234,2026-07-03,S001,VOICE,400
X000235,2026-07-01,S018,DATA,66
X000236,2026-07-02,S004,VOICE,472
X000237,2026-07-01,S031,VOICE,484
X000238,2026-07-03,S020,SMS,1
X000239,2026-07-01,S008,VOICE,1180
X000240,2026-07-02,S024,VOICE,1418
X000241,2026-07-01,S039,SMS,1
X000242,2026-07-03,S026,DATA,329
X000243,2026-07-03,S026,VOICE,1055
X000244,2026-07-03,S015,DATA,85
X000245,2026-07-01,S021,SMS,1
X000246,2026-07-03,S029,DATA,325
X000247,2026-07-03,S011,SMS,1
X000248,2026-07-01,S022,SMS,1
X000249,2026-07-02,S038,VOICE,1487
X000250,2026-07-01,S016,DATA,354
X000251,2026-07-03,S038,SMS,1
X000252,2026-07-01,S024,SMS,1
X000253,2026-07-02,S017,VOICE,1562
X000254,2026-07-03,S001,VOICE,1537
X000255,2026-07-02,S003,SMS,1
X000256,2026-07-02,S031,VOICE,1409
X000257,2026-07-01,S005,DATA,269
X000258,2026-07-02,S009,VOICE,1175
X000259,2026-07-01,S023,VOICE,724
X000260,2026-07-03,S029,DATA,12
X000261,2026-07-03,S001,VOICE,714
X000262,2026-07-01,S025,SMS,1
X000263,2026-07-01,S035,VOICE,1717
X000264,2026-07-02,S010,VOICE,804
X000265,2026-07-03,S028,VOICE,523
X000266,2026-07-02,S012,SMS,1
X000267,2026-07-03,S023,VOICE,738
X000268,2026-07-02,S004,VOICE,817
X000269,2026-07-01,S034,SMS,1
X000270,2026-07-01,S037,VOICE,1535
X000271,2026-07-01,S030,VOICE,367
X000272,2026-07-02,S014,VOICE,502
X000273,2026-07-02,S035,DATA,458
X000274,2026-07-03,S025,VOICE,1724
X000275,2026-07-03,S018,VOICE,1015
X000276,2026-07-03,S008,SMS,1
X000277,2026-07-03,S037,VOICE,555
X000278,2026-07-02,S008,SMS,1
X000279,2026-07-02,S002,VOICE,222
X000280,2026-07-02,S005,VOICE,724
X000281,2026-07-02,S003,VOICE,444
X000282,2026-07-01,S003,VOICE,459
X000283,2026-07-03,S007,VOICE,725
X000284,2026-07-03,S031,DATA,84
X000285,2026-07-03,S008,SMS,1
X000286,2026-07-03,S008,VOICE,536
X000287,2026-07-03,S009,SMS,1
X000288,2026-07-01,S019,VOICE,1384
X000289,2026-07-03,S038,VOICE,1637
X000290,2026-07-01,S022,VOICE,1535
X000291,2026-07-03,S036,SMS,1
X000292,2026-07-03,S004,VOICE,533
X000293,2026-07-02,S036,VOICE,1329
X000294,2026-07-03,S009,SMS,1
X000295,2026-07-02,S033,VOICE,1530
X000296,2026-07-02,S007,VOICE,1458
X000297,2026-07-02,S020,SMS,1
X000298,2026-07-02,S014,DATA,303
X000299,2026-07-02,S022,DATA,146
X000300,2026-07-01,S001,VOICE,1282
X000301,2026-07-03,S004,DATA,468
X000302,2026-07-03,S019,VOICE,1232
X000303,2026-07-03,S026,SMS,1
X000304,2026-07-02,S039,DATA,40
X000305,2026-07-02,S031,VOICE,1491
X000306,2026-07-02,S015,DATA,376
X000307,2026-07-02,S006,VOICE,427
X000308,2026-07-01,S033,DATA,275
X000309,2026-07-02,S010,DATA,338
X000310,2026-07-02,S030,VOICE,732
X000311,2026-07-03,S010,VOICE,838
X000312,2026-07-01,S038,SMS,1
X000313,2026-07-03,S037,VOICE,1139
X000314,2026-07-01,S021,SMS,1
X000315,2026-07-02,S005,SMS,1
X000316,2026-07-02,S017,VOICE,1329
X000317,2026-07-02,S039,VOICE,1682
X000318,2026-07-03,S001,SMS,1
X000319,2026-07-03,S003,VOICE,393
X000320,2026-07-01,S002,VOICE,48
X000321,2026-07-01,S010,DATA,167
X000322,2026-07-03,S014,VOICE,1480
X000323,2026-07-02,S028,DATA,230
X000324,2026-07-02,S027,DATA,108
X000325,2026-07-02,S027,VOICE,1405
X000326,2026-07-02,S032,SMS,1
X000327,2026-07-01,S030,VOICE,100
X000328,2026-07-02,S030,SMS,1
X000329,2026-07-01,S021,VOICE,915
X000330,2026-07-03,S006,SMS,1
X000331,2026-07-01,S002,VOICE,786
X000332,2026-07-02,S033,DATA,443
X000333,2026-07-02,S020,VOICE,325
X000334,2026-07-02,S012,VOICE,1730
X000335,2026-07-03,S029,VOICE,317
X000336,2026-07-03,S007,VOICE,708
X000337,2026-07-01,S010,SMS,1
X000338,2026-07-01,S006,VOICE,206
X000339,2026-07-02,S033,VOICE,1410
X000340,2026-07-03,S028,SMS,1
X000341,2026-07-02,S022,VOICE,422
X000342,2026-07-02,S018,VOICE,1155
X000343,2026-07-02,S026,DATA,279
X000344,2026-07-01,S007,VOICE,1020
X000345,2026-07-01,S034,VOICE,1322
X000346,2026-07-03,S018,VOICE,1650
X000347,2026-07-03,S037,VOICE,249
X000348,2026-07-03,S016,VOICE,606
X000349,2026-07-02,S027,SMS,1
X000350,2026-07-03,S039,SMS,1
X000351,2026-07-01,S029,SMS,1
X000352,2026-07-03,S013,VOICE,1487
X000353,2026-07-03,S011,VOICE,1058
X000354,2026-07-02,S022,VOICE,847
X000355,2026-07-03,S006,DATA,406
X000356,2026-07-03,S009,VOICE,829
X000357,2026-07-02,S007,DATA,438
X000358,2026-07-03,S022,SMS,1
X000359,2026-07-03,S005,VOICE,1339
X000360,2026-07-02,S030,VOICE,1341
X000361,2026-07-03,S035,DATA,342
X000362,2026-07-02,S002,SMS,1
X000363,2026-07-01,S021,DATA,71
X000364,2026-07-03,S038,VOICE,1513
X000365,2026-07-02,S018,DATA,271
X000366,2026-07-02,S037,VOICE,457
X000367,2026-07-02,S001,SMS,1
X000368,2026-07-02,S025,DATA,203
X000369,2026-07-03,S037,DATA,130
X000370,2026-07-03,S010,SMS,1
X000371,2026-07-03,S021,VOICE,360
X000372,2026-07-01,S032,VOICE,1767
X000373,2026-07-02,S012,VOICE,1721
X000374,2026-07-01,S040,VOICE,1380
X000375,2026-07-01,S035,VOICE,1304
X000376,2026-07-02,S013,VOICE,1296
X000377,2026-07-03,S007,SMS,1
X000378,2026-07-03,S001,VOICE,616
X000379,2026-07-01,S037,DATA,405
X000380,2026-07-02,S006,VOICE,1645
X000381,2026-07-03,S017,VOICE,1613
X000382,2026-07-03,S006,VOICE,1042
X000383,2026-07-02,S038,VOICE,1483
X000384,2026-07-01,S004,DATA,74
X000385,2026-07-02,S035,VOICE,599
X000386,2026-07-02,S012,VOICE,1572
X000387,2026-07-01,S002,VOICE,528
X000388,2026-07-01,S040,SMS,1
X000389,2026-07-01,S006,SMS,1
X000390,2026-07-03,S032,SMS,1
X000391,2026-07-01,S020,VOICE,465
X000392,2026-07-03,S035,VOICE,1250
X000393,2026-07-01,S015,VOICE,748
X000394,2026-07-02,S023,SMS,1
X000395,2026-07-02,S029,VOICE,975
X000396,2026-07-02,S011,VOICE,543
X000397,2026-07-01,S004,VOICE,1780
X000398,2026-07-01,S017,SMS,1
X000399,2026-07-03,S015,SMS,1
X000400,2026-07-02,S007,SMS,1
X000401,2026-07-02,S008,SMS,1
X000402,2026-07-03,S033,DATA,274
X000403,2026-07-03,S026,VOICE,972
X000404,2026-07-02,S016,DATA,413
X000405,2026-07-01,S028,VOICE,1699
X000406,2026-07-03,S034,SMS,1
X000407,2026-07-02,S007,VOICE,516
X000408,2026-07-02,S032,SMS,1
X000409,2026-07-03,S029,DATA,7
X000410,2026-07-02,S015,VOICE,1044
X000411,2026-07-01,S022,SMS,1
X000412,2026-07-02,S016,VOICE,553
X000413,2026-07-01,S003,VOICE,920
X000414,2026-07-01,S007,SMS,1
X000415,2026-07-02,S029,DATA,262
X000416,2026-07-03,S027,DATA,450
X000417,2026-07-01,S010,VOICE,236
X000418,2026-07-01,S032,VOICE,76
X000419,2026-07-03,S006,SMS,1
X000420,2026-07-03,S012,VOICE,346
X000421,2026-07-01,S014,VOICE,924
X000422,2026-07-03,S028,DATA,414
X000423,2026-07-02,S012,VOICE,250
X000424,2026-07-02,S039,VOICE,776
X000425,2026-07-03,S005,VOICE,1584
X000426,2026-07-03,S018,VOICE,1623
X000427,2026-07-01,S027,DATA,353
X000428,2026-07-03,S029,VOICE,1531
X000429,2026-07-02,S030,SMS,1
X000430,2026-07-02,S028,SMS,1
X000431,2026-07-02,S005,VOICE,1691
X000432,2026-07-01,S018,SMS,1
X000433,2026-07-03,S024,DATA,59
X000434,2026-07-03,S018,SMS,1
X000435,2026-07-01,S023,SMS,1
X000436,2026-07-03,S031,VOICE,339
X000437,2026-07-01,S025,DATA,144
X000438,2026-07-03,S038,VOICE,1197
X000439,2026-07-03,S038,VOICE,252
X000440,2026-07-02,S023,VOICE,733
X000441,2026-07-03,S039,SMS,1
X000442,2026-07-02,S040,VOICE,452
X000443,2026-07-01,S035,VOICE,1579
X000444,2026-07-01,S038,VOICE,1464
X000445,2026-07-03,S036,VOICE,696
X000446,2026-07-01,S016,SMS,1
X000447,2026-07-03,S038,VOICE,1538
X000448,2026-07-01,S012,VOICE,1025
X000449,2026-07-02,S017,DATA,162
X000450,2026-07-02,S037,SMS,1
X000451,2026-07-03,S039,VOICE,1073
X000452,2026-07-02,S019,DATA,300
X000453,2026-07-02,S035,SMS,1
X000454,2026-07-01,S004,SMS,1
X000455,2026-07-02,S016,SMS,1
X000456,2026-07-02,S017,DATA,275
X000457,2026-07-01,S017,VOICE,66
X000458,2026-07-03,S017,VOICE,1492
X000459,2026-07-01,S002,VOICE,150
X000460,2026-07-03,S017,DATA,178
X000461,2026-07-02,S026,SMS,1
X000462,2026-07-02,S008,SMS,1
X000463,2026-07-01,S026,SMS,1
X000464,2026-07-03,S017,VOICE,1432
X000465,2026-07-01,S023,DATA,285
X000466,2026-07-02,S028,SMS,1
X000467,2026-07-02,S036,VOICE,24
X000468,2026-07-03,S019,VOICE,1711
X000469,2026-07-02,S026,SMS,1
X000470,2026-07-01,S019,VOICE,1324
X000471,2026-07-03,S022,SMS,1
X000472,2026-07-02,S003,SMS,1
X000473,2026-07-03,S035,DATA,440
X000474,2026-07-03,S004,VOICE,549
X000475,2026-07-01,S030,SMS,1
X000476,2026-07-02,S014,SMS,1
X000477,2026-07-03,S037,DATA,104
X000478,2026-07-03,S017,VOICE,188
X000479,2026-07-02,S021,SMS,1
X000480,2026-07-02,S033,VOICE,1342
X000481,2026-07-01,S026,VOICE,1403
X000482,2026-07-03,S039,DATA,170
X000483,2026-07-01,S016,SMS,1
X000484,2026-07-02,S022,VOICE,1131
X000485,2026-07-02,S039,VOICE,57
X000486,2026-07-02,S032,VOICE,583
X000487,2026-07-02,S004,DATA,201
X000488,2026-07-01,S027,SMS,1
X000489,2026-07-03,S002,SMS,1
X000490,2026-07-03,S011,SMS,1
X000491,2026-07-03,S039,SMS,1
X000492,2026-07-02,S036,VOICE,1682
X000493,2026-07-01,S015,VOICE,1739
X000494,2026-07-03,S031,DATA,352
X000495,2026-07-02,S020,DATA,128
X000496,2026-07-03,S007,SMS,1
X000497,2026-07-03,S030,VOICE,76
X000498,2026-07-01,S031,VOICE,1271
X000499,2026-07-01,S001,VOICE,652
X000500,2026-07-01,S013,DATA,94
X000501,2026-07-01,S032,VOICE,1171
X000502,2026-07-03,S018,VOICE,1313
X000503,2026-07-03,S028,VOICE,108
X000504,2026-07-03,S017,VOICE,209
X000505,2026-07-03,S036,VOICE,453
X000506,2026-07-02,S033,VOICE,1121
X000507,2026-07-03,S007,VOICE,1527
X000508,2026-07-03,S039,VOICE,1629
X000509,2026-07-02,S032,SMS,1
X000510,2026-07-03,S040,VOICE,1683
X000511,2026-07-02,S023,VOICE,1060
X000512,2026-07-02,S027,DATA,376
X000513,2026-07-03,S040,VOICE,1215
X000514,2026-07-02,S016,VOICE,817
X000515,2026-07-01,S039,VOICE,555
X000516,2026-07-02,S015,SMS,1
X000517,2026-07-01,S015,VOICE,830
X000518,2026-07-01,S012,DATA,314
X000519,2026-07-01,S003,DATA,238
X000520,2026-07-03,S007,VOICE,65
X000521,2026-07-02,S019,VOICE,787
X000522,2026-07-03,S030,SMS,1
X000523,2026-07-03,S003,SMS,1
X000524,2026-07-03,S035,SMS,1
X000525,2026-07-02,S019,VOICE,844
X000526,2026-07-03,S010,DATA,191
X000527,2026-07-02,S003,VOICE,1471
X000528,2026-07-02,S012,DATA,233
X000529,2026-07-03,S004,SMS,1
X000530,2026-07-01,S016,SMS,1
X000531,2026-07-01,S009,VOICE,20
X000532,2026-07-03,S010,VOICE,827
X000533,2026-07-01,S008,VOICE,1094
X000534,2026-07-02,S025,VOICE,1527
X000535,2026-07-03,S017,VOICE,681
X000536,2026-07-02,S038,SMS,1
X000537,2026-07-01,S027,SMS,1
X000538,2026-07-01,S014,VOICE,1283
X000539,2026-07-02,S027,SMS,1
X000540,2026-07-02,S022,SMS,1
X000541,2026-07-03,S001,SMS,1
X000542,2026-07-01,S031,DATA,326
X000543,2026-07-01,S036,VOICE,1695
X000544,2026-07-03,S027,DATA,405
X000546,2026-07-02,S030,VOICE,1605
X000547,2026-07-01,S012,SMS,1
X000548,2026-07-02,S024,SMS,1
X000549,2026-07-03,S001,VOICE,667
X000550,2026-07-03,S010,VOICE,1016
X000551,2026-07-03,S007,SMS,1
X000552,2026-07-02,S040,VOICE,1273
X000553,2026-07-02,S040,VOICE,627
X000554,2026-07-01,S010,VOICE,913
X000555,2026-07-02,S011,VOICE,26
X000556,2026-07-01,S007,VOICE,476
X000557,2026-07-02,S013,VOICE,1400
X000558,2026-07-01,S015,VOICE,531
X000559,2026-07-03,S008,VOICE,1171
X000560,2026-07-03,S013,VOICE,1228
X000561,2026-07-01,S006,VOICE,463
X000562,2026-07-03,S024,VOICE,615
X000563,2026-07-03,S010,SMS,1
X000564,2026-07-02,S031,DATA,204
X000565,2026-07-03,S034,SMS,1
X000566,2026-07-03,S036,DATA,292
X000567,2026-07-03,S008,VOICE,77
X000568,2026-07-01,S038,VOICE,1540
X000569,2026-07-03,S003,VOICE,718
X000570,2026-07-03,S024,VOICE,1133
X000571,2026-07-01,S030,DATA,12
X000572,2026-07-02,S011,SMS,1
X000573,2026-07-01,S007,VOICE,480
X000574,2026-07-02,S027,VOICE,183
X000575,2026-07-01,S017,DATA,257
X000576,2026-07-01,S010,SMS,1
X000577,2026-07-03,S004,SMS,1
X000578,2026-07-03,S029,SMS,1
X000579,2026-07-03,S038,VOICE,962
X000580,2026-07-03,S027,VOICE,566
X000581,2026-07-02,S005,VOICE,1611
X000582,2026-07-01,S023,SMS,1
X000583,2026-07-02,S030,VOICE,1385
X000584,2026-07-02,S023,VOICE,724
X000585,2026-07-03,S019,VOICE,1244
X000586,2026-07-03,S019,VOICE,370
X000587,2026-07-01,S040,DATA,450
X000588,2026-07-01,S024,VOICE,353
X000589,2026-07-03,S029,DATA,20
X000590,2026-07-03,S006,VOICE,1749
X000591,2026-07-03,S036,VOICE,961
X000592,2026-07-02,S001,VOICE,111
X000593,2026-07-01,S019,VOICE,1516
X000594,2026-07-02,S021,SMS,1
X000595,2026-07-02,S013,DATA,59
X000596,2026-07-01,S007,VOICE,1311
X000597,2026-07-03,S011,SMS,1
X000598,2026-07-03,S016,VOICE,83
X000599,2026-07-01,S028,VOICE,415
X000600,2026-07-03,S020,SMS,1
