txn_id,txn_ts,txn_type,msisdn,amount,voucher_serial,ref_txn_id
T0000001,2026-07-01 23:37:08,VOUCHER,99970000001,10.00,V00000001,
T0000002,2026-07-01 03:41:59,PAYMENT,99970000001,75.00,,
T0000003,2026-07-01 19:20:14,VOUCHER,99970000002,10.00,V00000002,
T0000004,2026-07-01 10:20:01,PAYMENT,99970000002,27.00,,
T0000005,2026-07-01 07:30:20,VOUCHER,99970000003,10.00,V00000003,
T0000006,2026-07-01 21:31:17,PAYMENT,99970000003,33.00,,
T0000007,2026-07-01 15:38:10,VOUCHER,99970000004,10.00,V00000004,
T0000008,2026-07-01 02:04:13,PAYMENT,99970000004,32.00,,
T0000009,2026-07-01 03:20:24,VOUCHER,99970000005,10.00,V00000005,
T0000010,2026-07-01 14:17:34,PAYMENT,99970000005,38.00,,
T0000011,2026-07-01 15:38:38,VOUCHER,99970000006,10.00,V00000006,
T0000012,2026-07-01 20:35:23,PAYMENT,99970000006,44.00,,
T0000013,2026-07-01 03:04:12,VOUCHER,99970000007,10.00,V00000007,
T0000014,2026-07-01 01:07:34,PAYMENT,99970000007,78.00,,
T0000015,2026-07-01 20:39:46,VOUCHER,99970000008,10.00,V00000008,
T0000016,2026-07-01 08:13:31,PAYMENT,99970000008,47.00,,
T0000017,2026-07-01 10:31:17,VOUCHER,99970000009,10.00,V00000009,
T0000018,2026-07-01 21:49:36,PAYMENT,99970000009,24.00,,
T0000019,2026-07-01 06:53:48,VOUCHER,99970000010,10.00,V00000010,
T0000020,2026-07-01 23:48:34,PAYMENT,99970000010,34.00,,
T0000021,2026-07-01 07:04:00,VOUCHER,99970000011,10.00,V00000011,
T0000022,2026-07-01 21:16:33,PAYMENT,99970000011,55.00,,
T0000023,2026-07-01 18:35:50,VOUCHER,99970000012,10.00,V00000012,
T0000024,2026-07-01 19:17:52,PAYMENT,99970000012,52.00,,
T0000025,2026-07-01 08:30:32,VOUCHER,99970000013,10.00,V00000013,
T0000026,2026-07-01 00:14:02,PAYMENT,99970000013,32.00,,
T0000027,2026-07-01 09:37:05,VOUCHER,99970000014,10.00,V00000014,
T0000028,2026-07-01 03:05:11,PAYMENT,99970000014,78.00,,
T0000029,2026-07-01 18:38:38,VOUCHER,99970000015,10.00,V00000015,
T0000030,2026-07-01 19:08:11,PAYMENT,99970000015,78.00,,
T0000031,2026-07-01 13:51:24,VOUCHER,99970000016,10.00,V00000016,
T0000032,2026-07-01 02:10:58,PAYMENT,99970000016,28.00,,
T0000033,2026-07-01 17:03:28,VOUCHER,99970000017,10.00,V00000017,
T0000034,2026-07-01 11:49:06,PAYMENT,99970000017,52.00,,
T0000035,2026-07-01 13:01:50,VOUCHER,99970000018,10.00,V00000018,
T0000036,2026-07-01 23:09:33,PAYMENT,99970000018,36.00,,
T0000037,2026-07-01 21:53:42,VOUCHER,99970000019,10.00,V00000019,
T0000038,2026-07-01 19:30:26,PAYMENT,99970000019,57.00,,
T0000039,2026-07-01 22:39:46,VOUCHER,99970000020,10.00,V00000020,
T0000040,2026-07-01 05:51:29,PAYMENT,99970000020,38.00,,
T0000041,2026-07-01 19:32:30,VOUCHER,99970000021,10.00,V00000021,
T0000042,2026-07-01 18:53:12,PAYMENT,99970000021,49.00,,
T0000043,2026-07-01 19:49:19,VOUCHER,99970000022,10.00,V00000022,
T0000044,2026-07-01 11:28:23,PAYMENT,99970000022,24.00,,
T0000045,2026-07-01 04:43:35,VOUCHER,99970000023,10.00,V00000023,
T0000046,2026-07-01 22:11:14,PAYMENT,99970000023,43.00,,
T0000047,2026-07-01 07:13:50,VOUCHER,99970000024,10.00,V00000024,
T0000048,2026-07-01 09:09:27,PAYMENT,99970000024,63.00,,
T0000049,2026-07-01 01:22:40,VOUCHER,99970000025,10.00,V00000025,
T0000050,2026-07-01 12:31:59,PAYMENT,99970000025,32.00,,
T0000051,2026-07-01 16:06:13,VOUCHER,99970000026,10.00,V00000026,
T0000052,2026-07-01 02:56:41,PAYMENT,99970000026,38.00,,
T0000053,2026-07-01 03:11:09,VOUCHER,99970000027,10.00,V00000027,
T0000054,2026-07-01 05:36:40,PAYMENT,99970000027,42.00,,
T0000055,2026-07-01 12:32:36,VOUCHER,99970000028,10.00,V00000028,
T0000056,2026-07-01 15:03:07,PAYMENT,99970000028,61.00,,
T0000057,2026-07-01 01:25:01,VOUCHER,99970000029,10.00,V00000029,
T0000058,2026-07-01 17:19:38,PAYMENT,99970000029,73.00,,
T0000059,2026-07-01 22:47:40,VOUCHER,99970000030,10.00,V00000030,
T0000060,2026-07-01 23:43:15,PAYMENT,99970000030,64.00,,
T0000061,2026-07-01 08:03:59,VOUCHER,99970000031,10.00,V00000031,
T0000062,2026-07-01 17:43:55,PAYMENT,99970000031,71.00,,
T0000063,2026-07-01 09:46:10,VOUCHER,99970000032,10.00,V00000032,
T0000064,2026-07-01 21:11:43,PAYMENT,99970000032,40.00,,
T0000065,2026-07-01 05:03:51,VOUCHER,99970000033,10.00,V00000033,
T0000066,2026-07-01 05:21:45,PAYMENT,99970000033,72.00,,
T0000067,2026-07-01 18:04:34,VOUCHER,99970000034,10.00,V00000034,
T0000068,2026-07-01 20:50:24,PAYMENT,99970000034,73.00,,
T0000069,2026-07-01 07:16:21,VOUCHER,99970000035,10.00,V00000035,
T0000070,2026-07-01 03:21:09,PAYMENT,99970000035,67.00,,
T0000071,2026-07-01 02:36:51,VOUCHER,99970000036,10.00,V00000036,
T0000072,2026-07-01 18:02:34,PAYMENT,99970000036,20.00,,
T0000073,2026-07-01 16:21:06,VOUCHER,99970000037,10.00,V00000037,
T0000074,2026-07-01 17:42:29,PAYMENT,99970000037,63.00,,
T0000075,2026-07-01 13:06:53,VOUCHER,99970000038,10.00,V00000038,
T0000076,2026-07-01 15:18:52,PAYMENT,99970000038,33.00,,
T0000077,2026-07-01 08:53:49,VOUCHER,99970000039,10.00,V00000039,
T0000078,2026-07-01 17:03:51,PAYMENT,99970000039,20.00,,
T0000079,2026-07-01 00:13:58,VOUCHER,99970000040,10.00,V00000040,
T0000080,2026-07-01 10:53:11,PAYMENT,99970000040,31.00,,
T0000081,2026-07-01 21:21:18,VOUCHER,99970000041,10.00,V00000041,
T0000082,2026-07-01 14:48:05,PAYMENT,99970000041,52.00,,
T0000083,2026-07-01 02:00:16,VOUCHER,99970000042,10.00,V00000042,
T0000084,2026-07-01 02:42:57,PAYMENT,99970000042,71.00,,
T0000085,2026-07-01 16:05:39,VOUCHER,99970000043,10.00,V00000043,
T0000086,2026-07-01 16:54:35,PAYMENT,99970000043,33.00,,
T0000087,2026-07-01 01:08:49,VOUCHER,99970000044,10.00,V00000044,
T0000088,2026-07-01 16:04:13,PAYMENT,99970000044,61.00,,
T0000089,2026-07-01 07:24:26,VOUCHER,99970000045,10.00,V00000045,
T0000090,2026-07-01 20:44:51,PAYMENT,99970000045,31.00,,
T0000091,2026-07-01 18:55:17,VOUCHER,99970000046,10.00,V00000046,
T0000092,2026-07-01 05:38:56,PAYMENT,99970000046,62.00,,
T0000093,2026-07-01 02:08:15,VOUCHER,99970000047,10.00,V00000047,
T0000094,2026-07-01 13:46:11,PAYMENT,99970000047,44.00,,
T0000095,2026-07-01 04:22:57,VOUCHER,99970000048,10.00,V00000048,
T0000096,2026-07-01 02:37:09,PAYMENT,99970000048,39.00,,
T0000097,2026-07-01 04:10:07,VOUCHER,99970000049,10.00,V00000049,
T0000098,2026-07-01 01:18:34,PAYMENT,99970000049,23.00,,
T0000099,2026-07-01 10:39:05,VOUCHER,99970000050,10.00,V00000050,
T0000100,2026-07-01 15:33:44,PAYMENT,99970000050,61.00,,
T0000101,2026-07-01 13:12:18,VOUCHER,99970000051,10.00,V00000051,
T0000102,2026-07-01 20:15:37,PAYMENT,99970000051,43.00,,
T0000103,2026-07-01 07:13:42,VOUCHER,99970000052,10.00,V00000052,
T0000104,2026-07-01 20:01:40,PAYMENT,99970000052,32.00,,
T0000105,2026-07-01 16:51:26,VOUCHER,99970000053,10.00,V00000053,
T0000106,2026-07-01 02:28:14,PAYMENT,99970000053,49.00,,
T0000107,2026-07-01 18:32:21,VOUCHER,99970000054,10.00,V00000054,
T0000108,2026-07-01 20:07:57,PAYMENT,99970000054,47.00,,
T0000109,2026-07-01 06:38:00,VOUCHER,99970000055,10.00,V00000055,
T0000110,2026-07-01 21:55:31,PAYMENT,99970000055,27.00,,
T0000111,2026-07-01 08:12:53,VOUCHER,99970000056,10.00,V00000056,
T0000112,2026-07-01 11:25:02,PAYMENT,99970000056,63.00,,
T0000113,2026-07-01 03:29:16,VOUCHER,99970000057,10.00,V00000057,
T0000114,2026-07-01 08:29:00,PAYMENT,99970000057,22.00,,
T0000115,2026-07-01 13:45:22,VOUCHER,99970000058,10.00,V00000058,
T0000116,2026-07-01 22:57:47,PAYMENT,99970000058,25.00,,
T0000117,2026-07-01 07:31:19,VOUCHER,99970000059,10.00,V00000059,
T0000118,2026-07-01 06:48:18,PAYMENT,99970000059,74.00,,
T0000119,2026-07-01 05:33:47,VOUCHER,99970000060,10.00,V00000060,
T0000120,2026-07-01 09:34:00,PAYMENT,99970000060,47.00,,
T0000121,2026-07-01 03:18:02,VOUCHER,99970000061,10.00,V00000061,
T0000122,2026-07-01 07:03:49,PAYMENT,99970000061,31.00,,
T0000123,2026-07-01 12:50:34,VOUCHER,99970000062,10.00,V00000062,
T0000124,2026-07-01 15:44:44,PAYMENT,99970000062,50.00,,
T0000125,2026-07-01 18:55:32,VOUCHER,99970000063,10.00,V00000063,
T0000126,2026-07-01 15:54:15,PAYMENT,99970000063,59.00,,
T0000127,2026-07-01 11:37:43,VOUCHER,99970000064,10.00,V00000064,
T0000128,2026-07-01 21:48:48,PAYMENT,99970000064,66.00,,
T0000129,2026-07-01 12:56:54,VOUCHER,99970000065,10.00,V00000065,
T0000130,2026-07-01 14:00:33,PAYMENT,99970000065,63.00,,
T0000131,2026-07-01 12:15:34,VOUCHER,99970000066,10.00,V00000066,
T0000132,2026-07-01 05:41:02,PAYMENT,99970000066,78.00,,
T0000133,2026-07-01 19:32:34,VOUCHER,99970000067,10.00,V00000067,
T0000134,2026-07-01 06:27:08,PAYMENT,99970000067,77.00,,
T0000135,2026-07-01 12:15:18,VOUCHER,99970000068,10.00,V00000068,
T0000136,2026-07-01 07:17:39,PAYMENT,99970000068,23.00,,
T0000137,2026-07-01 04:44:07,VOUCHER,99970000069,10.00,V00000069,
T0000138,2026-07-01 20:35:20,PAYMENT,99970000069,48.00,,
T0000139,2026-07-01 11:29:23,VOUCHER,99970000070,10.00,V00000070,
T0000140,2026-07-01 16:59:49,PAYMENT,99970000070,29.00,,
T0000141,2026-07-01 11:32:30,VOUCHER,99970000071,10.00,V00000071,
T0000142,2026-07-01 00:58:45,PAYMENT,99970000071,71.00,,
T0000143,2026-07-01 07:28:10,VOUCHER,99970000072,10.00,V00000072,
T0000144,2026-07-01 20:18:45,PAYMENT,99970000072,72.00,,
T0000145,2026-07-01 16:52:00,VOUCHER,99970000073,10.00,V00000073,
T0000146,2026-07-01 15:02:29,PAYMENT,99970000073,47.00,,
T0000147,2026-07-01 06:18:21,VOUCHER,99970000074,10.00,V00000074,
T0000148,2026-07-01 06:43:06,PAYMENT,99970000074,60.00,,
T0000149,2026-07-01 10:35:51,VOUCHER,99970000075,10.00,V00000075,
T0000150,2026-07-01 08:11:21,PAYMENT,99970000075,79.00,,
T0000151,2026-07-01 22:12:04,VOUCHER,99970000076,10.00,V00000076,
T0000152,2026-07-01 04:49:08,PAYMENT,99970000076,31.00,,
T0000153,2026-07-01 10:13:43,VOUCHER,99970000077,10.00,V00000077,
T0000154,2026-07-01 16:37:42,PAYMENT,99970000077,76.00,,
T0000155,2026-07-01 06:54:01,VOUCHER,99970000078,10.00,V00000078,
T0000156,2026-07-01 02:20:59,PAYMENT,99970000078,53.00,,
T0000157,2026-07-01 05:13:56,VOUCHER,99970000079,10.00,V00000079,
T0000158,2026-07-01 20:10:20,PAYMENT,99970000079,33.00,,
T0000159,2026-07-01 08:57:45,VOUCHER,99970000080,10.00,V00000080,
T0000160,2026-07-01 07:22:24,PAYMENT,99970000080,45.00,,
T0000161,2026-07-01 12:01:46,VOUCHER,99970000081,10.00,V00000081,
T0000162,2026-07-01 20:03:31,PAYMENT,99970000081,75.00,,
T0000163,2026-07-01 21:31:21,VOUCHER,99970000082,10.00,V00000082,
T0000164,2026-07-01 08:57:58,PAYMENT,99970000082,61.00,,
T0000165,2026-07-01 21:58:34,VOUCHER,99970000083,10.00,V00000083,
T0000166,2026-07-01 20:40:05,PAYMENT,99970000083,47.00,,
T0000167,2026-07-01 04:56:39,VOUCHER,99970000084,10.00,V00000084,
T0000168,2026-07-01 17:44:46,PAYMENT,99970000084,77.00,,
T0000169,2026-07-01 06:26:55,VOUCHER,99970000085,10.00,V00000085,
T0000170,2026-07-01 07:54:16,PAYMENT,99970000085,23.00,,
T0000171,2026-07-01 21:19:45,VOUCHER,99970000086,10.00,V00000086,
T0000172,2026-07-01 12:56:31,PAYMENT,99970000086,37.00,,
T0000173,2026-07-01 16:54:46,VOUCHER,99970000087,10.00,V00000087,
T0000174,2026-07-01 10:45:26,PAYMENT,99970000087,46.00,,
T0000175,2026-07-01 06:55:58,VOUCHER,99970000088,10.00,V00000088,
T0000176,2026-07-01 13:09:42,PAYMENT,99970000088,43.00,,
T0000177,2026-07-01 16:56:23,VOUCHER,99970000089,10.00,V00000089,
T0000178,2026-07-01 16:08:31,PAYMENT,99970000089,39.00,,
T0000179,2026-07-01 18:33:19,VOUCHER,99970000090,10.00,V00000090,
T0000180,2026-07-01 10:58:51,PAYMENT,99970000090,39.00,,
T0000181,2026-07-01 02:54:18,VOUCHER,99970000091,10.00,V00000091,
T0000182,2026-07-01 20:59:27,PAYMENT,99970000091,49.00,,
T0000183,2026-07-01 16:15:03,VOUCHER,99970000092,10.00,V00000092,
T0000184,2026-07-01 15:44:03,PAYMENT,99970000092,27.00,,
T0000185,2026-07-01 21:41:47,VOUCHER,99970000093,10.00,V00000093,
T0000186,2026-07-01 15:16:12,PAYMENT,99970000093,35.00,,
T0000187,2026-07-01 08:03:17,VOUCHER,99970000094,10.00,V00000094,
T0000188,2026-07-01 08:49:48,PAYMENT,99970000094,61.00,,
T0000189,2026-07-01 02:31:36,VOUCHER,99970000095,10.00,V00000095,
T0000190,2026-07-01 22:54:25,PAYMENT,99970000095,36.00,,
T0000191,2026-07-01 03:21:19,VOUCHER,99970000096,10.00,V00000096,
T0000192,2026-07-01 02:09:34,PAYMENT,99970000096,51.00,,
T0000193,2026-07-01 05:02:35,VOUCHER,99970000097,10.00,V00000097,
T0000194,2026-07-01 10:01:33,PAYMENT,99970000097,58.00,,
T0000195,2026-07-01 21:38:11,VOUCHER,99970000098,10.00,V00000098,
T0000196,2026-07-01 13:54:00,PAYMENT,99970000098,59.00,,
T0000197,2026-07-01 13:13:32,VOUCHER,99970000099,10.00,V00000099,
T0000198,2026-07-01 05:19:59,PAYMENT,99970000099,79.00,,
T0000199,2026-07-01 01:51:35,VOUCHER,99970000100,10.00,V00000100,
T0000200,2026-07-01 07:17:39,PAYMENT,99970000100,27.00,,
T0000201,2026-07-01 16:46:34,VOUCHER,99970000101,10.00,V00000101,
T0000202,2026-07-01 19:41:44,PAYMENT,99970000101,54.00,,
T0000203,2026-07-01 19:20:15,VOUCHER,99970000102,10.00,V00000102,
T0000204,2026-07-01 04:57:38,PAYMENT,99970000102,65.00,,
T0000205,2026-07-01 16:50:38,VOUCHER,99970000103,10.00,V00000103,
T0000206,2026-07-01 00:15:09,PAYMENT,99970000103,71.00,,
T0000207,2026-07-01 18:28:38,VOUCHER,99970000104,10.00,V00000104,
T0000208,2026-07-01 11:04:37,PAYMENT,99970000104,25.00,,
T0000209,2026-07-01 11:22:34,VOUCHER,99970000105,10.00,V00000105,
T0000210,2026-07-01 06:18:23,PAYMENT,99970000105,27.00,,
T0000211,2026-07-01 19:10:20,VOUCHER,99970000106,10.00,V00000106,
T0000212,2026-07-01 18:19:47,PAYMENT,99970000106,27.00,,
T0000213,2026-07-01 07:04:38,VOUCHER,99970000107,10.00,V00000107,
T0000214,2026-07-01 10:37:47,PAYMENT,99970000107,21.00,,
T0000215,2026-07-01 10:37:44,VOUCHER,99970000108,10.00,V00000108,
T0000216,2026-07-01 00:04:41,PAYMENT,99970000108,75.00,,
T0000217,2026-07-01 03:01:22,VOUCHER,99970000109,10.00,V00000109,
T0000218,2026-07-01 18:55:57,PAYMENT,99970000109,51.00,,
T0000219,2026-07-01 18:24:17,VOUCHER,99970000110,10.00,V00000110,
T0000220,2026-07-01 00:02:33,PAYMENT,99970000110,69.00,,
T0000221,2026-07-01 13:07:29,VOUCHER,99970000111,10.00,V00000111,
T0000222,2026-07-01 19:58:50,PAYMENT,99970000111,38.00,,
T0000223,2026-07-01 19:41:05,VOUCHER,99970000112,10.00,V00000112,
T0000224,2026-07-01 00:57:20,PAYMENT,99970000112,39.00,,
T0000225,2026-07-01 18:01:41,VOUCHER,99970000113,10.00,V00000113,
T0000226,2026-07-01 04:56:34,PAYMENT,99970000113,60.00,,
T0000227,2026-07-01 23:05:21,VOUCHER,99970000114,10.00,V00000114,
T0000228,2026-07-01 23:42:05,PAYMENT,99970000114,66.00,,
T0000229,2026-07-01 05:03:00,VOUCHER,99970000115,10.00,V00000115,
T0000230,2026-07-01 10:37:23,PAYMENT,99970000115,78.00,,
T0000231,2026-07-01 21:14:08,VOUCHER,99970000116,10.00,V00000116,
T0000232,2026-07-01 04:38:01,PAYMENT,99970000116,59.00,,
T0000233,2026-07-01 01:29:21,VOUCHER,99970000117,10.00,V00000117,
T0000234,2026-07-01 17:16:37,PAYMENT,99970000117,50.00,,
T0000235,2026-07-01 17:47:23,VOUCHER,99970000118,10.00,V00000118,
T0000236,2026-07-01 23:17:51,PAYMENT,99970000118,43.00,,
T0000237,2026-07-01 20:31:37,VOUCHER,99970000119,10.00,V00000119,
T0000238,2026-07-01 07:51:08,PAYMENT,99970000119,31.00,,
T0000239,2026-07-01 08:43:01,VOUCHER,99970000120,10.00,V00000120,
T0000240,2026-07-01 10:23:44,PAYMENT,99970000120,76.00,,
T0000241,2026-07-01 15:45:56,VOUCHER,99970000121,10.00,V00000121,
T0000242,2026-07-01 03:44:48,PAYMENT,99970000121,44.00,,
T0000243,2026-07-01 13:50:10,VOUCHER,99970000122,10.00,V00000122,
T0000244,2026-07-01 11:33:17,PAYMENT,99970000122,73.00,,
T0000245,2026-07-01 18:49:44,VOUCHER,99970000123,10.00,V00000123,
T0000246,2026-07-01 23:40:08,PAYMENT,99970000123,67.00,,
T0000247,2026-07-01 01:13:39,VOUCHER,99970000124,10.00,V00000124,
T0000248,2026-07-01 21:48:39,PAYMENT,99970000124,37.00,,
T0000249,2026-07-01 05:27:00,VOUCHER,99970000125,10.00,V00000125,
T0000250,2026-07-01 01:57:31,PAYMENT,99970000125,69.00,,
T0000251,2026-07-01 00:45:35,VOUCHER,99970000126,10.00,V00000126,
T0000252,2026-07-01 15:08:29,PAYMENT,99970000126,52.00,,
T0000253,2026-07-01 07:34:14,VOUCHER,99970000127,10.00,V00000127,
T0000254,2026-07-01 23:46:46,PAYMENT,99970000127,78.00,,
T0000255,2026-07-01 07:24:16,VOUCHER,99970000128,10.00,V00000128,
T0000256,2026-07-01 07:04:53,PAYMENT,99970000128,25.00,,
T0000257,2026-07-01 10:47:56,VOUCHER,99970000129,10.00,V00000129,
T0000258,2026-07-01 00:41:10,PAYMENT,99970000129,66.00,,
T0000259,2026-07-01 15:36:36,VOUCHER,99970000130,10.00,V00000130,
T0000260,2026-07-01 15:41:35,PAYMENT,99970000130,69.00,,
T0000261,2026-07-01 02:19:27,VOUCHER,99970000131,10.00,V00000131,
T0000262,2026-07-01 19:41:34,PAYMENT,99970000131,41.00,,
T0000263,2026-07-01 07:26:08,VOUCHER,99970000132,10.00,V00000132,
T0000264,2026-07-01 17:40:36,PAYMENT,99970000132,30.00,,
T0000265,2026-07-01 01:36:20,VOUCHER,99970000133,10.00,V00000133,
T0000266,2026-07-01 06:43:54,PAYMENT,99970000133,30.00,,
T0000267,2026-07-01 02:41:23,VOUCHER,99970000134,10.00,V00000134,
T0000268,2026-07-01 13:16:43,PAYMENT,99970000134,76.00,,
T0000269,2026-07-01 17:54:20,VOUCHER,99970000135,10.00,V00000135,
T0000270,2026-07-01 00:00:18,PAYMENT,99970000135,70.00,,
T0000271,2026-07-01 12:01:19,VOUCHER,99970000136,10.00,V00000136,
T0000272,2026-07-01 20:13:26,PAYMENT,99970000136,56.00,,
T0000273,2026-07-01 14:11:01,VOUCHER,99970000137,10.00,V00000137,
T0000274,2026-07-01 18:06:26,PAYMENT,99970000137,69.00,,
T0000275,2026-07-01 08:52:51,VOUCHER,99970000138,10.00,V00000138,
T0000276,2026-07-01 06:24:24,PAYMENT,99970000138,27.00,,
T0000277,2026-07-01 23:43:04,VOUCHER,99970000139,10.00,V00000139,
T0000278,2026-07-01 02:31:23,PAYMENT,99970000139,62.00,,
T0000279,2026-07-01 05:32:08,VOUCHER,99970000140,10.00,V00000140,
T0000280,2026-07-01 06:14:07,PAYMENT,99970000140,77.00,,
T0000281,2026-07-01 09:29:19,VOUCHER,99970000141,10.00,V00000141,
T0000282,2026-07-01 21:38:40,PAYMENT,99970000141,55.00,,
T0000283,2026-07-01 08:31:18,VOUCHER,99970000142,10.00,V00000142,
T0000284,2026-07-01 01:01:17,PAYMENT,99970000142,36.00,,
T0000285,2026-07-01 22:23:00,VOUCHER,99970000143,10.00,V00000143,
T0000286,2026-07-01 11:02:51,PAYMENT,99970000143,48.00,,
T0000287,2026-07-01 02:27:36,VOUCHER,99970000144,10.00,V00000144,
T0000288,2026-07-01 11:38:28,PAYMENT,99970000144,30.00,,
T0000289,2026-07-01 08:59:47,VOUCHER,99970000145,10.00,V00000145,
T0000290,2026-07-01 16:44:25,PAYMENT,99970000145,32.00,,
T0000291,2026-07-01 15:14:26,VOUCHER,99970000146,10.00,V00000146,
T0000292,2026-07-01 14:25:36,PAYMENT,99970000146,79.00,,
T0000293,2026-07-01 11:59:40,VOUCHER,99970000147,10.00,V00000147,
T0000294,2026-07-01 20:38:03,PAYMENT,99970000147,37.00,,
T0000295,2026-07-01 00:21:54,VOUCHER,99970000148,10.00,V00000148,
T0000296,2026-07-01 21:03:33,PAYMENT,99970000148,66.00,,
T0000297,2026-07-01 04:40:40,VOUCHER,99970000149,10.00,V00000149,
T0000298,2026-07-01 08:52:39,PAYMENT,99970000149,26.00,,
T0000299,2026-07-01 12:00:04,VOUCHER,99970000150,10.00,V00000150,
T0000300,2026-07-01 11:34:36,PAYMENT,99970000150,53.00,,
T0000301,2026-07-01 06:02:21,VOUCHER,99970000151,10.00,V00000151,
T0000302,2026-07-01 05:57:02,PAYMENT,99970000151,20.00,,
T0000303,2026-07-01 23:20:43,VOUCHER,99970000152,10.00,V00000152,
T0000304,2026-07-01 16:14:30,PAYMENT,99970000152,66.00,,
T0000305,2026-07-01 00:39:01,VOUCHER,99970000153,10.00,V00000153,
T0000306,2026-07-01 05:50:38,PAYMENT,99970000153,60.00,,
T0000307,2026-07-01 03:14:46,VOUCHER,99970000154,10.00,V00000154,
T0000308,2026-07-01 00:41:38,PAYMENT,99970000154,47.00,,
T0000309,2026-07-01 22:14:34,VOUCHER,99970000155,10.00,V00000155,
T0000310,2026-07-01 22:27:13,PAYMENT,99970000155,71.00,,
T0000311,2026-07-01 04:08:12,VOUCHER,99970000156,10.00,V00000156,
T0000312,2026-07-01 04:36:14,PAYMENT,99970000156,64.00,,
T0000313,2026-07-01 22:04:03,VOUCHER,99970000157,10.00,V00000157,
T0000314,2026-07-01 08:41:49,PAYMENT,99970000157,78.00,,
T0000315,2026-07-01 05:34:26,VOUCHER,99970000158,10.00,V00000158,
T0000316,2026-07-01 23:42:04,PAYMENT,99970000158,57.00,,
T0000317,2026-07-01 14:46:36,VOUCHER,99970000159,10.00,V00000159,
T0000318,2026-07-01 15:21:50,PAYMENT,99970000159,65.00,,
T0000319,2026-07-01 04:16:47,VOUCHER,99970000160,10.00,V00000160,
T0000320,2026-07-01 22:08:03,PAYMENT,99970000160,44.00,,
T0000321,2026-07-01 06:15:24,VOUCHER,99970000161,10.00,V00000161,
T0000322,2026-07-01 13:01:21,PAYMENT,99970000161,55.00,,
T0000323,2026-07-01 19:13:38,VOUCHER,99970000162,10.00,V00000162,
T0000324,2026-07-01 06:07:04,PAYMENT,99970000162,69.00,,
T0000325,2026-07-01 04:05:21,VOUCHER,99970000163,10.00,V00000163,
T0000326,2026-07-01 01:57:03,PAYMENT,99970000163,74.00,,
T0000327,2026-07-01 13:51:03,VOUCHER,99970000164,10.00,V00000164,
T0000328,2026-07-01 22:32:28,PAYMENT,99970000164,47.00,,
T0000329,2026-07-01 05:33:43,VOUCHER,99970000165,10.00,V00000165,
T0000330,2026-07-01 04:26:05,PAYMENT,99970000165,76.00,,
T0000331,2026-07-01 21:21:53,VOUCHER,99970000166,10.00,V00000166,
T0000332,2026-07-01 22:37:26,PAYMENT,99970000166,78.00,,
T0000333,2026-07-01 18:26:38,VOUCHER,99970000167,10.00,V00000167,
T0000334,2026-07-01 22:09:53,PAYMENT,99970000167,71.00,,
T0000335,2026-07-01 20:31:03,VOUCHER,99970000168,10.00,V00000168,
T0000336,2026-07-01 23:16:25,PAYMENT,99970000168,21.00,,
T0000337,2026-07-01 05:47:05,VOUCHER,99970000169,10.00,V00000169,
T0000338,2026-07-01 15:00:51,PAYMENT,99970000169,23.00,,
T0000339,2026-07-01 12:47:21,VOUCHER,99970000170,10.00,V00000170,
T0000340,2026-07-01 04:48:53,PAYMENT,99970000170,43.00,,
T0000341,2026-07-01 21:48:55,VOUCHER,99970000171,10.00,V00000171,
T0000342,2026-07-01 15:57:09,PAYMENT,99970000171,75.00,,
T0000343,2026-07-01 04:16:49,VOUCHER,99970000172,10.00,V00000172,
T0000344,2026-07-01 22:58:56,PAYMENT,99970000172,51.00,,
T0000345,2026-07-01 13:29:51,VOUCHER,99970000173,10.00,V00000173,
T0000346,2026-07-01 05:06:49,PAYMENT,99970000173,56.00,,
T0000347,2026-07-01 16:36:00,VOUCHER,99970000174,10.00,V00000174,
T0000348,2026-07-01 14:51:08,PAYMENT,99970000174,76.00,,
T0000349,2026-07-01 10:06:06,VOUCHER,99970000175,10.00,V00000175,
T0000350,2026-07-01 20:49:23,PAYMENT,99970000175,38.00,,
T0000351,2026-07-01 19:56:34,VOUCHER,99970000176,10.00,V00000176,
T0000352,2026-07-01 22:43:55,PAYMENT,99970000176,44.00,,
T0000353,2026-07-01 05:34:04,VOUCHER,99970000177,10.00,V00000177,
T0000354,2026-07-01 16:09:27,PAYMENT,99970000177,76.00,,
T0000355,2026-07-01 22:46:06,VOUCHER,99970000178,10.00,V00000178,
T0000356,2026-07-01 09:53:52,PAYMENT,99970000178,58.00,,
T0000357,2026-07-01 19:41:02,VOUCHER,99970000179,10.00,V00000179,
T0000358,2026-07-01 02:02:03,PAYMENT,99970000179,76.00,,
T0000359,2026-07-01 11:37:46,VOUCHER,99970000180,10.00,V00000180,
T0000360,2026-07-01 09:36:32,PAYMENT,99970000180,44.00,,
T0000361,2026-07-01 04:29:27,VOUCHER,99970000181,10.00,V00000181,
T0000362,2026-07-01 07:47:39,PAYMENT,99970000181,26.00,,
T0000363,2026-07-01 23:09:28,VOUCHER,99970000182,10.00,V00000182,
T0000364,2026-07-01 21:50:11,PAYMENT,99970000182,74.00,,
T0000365,2026-07-01 20:17:18,VOUCHER,99970000183,10.00,V00000183,
T0000366,2026-07-01 06:13:24,PAYMENT,99970000183,39.00,,
T0000367,2026-07-01 08:36:58,VOUCHER,99970000184,10.00,V00000184,
T0000368,2026-07-01 06:32:53,PAYMENT,99970000184,69.00,,
T0000369,2026-07-01 09:47:10,VOUCHER,99970000185,10.00,V00000185,
T0000370,2026-07-01 02:10:28,PAYMENT,99970000185,65.00,,
T0000371,2026-07-01 20:24:17,VOUCHER,99970000186,10.00,V00000186,
T0000372,2026-07-01 05:01:45,PAYMENT,99970000186,28.00,,
T0000373,2026-07-01 03:03:00,VOUCHER,99970000187,10.00,V00000187,
T0000374,2026-07-01 03:45:06,PAYMENT,99970000187,79.00,,
T0000375,2026-07-01 21:24:40,VOUCHER,99970000188,10.00,V00000188,
T0000376,2026-07-01 02:51:16,PAYMENT,99970000188,37.00,,
T0000377,2026-07-01 09:48:52,VOUCHER,99970000189,10.00,V00000189,
T0000378,2026-07-01 10:40:42,PAYMENT,99970000189,23.00,,
T0000379,2026-07-01 00:54:22,VOUCHER,99970000190,10.00,V00000190,
T0000380,2026-07-01 11:37:32,PAYMENT,99970000190,43.00,,
T0000381,2026-07-01 03:40:27,VOUCHER,99970000191,10.00,V00000191,
T0000382,2026-07-01 05:34:07,PAYMENT,99970000191,44.00,,
T0000383,2026-07-01 09:22:52,VOUCHER,99970000192,10.00,V00000192,
T0000384,2026-07-01 06:15:24,PAYMENT,99970000192,21.00,,
T0000385,2026-07-01 10:32:30,VOUCHER,99970000193,10.00,V00000193,
T0000386,2026-07-01 04:07:34,PAYMENT,99970000193,73.00,,
T0000387,2026-07-01 05:12:51,VOUCHER,99970000194,10.00,V00000194,
T0000388,2026-07-01 17:57:53,PAYMENT,99970000194,72.00,,
T0000389,2026-07-01 13:48:23,VOUCHER,99970000195,10.00,V00000195,
T0000390,2026-07-01 21:58:03,PAYMENT,99970000195,54.00,,
T0000391,2026-07-01 18:45:36,VOUCHER,99970000196,10.00,V00000196,
T0000392,2026-07-01 22:19:53,PAYMENT,99970000196,57.00,,
T0000393,2026-07-01 08:23:16,VOUCHER,99970000197,10.00,V00000197,
T0000394,2026-07-01 04:21:10,PAYMENT,99970000197,65.00,,
T0000395,2026-07-01 01:43:42,VOUCHER,99970000198,10.00,V00000198,
T0000396,2026-07-01 09:21:36,PAYMENT,99970000198,46.00,,
T0000397,2026-07-01 14:16:14,VOUCHER,99970000199,10.00,V00000199,
T0000398,2026-07-01 01:47:47,PAYMENT,99970000199,47.00,,
T0000399,2026-07-01 17:13:06,VOUCHER,99970000200,10.00,V00000200,
T0000400,2026-07-01 14:25:12,PAYMENT,99970000200,22.00,,
T0000401,2026-07-01 10:00:00,PAYMENT,99970001401,300.00,,
T0000402,2026-07-01 10:00:00,PAYMENT,99970001402,300.00,,
T0000403,2026-07-01 10:00:00,PAYMENT,99970001403,300.00,,
T0000404,2026-07-01 10:00:00,PAYMENT,99970001404,200.01,,
T0000405,2026-07-01 10:00:00,PAYMENT,99970001412,200.00,,
T0000406,2026-07-01 10:00:00,PAYMENT,99970001413,300.00,,
T0000407,2026-07-02 16:00:00,PAYMENT,99970001414,300.00,,
T0000408,2026-07-01 08:00:00,PAYMENT,99970001415,300.00,,
T0000409,2026-07-01 10:00:00,PAYMENT,99970001416,150.00,,
T0000410,2026-07-01 17:03:00,VOUCHER,99970001701,10.00,V90000001,
T0000411,2026-07-01 17:04:00,VOUCHER,99970001702,10.00,V90000001,
T0000412,2026-07-01 17:05:00,VOUCHER,99970001703,10.00,V90000001,
T0000413,2026-07-01 17:06:00,VOUCHER,99970001704,10.00,V90000002,
T0000414,2026-07-01 17:07:00,VOUCHER,99970001705,10.00,V90000002,
T0000415,2026-07-01 17:08:00,VOUCHER,99970001706,10.00,V90000002,
T0000416,2026-07-01 17:09:00,VOUCHER,99970001707,10.00,V90000003,
T0000417,2026-07-01 17:10:00,VOUCHER,99970001708,10.00,V90000003,
T0000418,2026-07-01 17:11:00,VOUCHER,99970001709,10.00,V90000003,
T0000419,2026-07-01 17:12:00,VOUCHER,99970001710,10.00,V90000004,
T0000420,2026-07-01 17:13:00,VOUCHER,99970001711,10.00,V90000004,
T0000421,2026-07-01 18:00:00,VOUCHER,99970001721,10.00,V80210000,
T0000422,2026-07-01 18:01:00,VOUCHER,99970001721,10.00,V80210001,
T0000423,2026-07-01 18:02:00,VOUCHER,99970001721,10.00,V80210002,
T0000424,2026-07-01 18:03:00,VOUCHER,99970001721,10.00,V80210003,
T0000425,2026-07-01 18:04:00,VOUCHER,99970001721,10.00,V80210004,
T0000426,2026-07-01 18:05:00,VOUCHER,99970001721,10.00,V80210005,
T0000427,2026-07-01 18:06:00,VOUCHER,99970001721,10.00,V80210006,
T0000428,2026-07-01 18:07:00,VOUCHER,99970001721,10.00,V80210007,
T0000429,2026-07-01 18:08:00,VOUCHER,99970001721,10.00,V80210008,
T0000430,2026-07-01 18:09:00,VOUCHER,99970001721,10.00,V80210009,
T0000431,2026-07-01 18:00:00,VOUCHER,99970001722,10.00,V80220000,
T0000432,2026-07-01 18:01:00,VOUCHER,99970001722,10.00,V80220001,
T0000433,2026-07-01 18:02:00,VOUCHER,99970001722,10.00,V80220002,
T0000434,2026-07-01 18:03:00,VOUCHER,99970001722,10.00,V80220003,
T0000435,2026-07-01 18:04:00,VOUCHER,99970001722,10.00,V80220004,
T0000436,2026-07-01 18:05:00,VOUCHER,99970001722,10.00,V80220005,
T0000437,2026-07-01 18:06:00,VOUCHER,99970001722,10.00,V80220006,
T0000438,2026-07-01 18:07:00,VOUCHER,99970001722,10.00,V80220007,
T0000439,2026-07-01 18:08:00,VOUCHER,99970001722,10.00,V80220008,
T0000440,2026-07-01 18:09:00,VOUCHER,99970001722,10.00,V80220009,
T0000441,2026-07-01 19:00:00,PAYMENT,99970001801,50.00,,
T0000442,2026-07-01 19:01:00,REVERSAL,99970001801,50.00,,T0000441
T0000443,2026-07-01 19:02:00,PAYMENT,99970001801,50.00,,
T0000444,2026-07-01 19:03:00,REVERSAL,99970001801,50.00,,T0000443
T0000445,2026-07-01 19:04:00,PAYMENT,99970001801,50.00,,
T0000446,2026-07-01 19:05:00,REVERSAL,99970001801,50.00,,T0000445
T0000447,2026-07-01 19:06:00,PAYMENT,99970001801,50.00,,
T0000448,2026-07-01 19:07:00,REVERSAL,99970001801,50.00,,T0000447
T0000449,2026-07-01 19:08:00,PAYMENT,99970001801,50.00,,
T0000450,2026-07-01 19:09:00,REVERSAL,99970001801,50.00,,T0000449
T0000451,2026-07-01 19:10:00,PAYMENT,99970001801,50.00,,
T0000452,2026-07-01 19:11:00,REVERSAL,99970001801,50.00,,T0000451
T0000453,2026-07-01 19:00:00,PAYMENT,99970001802,50.00,,
T0000454,2026-07-01 19:01:00,REVERSAL,99970001802,50.00,,T0000453
T0000455,2026-07-01 19:02:00,PAYMENT,99970001802,50.00,,
T0000456,2026-07-01 19:03:00,REVERSAL,99970001802,50.00,,T0000455
T0000457,2026-07-01 19:04:00,PAYMENT,99970001802,50.00,,
T0000458,2026-07-01 19:05:00,REVERSAL,99970001802,50.00,,T0000457
T0000459,2026-07-01 19:06:00,PAYMENT,99970001802,50.00,,
T0000460,2026-07-01 19:07:00,REVERSAL,99970001802,50.00,,T0000459
T0000461,2026-07-01 19:08:00,PAYMENT,99970001802,50.00,,
T0000462,2026-07-01 19:09:00,REVERSAL,99970001802,50.00,,T0000461
T0000463,2026-07-01 19:10:00,PAYMENT,99970001802,50.00,,
T0000464,2026-07-01 19:11:00,REVERSAL,99970001802,50.00,,T0000463
T0000465,2026-07-01 19:00:00,PAYMENT,99970001803,50.00,,
T0000466,2026-07-01 19:01:00,REVERSAL,99970001803,50.00,,T0000465
T0000467,2026-07-01 19:02:00,PAYMENT,99970001803,50.00,,
T0000468,2026-07-01 19:03:00,REVERSAL,99970001803,50.00,,T0000467
T0000469,2026-07-01 19:04:00,PAYMENT,99970001803,50.00,,
T0000470,2026-07-01 19:05:00,REVERSAL,99970001803,50.00,,T0000469
T0000471,2026-07-01 19:06:00,PAYMENT,99970001803,50.00,,
T0000472,2026-07-01 19:07:00,REVERSAL,99970001803,50.00,,T0000471
T0000473,2026-07-01 19:08:00,PAYMENT,99970001803,50.00,,
T0000474,2026-07-01 19:09:00,REVERSAL,99970001803,50.00,,T0000473
T0000475,2026-07-01 19:10:00,PAYMENT,99970001803,50.00,,
T0000476,2026-07-01 19:11:00,REVERSAL,99970001803,50.00,,T0000475
T0000477,2026-07-01 19:00:00,PAYMENT,99970001804,50.00,,
T0000478,2026-07-01 19:01:00,REVERSAL,99970001804,50.00,,T0000477
T0000479,2026-07-01 19:02:00,PAYMENT,99970001804,50.00,,
T0000480,2026-07-01 19:03:00,REVERSAL,99970001804,50.00,,T0000479
T0000481,2026-07-01 19:04:00,PAYMENT,99970001804,50.00,,
T0000482,2026-07-01 19:05:00,REVERSAL,99970001804,50.00,,T0000481
T0000483,2026-07-01 19:06:00,PAYMENT,99970001804,50.00,,
T0000484,2026-07-01 19:07:00,REVERSAL,99970001804,50.00,,T0000483
T0000485,2026-07-01 19:08:00,PAYMENT,99970001804,50.00,,
T0000486,2026-07-01 19:00:00,PAYMENT,99970001811,50.00,,
T0000487,2026-07-01 19:01:00,REVERSAL,99970001811,50.00,,T0000486
T0000488,2026-07-01 19:02:00,PAYMENT,99970001811,50.00,,
T0000489,2026-07-01 19:03:00,REVERSAL,99970001811,50.00,,T0000488
T0000490,2026-07-01 19:04:00,PAYMENT,99970001811,50.00,,
T0000491,2026-07-01 19:05:00,REVERSAL,99970001811,50.00,,T0000490
T0000492,2026-07-01 19:06:00,PAYMENT,99970001811,50.00,,
T0000493,2026-07-01 19:00:00,PAYMENT,99970001812,50.00,,
T0000494,2026-07-01 19:01:00,REVERSAL,99970001812,50.00,,T0000493
T0000495,2026-07-01 19:02:00,PAYMENT,99970001812,50.00,,
T0000496,2026-07-01 19:03:00,REVERSAL,99970001812,50.00,,T0000495
T0000497,2026-07-01 19:04:00,PAYMENT,99970001812,50.00,,
T0000498,2026-07-01 19:00:00,PAYMENT,99970001813,50.00,,
T0000499,2026-07-01 19:01:00,REVERSAL,99970001813,50.00,,T0000498
T0000500,2026-07-01 19:02:00,PAYMENT,99970001813,50.00,,
T0000501,2026-07-01 19:03:00,REVERSAL,99970001813,50.00,,T0000500
T0000502,2026-07-01 19:04:00,PAYMENT,99970001813,50.00,,
T0000503,2026-07-01 19:00:00,PAYMENT,99970001814,50.00,,
T0000504,2026-07-01 19:02:00,PAYMENT,99970001814,50.00,,
T0000505,2026-07-01 19:04:00,PAYMENT,99970001814,50.00,,
T0000506,2026-07-01 19:06:00,PAYMENT,99970001814,50.00,,
T0000507,2026-07-01 19:08:00,PAYMENT,99970001814,50.00,,
T0000508,2026-07-01 19:10:00,PAYMENT,99970001814,50.00,,
T0000509,2026-07-01 19:12:00,PAYMENT,99970001814,50.00,,
T0000510,2026-07-01 19:14:00,PAYMENT,99970001814,50.00,,
T0000511,2026-07-01 19:16:00,PAYMENT,99970001814,50.00,,
T0000512,2026-07-01 19:18:00,PAYMENT,99970001814,50.00,,
T0000513,2026-07-01 19:20:00,PAYMENT,99970001814,50.00,,
T0000514,2026-07-01 19:22:00,PAYMENT,99970001814,50.00,,
T0000515,2026-07-01 19:24:00,PAYMENT,99970001814,50.00,,
T0000516,2026-07-01 19:26:00,PAYMENT,99970001814,50.00,,
T0000517,2026-07-01 19:28:00,PAYMENT,99970001814,50.00,,
T0000518,2026-07-01 19:30:00,PAYMENT,99970001814,50.00,,
T0000519,2026-07-01 19:32:00,PAYMENT,99970001814,50.00,,
T0000520,2026-07-01 19:34:00,PAYMENT,99970001814,50.00,,
T0000521,2026-07-01 19:36:00,PAYMENT,99970001814,50.00,,
T0000522,2026-07-01 19:38:00,PAYMENT,99970001814,50.00,,
T0000523,2026-07-01 19:00:00,PAYMENT,99970001815,50.00,,
T0000524,2026-07-01 19:02:00,PAYMENT,99970001815,50.00,,
T0000525,2026-07-01 19:04:00,PAYMENT,99970001815,50.00,,
T0000526,2026-07-01 19:06:00,PAYMENT,99970001815,50.00,,
T0000527,2026-07-01 19:08:00,PAYMENT,99970001815,50.00,,
T0000528,2026-07-01 19:10:00,PAYMENT,99970001815,50.00,,
T0000529,2026-07-01 19:12:00,PAYMENT,99970001815,50.00,,
T0000530,2026-07-01 19:14:00,PAYMENT,99970001815,50.00,,
T0000531,2026-07-01 19:16:00,PAYMENT,99970001815,50.00,,
T0000532,2026-07-01 19:18:00,PAYMENT,99970001815,50.00,,
T0000533,2026-07-01 19:20:00,PAYMENT,99970001815,50.00,,
T0000534,2026-07-01 19:22:00,PAYMENT,99970001815,50.00,,
T0000535,2026-07-01 19:24:00,PAYMENT,99970001815,50.00,,
T0000536,2026-07-01 19:26:00,PAYMENT,99970001815,50.00,,
T0000537,2026-07-01 19:28:00,PAYMENT,99970001815,50.00,,
T0000538,2026-07-01 19:30:00,PAYMENT,99970001815,50.00,,
T0000539,2026-07-01 19:32:00,PAYMENT,99970001815,50.00,,
T0000540,2026-07-01 19:34:00,PAYMENT,99970001815,50.00,,
T0000541,2026-07-01 19:36:00,PAYMENT,99970001815,50.00,,
T0000542,2026-07-01 19:38:00,PAYMENT,99970001815,50.00,,
T0000543,2026-07-01 20:00:00,PAYMENT,99970001901,2.00,,
T0000544,2026-07-01 20:01:00,PAYMENT,99970001901,2.00,,
T0000545,2026-07-01 20:02:00,PAYMENT,99970001901,2.00,,
T0000546,2026-07-01 20:03:00,PAYMENT,99970001901,2.00,,
T0000547,2026-07-01 20:04:00,PAYMENT,99970001901,2.00,,
T0000548,2026-07-01 20:05:00,PAYMENT,99970001901,2.00,,
T0000549,2026-07-01 20:06:00,PAYMENT,99970001901,2.00,,
T0000550,2026-07-01 20:07:00,PAYMENT,99970001901,2.00,,
T0000551,2026-07-01 20:08:00,PAYMENT,99970001901,2.00,,
T0000552,2026-07-01 20:09:00,PAYMENT,99970001901,2.00,,
T0000553,2026-07-01 20:10:00,PAYMENT,99970001901,2.00,,
T0000554,2026-07-01 20:11:00,PAYMENT,99970001901,2.00,,
T0000555,2026-07-01 20:00:00,PAYMENT,99970001902,2.00,,
T0000556,2026-07-01 20:01:00,PAYMENT,99970001902,2.00,,
T0000557,2026-07-01 20:02:00,PAYMENT,99970001902,2.00,,
T0000558,2026-07-01 20:03:00,PAYMENT,99970001902,2.00,,
T0000559,2026-07-01 20:04:00,PAYMENT,99970001902,2.00,,
T0000560,2026-07-01 20:05:00,PAYMENT,99970001902,2.00,,
T0000561,2026-07-01 20:06:00,PAYMENT,99970001902,2.00,,
T0000562,2026-07-01 20:07:00,PAYMENT,99970001902,2.00,,
T0000563,2026-07-01 20:08:00,PAYMENT,99970001902,2.00,,
T0000564,2026-07-01 20:09:00,PAYMENT,99970001902,2.00,,
T0000565,2026-07-01 20:10:00,PAYMENT,99970001902,2.00,,
T0000566,2026-07-01 20:11:00,PAYMENT,99970001902,2.00,,
T0000567,2026-07-01 20:00:00,PAYMENT,99970001903,2.00,,
T0000568,2026-07-01 20:01:00,PAYMENT,99970001903,2.00,,
T0000569,2026-07-01 20:02:00,PAYMENT,99970001903,2.00,,
T0000570,2026-07-01 20:03:00,PAYMENT,99970001903,2.00,,
T0000571,2026-07-01 20:04:00,PAYMENT,99970001903,2.00,,
T0000572,2026-07-01 20:05:00,PAYMENT,99970001903,2.00,,
T0000573,2026-07-01 20:06:00,PAYMENT,99970001903,2.00,,
T0000574,2026-07-01 20:07:00,PAYMENT,99970001903,2.00,,
T0000575,2026-07-01 20:08:00,PAYMENT,99970001903,2.00,,
T0000576,2026-07-01 20:09:00,PAYMENT,99970001903,2.00,,
T0000577,2026-07-01 20:10:00,PAYMENT,99970001903,2.00,,
T0000578,2026-07-01 20:11:00,PAYMENT,99970001903,2.00,,
T0000579,2026-07-01 20:00:00,PAYMENT,99970001904,2.00,,
T0000580,2026-07-01 20:01:00,PAYMENT,99970001904,2.00,,
T0000581,2026-07-01 20:02:00,PAYMENT,99970001904,2.00,,
T0000582,2026-07-01 20:03:00,PAYMENT,99970001904,2.00,,
T0000583,2026-07-01 20:04:00,PAYMENT,99970001904,2.00,,
T0000584,2026-07-01 20:05:00,PAYMENT,99970001904,2.00,,
T0000585,2026-07-01 20:06:00,PAYMENT,99970001904,2.00,,
T0000586,2026-07-01 20:07:00,PAYMENT,99970001904,2.00,,
T0000587,2026-07-01 20:08:00,PAYMENT,99970001904,2.00,,
T0000588,2026-07-01 20:09:00,PAYMENT,99970001904,2.00,,
T0000589,2026-07-01 20:10:00,PAYMENT,99970001904,2.00,,
T0000590,2026-07-01 20:11:00,PAYMENT,99970001904,2.00,,
T0000591,2026-07-01 20:00:00,PAYMENT,99970001905,2.00,,
T0000592,2026-07-01 20:01:00,PAYMENT,99970001905,2.00,,
T0000593,2026-07-01 20:02:00,PAYMENT,99970001905,2.00,,
T0000594,2026-07-01 20:03:00,PAYMENT,99970001905,2.00,,
T0000595,2026-07-01 20:04:00,PAYMENT,99970001905,2.00,,
T0000596,2026-07-01 20:05:00,PAYMENT,99970001905,2.00,,
T0000597,2026-07-01 20:06:00,PAYMENT,99970001905,2.00,,
T0000598,2026-07-01 20:07:00,PAYMENT,99970001905,2.00,,
T0000599,2026-07-01 20:08:00,PAYMENT,99970001905,2.00,,
T0000600,2026-07-01 20:00:00,PAYMENT,99970001911,2.00,,
T0000601,2026-07-01 20:01:00,PAYMENT,99970001911,2.00,,
T0000602,2026-07-01 20:02:00,PAYMENT,99970001911,2.00,,
T0000603,2026-07-01 20:03:00,PAYMENT,99970001911,2.00,,
T0000604,2026-07-01 20:04:00,PAYMENT,99970001911,2.00,,
T0000605,2026-07-01 20:05:00,PAYMENT,99970001911,2.00,,
T0000606,2026-07-01 20:06:00,PAYMENT,99970001911,2.00,,
T0000607,2026-07-01 20:07:00,PAYMENT,99970001911,2.00,,
T0000608,2026-07-01 20:00:00,PAYMENT,99970001912,2.00,,
T0000609,2026-07-01 20:01:00,PAYMENT,99970001912,2.00,,
T0000610,2026-07-01 20:02:00,PAYMENT,99970001912,2.00,,
T0000611,2026-07-01 20:00:00,PAYMENT,99970001913,6.00,,
T0000612,2026-07-01 20:01:00,PAYMENT,99970001913,6.00,,
T0000613,2026-07-01 20:02:00,PAYMENT,99970001913,6.00,,
T0000614,2026-07-01 20:03:00,PAYMENT,99970001913,6.00,,
T0000615,2026-07-01 20:04:00,PAYMENT,99970001913,6.00,,
T0000616,2026-07-01 20:05:00,PAYMENT,99970001913,6.00,,
T0000617,2026-07-01 20:06:00,PAYMENT,99970001913,6.00,,
T0000618,2026-07-01 20:07:00,PAYMENT,99970001913,6.00,,
T0000619,2026-07-01 20:08:00,PAYMENT,99970001913,6.00,,
T0000620,2026-07-01 20:09:00,PAYMENT,99970001913,6.00,,
T0000621,2026-07-01 20:10:00,PAYMENT,99970001913,6.00,,
T0000622,2026-07-01 20:11:00,PAYMENT,99970001913,6.00,,
T0000623,2026-07-01 20:12:00,PAYMENT,99970001913,6.00,,
T0000624,2026-07-01 20:13:00,PAYMENT,99970001913,6.00,,
T0000625,2026-07-01 20:14:00,PAYMENT,99970001913,6.00,,
T0000626,2026-07-01 20:15:00,PAYMENT,99970001913,6.00,,
T0000627,2026-07-01 20:16:00,PAYMENT,99970001913,6.00,,
T0000628,2026-07-01 20:17:00,PAYMENT,99970001913,6.00,,
T0000629,2026-07-01 20:18:00,PAYMENT,99970001913,6.00,,
T0000630,2026-07-01 20:19:00,PAYMENT,99970001913,6.00,,
T0000631,2026-07-01 20:00:00,VOUCHER,99970001914,2.00,V70140000,
T0000632,2026-07-01 20:01:00,VOUCHER,99970001914,2.00,V70140001,
T0000633,2026-07-01 20:02:00,VOUCHER,99970001914,2.00,V70140002,
T0000634,2026-07-01 20:03:00,VOUCHER,99970001914,2.00,V70140003,
T0000635,2026-07-01 20:04:00,VOUCHER,99970001914,2.00,V70140004,
T0000636,2026-07-01 20:05:00,VOUCHER,99970001914,2.00,V70140005,
T0000637,2026-07-01 20:06:00,VOUCHER,99970001914,2.00,V70140006,
T0000638,2026-07-01 20:07:00,VOUCHER,99970001914,2.00,V70140007,
T0000639,2026-07-01 20:08:00,VOUCHER,99970001914,2.00,V70140008,
T0000640,2026-07-01 20:09:00,VOUCHER,99970001914,2.00,V70140009,
T0000641,2026-07-01 20:10:00,VOUCHER,99970001914,2.00,V70140010,
T0000642,2026-07-01 20:11:00,VOUCHER,99970001914,2.00,V70140011,
