XDR_ID,EVENT_TS,EVENT_DATE,SUBSCRIBER_ID,B_NUMBER,SERVICE,PARTNER,USAGE_UNITS
X000001,2026-07-01 22:33:38,2026-07-01,S027,9173435179,VOICE,,337
X000002,2026-07-02 02:15:39,2026-07-02,S039,9606457613,DATA,,116
X000003,2026-07-01 05:21:07,2026-07-01,S016,9586111987,VOICE,,1502
X000004,2026-07-03 00:32:58,2026-07-03,S039,9084210670,SMS,,1
X000005,2026-07-01 03:33:07,2026-07-01,S025,9032353088,VOICE,IC_P1,827
X000006,2026-07-03 02:38:57,2026-07-03,S040,9843626937,DATA,,3
X000007,2026-07-01 23:12:23,2026-07-01,S015,9176764651,SMS,,1
X000008,2026-07-01 08:55:01,2026-07-01,S024,9099628586,VOICE,IC_P1,362
X000009,2026-07-01 06:49:31,2026-07-01,S023,9279155223,VOICE,IC_P1,1116
X000010,2026-07-02 12:42:54,2026-07-02,S021,9277069601,VOICE,IC_P2,237
X000011,2026-07-03 04:24:42,2026-07-03,S040,9218936796,VOICE,IC_P1,38
X000012,2026-07-02 21:32:11,2026-07-02,S020,9802647341,SMS,,1
X000013,2026-07-01 05:31:03,2026-07-01,S033,9837666281,VOICE,,1684
X000014,2026-07-01 05:57:48,2026-07-01,S014,9287246643,VOICE,IC_P3,783
X000015,2026-07-01 01:50:35,2026-07-01,S011,9932161453,VOICE,,1334
X000016,2026-07-01 17:26:43,2026-07-01,S013,9779391718,VOICE,,812
X000017,2026-07-02 04:10:25,2026-07-02,S037,9094099601,DATA,,463
X000018,2026-07-03 20:41:57,2026-07-03,S010,9715143919,VOICE,IC_P2,132
X000019,2026-07-03 05:27:04,2026-07-03,S015,9987708018,SMS,,1
X000020,2026-07-03 22:03:22,2026-07-03,S019,9716066792,SMS,,1
X000021,2026-07-02 21:23:58,2026-07-02,S040,9792384284,VOICE,,47
X000022,2026-07-01 07:54:07,2026-07-01,S031,9063783670,VOICE,,547
X000023,2026-07-01 06:00:05,2026-07-01,S034,9330734868,SMS,,1
X000024,2026-07-03 07:50:04,2026-07-03,S033,9934116087,VOICE,,1442
X000025,2026-07-02 12:50:24,2026-07-02,S035,9415788318,SMS,,1
X000026,2026-07-03 12:44:49,2026-07-03,S022,9395539580,VOICE,,1333
X000027,2026-07-02 11:52:33,2026-07-02,S037,9776844425,SMS,,1
X000028,2026-07-02 00:08:38,2026-07-02,S013,9642282533,VOICE,IC_P3,1794
X000029,2026-07-02 15:34:14,2026-07-02,S039,9840582219,SMS,,1
X000030,2026-07-01 22:47:06,2026-07-01,S039,9679066367,DATA,,90
X000031,2026-07-03 17:55:54,2026-07-03,S028,9023894009,DATA,,275
X000032,2026-07-01 12:30:56,2026-07-01,S027,9633083611,VOICE,IC_P1,87
X000033,2026-07-01 04:08:54,2026-07-01,S014,9318792363,SMS,,1
X000034,2026-07-01 08:19:42,2026-07-01,S032,9857850644,SMS,,1
X000035,2026-07-03 05:53:46,2026-07-03,S026,9601461646,SMS,,1
X000036,2026-07-03 07:42:06,2026-07-03,S001,9006616168,DATA,,267
X000037,2026-07-02 00:23:20,2026-07-02,S031,9989561877,SMS,,1
X000038,2026-07-02 04:55:47,2026-07-02,S006,9146979652,SMS,,1
X000039,2026-07-03 05:59:17,2026-07-03,S011,9635939543,VOICE,IC_P1,1769
X000040,2026-07-01 14:20:46,2026-07-01,S020,9541768166,DATA,,358
X000041,2026-07-03 16:51:53,2026-07-03,S011,9469783027,VOICE,,658
X000042,2026-07-02 12:45:43,2026-07-02,S035,9222707550,DATA,,266
X000043,2026-07-02 07:40:56,2026-07-02,S035,9688845545,VOICE,IC_P3,613
X000044,2026-07-02 12:45:48,2026-07-02,S036,9120031519,VOICE,,331
X000045,2026-07-01 18:07:37,2026-07-01,S006,9477036823,DATA,,20
X000046,2026-07-03 03:25:27,2026-07-03,S021,9397428600,VOICE,,1033
X000047,2026-07-01 23:16:54,2026-07-01,S001,9840210593,DATA,,142
X000048,2026-07-03 03:51:34,2026-07-03,S003,9658912830,SMS,,1
X000049,2026-07-02 09:52:19,2026-07-02,S027,9376634675,SMS,,1
X000050,2026-07-01 04:19:03,2026-07-01,S032,9626417375,VOICE,IC_P3,772
X000051,2026-07-03 07:32:23,2026-07-03,S035,9403521956,SMS,,1
X000052,2026-07-01 07:59:44,2026-07-01,S035,9596016744,VOICE,IC_P2,309
X000053,2026-07-01 03:35:10,2026-07-01,S032,9436850248,SMS,,1
X000054,2026-07-03 08:27:30,2026-07-03,S027,9954758945,VOICE,IC_P1,425
X000055,2026-07-03 00:00:08,2026-07-03,S037,9225714230,VOICE,,560
X000056,2026-07-02 01:13:07,2026-07-02,S010,9314741358,VOICE,IC_P2,397
X000057,2026-07-03 22:01:04,2026-07-03,S013,9914148090,VOICE,,851
X000058,2026-07-03 14:39:08,2026-07-03,S016,9883430632,SMS,,1
X000059,2026-07-03 13:13:31,2026-07-03,S001,9504063521,VOICE,IC_P1,1433
X000060,2026-07-02 02:58:48,2026-07-02,S003,9356001105,SMS,,1
X000061,2026-07-03 03:32:42,2026-07-03,S033,9827689903,SMS,,1
X000062,2026-07-02 19:04:06,2026-07-02,S026,9111123111,VOICE,,1064
X000063,2026-07-03 08:39:33,2026-07-03,S027,9003872030,DATA,,241
X000064,2026-07-01 04:34:07,2026-07-01,S032,9581668274,SMS,,1
X000065,2026-07-01 07:55:36,2026-07-01,S032,9912625042,VOICE,IC_P3,724
X000066,2026-07-02 18:14:19,2026-07-02,S004,9100203358,SMS,,1
X000067,2026-07-01 01:20:45,2026-07-01,S039,9282836891,VOICE,IC_P3,1472
X000068,2026-07-03 18:40:37,2026-07-03,S023,9388110425,DATA,,198
X000069,2026-07-01 19:43:47,2026-07-01,S035,9927374728,SMS,,1
X000070,2026-07-01 17:25:34,2026-07-01,S031,9778826590,VOICE,IC_P1,440
X000071,2026-07-03 10:57:38,2026-07-03,S029,9978801960,SMS,,1
X000072,2026-07-03 01:24:41,2026-07-03,S004,9937338799,VOICE,IC_P3,1653
X000073,2026-07-02 08:41:36,2026-07-02,S040,9579763277,SMS,,1
X000074,2026-07-02 21:50:40,2026-07-02,S018,9900861229,SMS,,1
X000075,2026-07-01 05:04:21,2026-07-01,S012,9738817666,VOICE,IC_P3,984
X000076,2026-07-02 18:49:06,2026-07-02,S032,9323309346,VOICE,IC_P3,631
X000077,2026-07-03 07:03:47,2026-07-03,S013,9857015274,VOICE,,1525
X000078,2026-07-01 06:01:06,2026-07-01,S035,9703902680,VOICE,,1349
X000079,2026-07-03 17:52:38,2026-07-03,S005,9196779700,VOICE,,459
X000080,2026-07-02 19:18:47,2026-07-02,S015,9637763563,SMS,,1
X000081,2026-07-01 16:41:50,2026-07-01,S014,9009186376,SMS,,1
X000082,2026-07-02 19:21:07,2026-07-02,S008,9332554061,VOICE,IC_P2,83
X000083,2026-07-01 04:38:08,2026-07-01,S033,9918098650,SMS,,1
X000084,2026-07-01 15:36:07,2026-07-01,S017,9219891902,VOICE,,1200
X000085,2026-07-03 05:58:57,2026-07-03,S029,9948369346,VOICE,,1640
X000086,2026-07-01 06:40:33,2026-07-01,S018,9119493653,VOICE,IC_P2,852
X000087,2026-07-02 02:57:27,2026-07-02,S002,9061392827,DATA,,99
X000088,2026-07-01 21:42:46,2026-07-01,S030,9188432434,VOICE,,472
X000089,2026-07-02 09:26:25,2026-07-02,S037,9352598712,DATA,,387
X000090,2026-07-02 22:09:57,2026-07-02,S027,9596001089,VOICE,IC_P2,1076
X000091,2026-07-02 10:22:51,2026-07-02,S040,9197684658,DATA,,62
X000092,2026-07-01 05:25:47,2026-07-01,S010,9350866362,DATA,,253
X000093,2026-07-02 14:31:00,2026-07-02,S011,9591211587,SMS,,1
X000094,2026-07-02 15:26:56,2026-07-02,S004,9881823887,VOICE,,285
X000095,2026-07-01 22:27:09,2026-07-01,S008,9820254872,VOICE,,922
X000096,2026-07-01 13:57:49,2026-07-01,S009,9247328350,SMS,,1
X000097,2026-07-03 23:22:26,2026-07-03,S040,9243439919,VOICE,IC_P2,1314
X000098,2026-07-02 07:54:00,2026-07-02,S018,9499416304,SMS,,1
X000099,2026-07-02 07:23:57,2026-07-02,S006,9450038436,VOICE,,1429
X000100,2026-07-03 00:17:36,2026-07-03,S039,9081580577,VOICE,IC_P2,468
X000101,2026-07-01 05:10:58,2026-07-01,S029,9561101030,SMS,,1
X000102,2026-07-02 20:57:49,2026-07-02,S025,9958633620,VOICE,IC_P2,113
X000103,2026-07-03 22:21:46,2026-07-03,S010,9205707712,VOICE,,1645
X000104,2026-07-03 15:41:48,2026-07-03,S030,9014413537,VOICE,IC_P1,1594
X000105,2026-07-02 09:52:52,2026-07-02,S034,9828148933,DATA,,83
X000106,2026-07-02 10:49:48,2026-07-02,S004,9137539015,SMS,,1
X000107,2026-07-03 05:07:11,2026-07-03,S018,9304003177,VOICE,,736
X000108,2026-07-02 04:41:16,2026-07-02,S030,9185823271,DATA,,41
X000109,2026-07-02 13:31:06,2026-07-02,S008,9236274437,VOICE,IC_P1,1189
X000110,2026-07-02 00:36:07,2026-07-02,S024,9340071157,SMS,,1
X000111,2026-07-03 20:48:46,2026-07-03,S022,9634612360,VOICE,IC_P1,37
X000112,2026-07-03 13:57:30,2026-07-03,S039,9261078920,SMS,,1
X000113,2026-07-03 03:19:25,2026-07-03,S029,9840652506,VOICE,,1253
X000114,2026-07-02 10:16:53,2026-07-02,S040,9622589712,VOICE,,330
X000115,2026-07-03 12:55:16,2026-07-03,S028,9588727108,VOICE,IC_P3,227
X000116,2026-07-02 19:44:20,2026-07-02,S028,9489450634,DATA,,153
X000117,2026-07-03 16:41:22,2026-07-03,S038,9615899075,VOICE,,438
X000118,2026-07-03 17:42:48,2026-07-03,S029,9416714425,VOICE,,1574
X000119,2026-07-03 16:43:43,2026-07-03,S039,9076639270,SMS,,1
X000120,2026-07-01 16:48:26,2026-07-01,S002,9361162038,VOICE,IC_P3,1115
X000121,2026-07-02 11:18:51,2026-07-02,S022,9725026793,SMS,,1
X000122,2026-07-03 00:09:48,2026-07-03,S034,9376458758,SMS,,1
X000123,2026-07-02 23:43:37,2026-07-02,S012,9764917340,VOICE,,1536
X000124,2026-07-03 21:21:43,2026-07-03,S011,9423261990,VOICE,,7
X000125,2026-07-01 13:54:57,2026-07-01,S012,9071227469,SMS,,1
X000126,2026-07-01 06:10:02,2026-07-01,S032,9970191250,VOICE,,147
X000127,2026-07-03 07:41:16,2026-07-03,S014,9250253230,VOICE,,1474
X000128,2026-07-03 00:51:18,2026-07-03,S003,9837115682,VOICE,IC_P1,868
X000129,2026-07-02 01:45:30,2026-07-02,S011,9868259125,SMS,,1
X000130,2026-07-03 11:34:46,2026-07-03,S019,9187183159,VOICE,,587
X000131,2026-07-03 05:03:07,2026-07-03,S008,9453091686,VOICE,IC_P1,505
X000132,2026-07-03 17:19:14,2026-07-03,S018,9882778082,VOICE,IC_P2,50
X000133,2026-07-02 21:47:07,2026-07-02,S027,9482310732,DATA,,422
X000134,2026-07-03 04:26:47,2026-07-03,S013,9754086020,SMS,,1
X000135,2026-07-03 09:43:08,2026-07-03,S022,9762472423,SMS,,1
X000136,2026-07-01 06:15:23,2026-07-01,S008,9989013101,VOICE,,184
X000137,2026-07-03 20:02:24,2026-07-03,S008,9738613184,DATA,,134
X000138,2026-07-03 16:50:10,2026-07-03,S009,9677023174,VOICE,,529
X000139,2026-07-03 00:33:20,2026-07-03,S033,9755047685,SMS,,1
X000140,2026-07-01 13:11:34,2026-07-01,S018,9810640060,VOICE,,390
X000141,2026-07-03 23:03:20,2026-07-03,S005,9820878756,SMS,,1
X000142,2026-07-02 19:24:13,2026-07-02,S032,9978282403,VOICE,,10
X000143,2026-07-03 19:09:53,2026-07-03,S012,9131134158,SMS,,1
X000144,2026-07-03 20:01:35,2026-07-03,S002,9925071392,SMS,,1
X000145,2026-07-01 07:10:27,2026-07-01,S002,9875458159,VOICE,IC_P2,981
X000146,2026-07-01 00:51:25,2026-07-01,S017,9700069039,SMS,,1
X000147,2026-07-01 17:42:25,2026-07-01,S027,9164830299,SMS,,1
X000148,2026-07-02 14:43:38,2026-07-02,S040,9577886771,VOICE,IC_P2,913
X000149,2026-07-03 00:25:24,2026-07-03,S037,9507996619,SMS,,1
X000150,2026-07-02 11:55:16,2026-07-02,S040,9265641106,DATA,,352
X000151,2026-07-03 21:38:23,2026-07-03,S021,9167836740,SMS,,1
X000152,2026-07-01 20:21:03,2026-07-01,S015,9752403369,VOICE,,1202
X000153,2026-07-03 00:03:03,2026-07-03,S013,9624091892,VOICE,IC_P3,926
X000154,2026-07-03 15:42:01,2026-07-03,S034,9625385916,VOICE,,61
X000155,2026-07-03 16:50:31,2026-07-03,S033,9212494949,VOICE,,96
X000156,2026-07-03 07:53:15,2026-07-03,S032,9139566262,DATA,,108
X000157,2026-07-03 12:56:05,2026-07-03,S037,9128513988,SMS,,1
X000158,2026-07-02 13:45:43,2026-07-02,S012,9823206802,VOICE,IC_P1,98
X000159,2026-07-02 12:23:44,2026-07-02,S025,9895613739,VOICE,,914
X000160,2026-07-02 10:46:42,2026-07-02,S040,9898622085,DATA,,367
X000161,2026-07-01 21:35:12,2026-07-01,S039,9108925696,SMS,,1
X000162,2026-07-02 22:00:39,2026-07-02,S002,9625519131,DATA,,133
X000163,2026-07-03 04:36:21,2026-07-03,S033,9490175675,VOICE,IC_P3,1002
X000164,2026-07-02 16:04:32,2026-07-02,S030,9463409027,DATA,,1
X000165,2026-07-03 10:23:05,2026-07-03,S001,9622905485,VOICE,IC_P2,1748
X000166,2026-07-03 00:42:22,2026-07-03,S008,9443122597,DATA,,366
X000167,2026-07-02 20:53:56,2026-07-02,S031,9110280845,VOICE,,1232
X000168,2026-07-03 14:39:11,2026-07-03,S023,9656533411,VOICE,,821
X000169,2026-07-03 22:49:23,2026-07-03,S009,9646890969,VOICE,IC_P2,513
X000170,2026-07-02 01:13:36,2026-07-02,S021,9755720008,VOICE,,1185
X000171,2026-07-02 17:40:30,2026-07-02,S021,9466765699,DATA,,236
X000172,2026-07-01 19:16:43,2026-07-01,S027,9851184501,DATA,,367
X000173,2026-07-03 07:02:43,2026-07-03,S038,9024813403,VOICE,IC_P2,234
X000174,2026-07-01 05:37:33,2026-07-01,S032,9458871287,VOICE,IC_P3,1612
X000175,2026-07-03 08:52:35,2026-07-03,S028,9014734075,SMS,,1
X000176,2026-07-02 04:06:53,2026-07-02,S013,9612330753,SMS,,1
X000177,2026-07-03 09:52:42,2026-07-03,S015,9160060165,SMS,,1
X000178,2026-07-02 05:21:24,2026-07-02,S008,9860848595,SMS,,1
X000179,2026-07-01 05:09:35,2026-07-01,S039,9228768117,DATA,,165
X000180,2026-07-03 10:23:51,2026-07-03,S002,9688165197,VOICE,IC_P2,1108
X000181,2026-07-02 11:02:56,2026-07-02,S017,9984532671,VOICE,,1539
X000182,2026-07-01 15:11:36,2026-07-01,S009,9375470896,VOICE,IC_P3,668
X000183,2026-07-01 13:48:02,2026-07-01,S020,9276550853,VOICE,,1014
X000184,2026-07-01 02:04:07,2026-07-01,S039,9432361191,SMS,,1
X000185,2026-07-03 03:13:04,2026-07-03,S033,9270247106,VOICE,IC_P2,1499
X000186,2026-07-03 13:07:46,2026-07-03,S019,9090877140,VOICE,,783
X000187,2026-07-03 01:35:45,2026-07-03,S020,9782564093,DATA,,52
X000188,2026-07-03 16:06:12,2026-07-03,S027,9806044057,VOICE,IC_P1,1025
X000189,2026-07-02 19:03:32,2026-07-02,S017,9121339612,VOICE,IC_P2,399
X000190,2026-07-01 10:59:17,2026-07-01,S023,9289402990,SMS,,1
X000191,2026-07-01 19:28:03,2026-07-01,S002,9405988642,VOICE,IC_P2,271
X000192,2026-07-03 22:17:55,2026-07-03,S031,9515419930,DATA,,401
X000193,2026-07-02 13:12:44,2026-07-02,S011,9637073536,VOICE,,456
X000194,2026-07-02 10:56:17,2026-07-02,S002,9990017329,VOICE,IC_P1,397
X000195,2026-07-01 11:18:50,2026-07-01,S024,9431708797,VOICE,IC_P1,1588
X000196,2026-07-01 11:03:23,2026-07-01,S004,9956951957,DATA,,454
X000197,2026-07-01 04:28:12,2026-07-01,S020,9877429415,SMS,,1
X000198,2026-07-02 14:19:49,2026-07-02,S030,9076431249,VOICE,,919
X000199,2026-07-02 04:39:51,2026-07-02,S009,9327029939,DATA,,429
X000200,2026-07-02 11:34:07,2026-07-02,S036,9446476497,SMS,,1
X000201,2026-07-03 02:48:41,2026-07-03,S032,9124942300,DATA,,414
X000202,2026-07-02 02:10:34,2026-07-02,S038,9143985908,VOICE,IC_P2,781
X000203,2026-07-01 23:12:00,2026-07-01,S023,9005815490,VOICE,,523
X000204,2026-07-03 08:59:50,2026-07-03,S010,9108339853,DATA,,364
X000205,2026-07-01 03:12:25,2026-07-01,S031,9566943494,VOICE,IC_P3,1437
X000206,2026-07-01 21:06:06,2026-07-01,S026,9863355098,VOICE,,453
X000207,2026-07-02 03:30:44,2026-07-02,S007,9691235428,VOICE,,174
X000208,2026-07-03 20:03:11,2026-07-03,S019,9688470128,VOICE,,627
X000209,2026-07-02 01:01:07,2026-07-02,S018,9140962058,VOICE,IC_P2,349
X000210,2026-07-02 23:25:41,2026-07-02,S020,9588833639,VOICE,,1179
X000211,2026-07-01 12:45:36,2026-07-01,S023,9063946060,SMS,,1
X000212,2026-07-03 21:21:57,2026-07-03,S020,9832416720,VOICE,IC_P2,1641
X000213,2026-07-01 16:16:04,2026-07-01,S013,9834896872,DATA,,150
X000214,2026-07-02 19:38:02,2026-07-02,S027,9126440414,SMS,,1
X000215,2026-07-01 14:11:36,2026-07-01,S023,9742268439,SMS,,1
X000216,2026-07-01 10:19:50,2026-07-01,S025,9686965217,VOICE,IC_P1,1066
X000217,2026-07-01 12:49:40,2026-07-01,S005,9398741165,DATA,,429
X000218,2026-07-02 14:02:22,2026-07-02,S026,9463945995,VOICE,,1538
X000219,2026-07-03 22:59:11,2026-07-03,S006,9853544746,SMS,,1
X000220,2026-07-02 23:27:27,2026-07-02,S005,9923072596,SMS,,1
X000221,2026-07-02 15:36:12,2026-07-02,S018,9855717429,VOICE,,208
X000222,2026-07-02 21:21:57,2026-07-02,S028,9590598966,DATA,,18
X000223,2026-07-03 00:39:45,2026-07-03,S033,9760954412,DATA,,375
X000224,2026-07-03 20:40:45,2026-07-03,S037,9264604904,SMS,,1
X000225,2026-07-02 18:01:44,2026-07-02,S020,9848241974,VOICE,IC_P1,317
X000226,2026-07-03 01:22:57,2026-07-03,S008,9334319903,VOICE,,17
X000227,2026-07-02 15:04:45,2026-07-02,S027,9282674980,VOICE,,827
X000228,2026-07-03 19:27:19,2026-07-03,S029,9168029524,DATA,,263
X000229,2026-07-03 15:33:02,2026-07-03,S006,9242201211,VOICE,IC_P1,1546
X000230,2026-07-01 01:54:41,2026-07-01,S024,9634267029,DATA,,346
X000231,2026-07-01 15:19:35,2026-07-01,S011,9149014099,VOICE,,922
X000232,2026-07-03 21:50:51,2026-07-03,S038,9297506850,VOICE,,1624
X000233,2026-07-03 18:58:26,2026-07-03,S003,9985394345,SMS,,1
X000234,2026-07-03 14:04:35,2026-07-03,S001,9364605167,VOICE,,400
X000235,2026-07-01 03:38:58,2026-07-01,S018,9513751303,DATA,,66
X000236,2026-07-02 19:12:47,2026-07-02,S004,9447911130,VOICE,,472
X000237,2026-07-01 11:30:38,2026-07-01,S031,9707894020,VOICE,IC_P2,484
X000238,2026-07-03 01:00:27,2026-07-03,S020,9342819729,SMS,,1
X000239,2026-07-01 18:15:00,2026-07-01,S008,9683158112,VOICE,,1180
X000240,2026-07-02 18:09:04,2026-07-02,S024,9641880327,VOICE,IC_P3,1418
X000241,2026-07-01 10:35:59,2026-07-01,S039,9751479736,SMS,,1
X000242,2026-07-03 00:27:34,2026-07-03,S026,9593318672,DATA,,329
X000243,2026-07-03 01:33:51,2026-07-03,S026,9068124256,VOICE,,1055
X000244,2026-07-03 18:11:26,2026-07-03,S015,9376456049,DATA,,85
X000245,2026-07-01 10:55:54,2026-07-01,S021,9948882314,SMS,,1
X000246,2026-07-03 00:05:13,2026-07-03,S029,9687660665,DATA,,325
X000247,2026-07-03 06:17:16,2026-07-03,S011,9085253369,SMS,,1
X000248,2026-07-01 14:19:42,2026-07-01,S022,9950962596,SMS,,1
X000249,2026-07-02 17:43:57,2026-07-02,S038,9748721327,VOICE,,1487
X000250,2026-07-01 20:33:53,2026-07-01,S016,9970020329,DATA,,354
X000251,2026-07-03 08:26:31,2026-07-03,S038,9440997282,SMS,,1
X000252,2026-07-01 10:04:37,2026-07-01,S024,9138251743,SMS,,1
X000253,2026-07-02 08:14:29,2026-07-02,S017,9781980109,VOICE,,1562
X000254,2026-07-03 07:32:00,2026-07-03,S001,9865848931,VOICE,,1537
X000255,2026-07-02 00:19:53,2026-07-02,S003,9773173740,SMS,,1
X000256,2026-07-02 19:48:52,2026-07-02,S031,9569121099,VOICE,,1409
X000257,2026-07-01 17:32:32,2026-07-01,S005,9593396595,DATA,,269
X000258,2026-07-02 05:39:34,2026-07-02,S009,9467312682,VOICE,IC_P2,1175
X000259,2026-07-01 03:10:09,2026-07-01,S023,9135235923,VOICE,,724
X000260,2026-07-03 16:45:30,2026-07-03,S029,9168148738,DATA,,12
X000261,2026-07-03 09:55:47,2026-07-03,S001,9850657554,VOICE,,714
X000262,2026-07-01 07:44:28,2026-07-01,S025,9309134411,SMS,,1
X000263,2026-07-01 20:26:05,2026-07-01,S035,9964357697,VOICE,,1717
X000264,2026-07-02 17:08:04,2026-07-02,S010,9791384556,VOICE,,804
X000265,2026-07-03 23:52:24,2026-07-03,S028,9065211192,VOICE,,523
X000266,2026-07-02 11:31:22,2026-07-02,S012,9217873804,SMS,,1
X000267,2026-07-03 08:06:35,2026-07-03,S023,9914959845,VOICE,IC_P2,738
X000268,2026-07-02 14:43:13,2026-07-02,S004,9802357866,VOICE,,817
X000269,2026-07-01 09:34:01,2026-07-01,S034,9618757470,SMS,,1
X000270,2026-07-01 22:07:05,2026-07-01,S037,9550760078,VOICE,,1535
X000271,2026-07-01 17:24:21,2026-07-01,S030,9816572965,VOICE,,367
X000272,2026-07-02 06:45:38,2026-07-02,S014,9215888165,VOICE,IC_P1,502
X000273,2026-07-02 17:25:00,2026-07-02,S035,9978540833,DATA,,458
X000274,2026-07-03 03:02:54,2026-07-03,S025,9214018377,VOICE,,1724
X000275,2026-07-03 01:16:14,2026-07-03,S018,9834149562,VOICE,IC_P3,1015
X000276,2026-07-03 19:48:11,2026-07-03,S008,9628917518,SMS,,1
X000277,2026-07-03 09:52:24,2026-07-03,S037,9496494561,VOICE,IC_P2,555
X000278,2026-07-02 12:00:40,2026-07-02,S008,9332260392,SMS,,1
X000279,2026-07-02 22:22:48,2026-07-02,S002,9677634422,VOICE,IC_P3,223
X000280,2026-07-02 06:47:20,2026-07-02,S005,9129699244,VOICE,,724
X000281,2026-07-02 13:17:09,2026-07-02,S003,9489849532,VOICE,,444
X000282,2026-07-01 12:20:20,2026-07-01,S003,9599246864,VOICE,IC_P1,459
X000283,2026-07-03 22:44:45,2026-07-03,S007,9764085695,VOICE,IC_P3,725
X000284,2026-07-03 15:53:21,2026-07-03,S031,9344086986,DATA,,84
X000285,2026-07-03 13:43:05,2026-07-03,S008,9446300619,SMS,,1
X000286,2026-07-03 11:51:24,2026-07-03,S008,9792385923,VOICE,IC_P2,537
X000287,2026-07-03 06:01:38,2026-07-03,S009,9554964771,SMS,,1
X000288,2026-07-01 06:02:27,2026-07-01,S019,9112352936,VOICE,IC_P1,1384
X000289,2026-07-03 19:06:09,2026-07-03,S038,9300041655,VOICE,IC_P2,1637
X000290,2026-07-01 14:14:15,2026-07-01,S022,9911078010,VOICE,IC_P1,1535
X000291,2026-07-03 15:10:59,2026-07-03,S036,9165924437,SMS,,1
X000292,2026-07-03 00:56:13,2026-07-03,S004,9044643534,VOICE,,533
X000293,2026-07-02 06:46:28,2026-07-02,S036,9089589595,VOICE,IC_P1,1329
X000294,2026-07-03 20:04:23,2026-07-03,S009,9542656306,SMS,,1
X000295,2026-07-02 20:08:11,2026-07-02,S033,9166039927,VOICE,IC_P2,1530
X000296,2026-07-02 00:17:19,2026-07-02,S007,9322397466,VOICE,,1458
X000297,2026-07-02 06:23:23,2026-07-02,S020,9805890849,SMS,,1
X000298,2026-07-02 01:25:47,2026-07-02,S014,9267010369,DATA,,303
X000299,2026-07-02 07:57:06,2026-07-02,S022,9543480850,DATA,,146
X000300,2026-07-01 02:07:13,2026-07-01,S001,9537081340,VOICE,IC_P1,1282
X000301,2026-07-03 11:59:09,2026-07-03,S004,9021701862,DATA,,468
X000302,2026-07-03 11:51:17,2026-07-03,S019,9303537957,VOICE,IC_P1,1232
X000303,2026-07-03 17:57:28,2026-07-03,S026,9369842494,SMS,,1
X000304,2026-07-02 04:38:52,2026-07-02,S039,9073069637,DATA,,40
X000305,2026-07-02 04:01:46,2026-07-02,S031,9224197780,VOICE,,1491
X000306,2026-07-02 05:22:27,2026-07-02,S015,9623714203,DATA,,376
X000307,2026-07-02 17:12:53,2026-07-02,S006,9477984505,VOICE,,427
X000308,2026-07-01 03:23:46,2026-07-01,S033,9791880354,DATA,,275
X000309,2026-07-02 20:58:08,2026-07-02,S010,9950435111,DATA,,338
X000310,2026-07-02 23:58:13,2026-07-02,S030,9447752632,VOICE,,732
X000311,2026-07-03 06:44:20,2026-07-03,S010,9994429509,VOICE,,838
X000312,2026-07-01 23:42:59,2026-07-01,S038,9352485135,SMS,,1
X000313,2026-07-03 19:55:18,2026-07-03,S037,9022814347,VOICE,IC_P1,1139
X000314,2026-07-01 13:36:21,2026-07-01,S021,9212100420,SMS,,1
X000315,2026-07-02 18:44:36,2026-07-02,S005,9083526860,SMS,,1
X000316,2026-07-02 23:55:05,2026-07-02,S017,9974175926,VOICE,,1329
X000317,2026-07-02 23:55:36,2026-07-02,S039,9621284593,VOICE,,1682
X000318,2026-07-03 19:57:27,2026-07-03,S001,9976716748,SMS,,1
X000319,2026-07-03 19:41:58,2026-07-03,S003,9426671041,VOICE,IC_P3,393
X000320,2026-07-01 04:25:16,2026-07-01,S002,9132599803,VOICE,IC_P3,48
X000321,2026-07-01 15:19:00,2026-07-01,S010,9308910093,DATA,,167
X000322,2026-07-03 22:11:09,2026-07-03,S014,9855683346,VOICE,,1480
X000323,2026-07-02 21:47:30,2026-07-02,S028,9381556582,DATA,,230
X000324,2026-07-02 18:07:43,2026-07-02,S027,9989129851,DATA,,108
X000325,2026-07-02 15:22:41,2026-07-02,S027,9973990771,VOICE,,1405
X000326,2026-07-02 12:12:05,2026-07-02,S032,9922007843,SMS,,1
X000327,2026-07-01 16:46:47,2026-07-01,S030,9844210634,VOICE,IC_P2,100
X000328,2026-07-02 17:25:25,2026-07-02,S030,9276969703,SMS,,1
X000329,2026-07-01 17:49:17,2026-07-01,S021,9222898427,VOICE,IC_P3,915
X000330,2026-07-03 17:28:32,2026-07-03,S006,9436450187,SMS,,1
X000331,2026-07-01 08:09:25,2026-07-01,S002,9336845896,VOICE,IC_P2,786
X000332,2026-07-02 04:45:25,2026-07-02,S033,9774288854,DATA,,443
X000333,2026-07-02 23:51:30,2026-07-02,S020,9796727005,VOICE,,325
X000334,2026-07-02 17:22:40,2026-07-02,S012,9206424271,VOICE,IC_P2,1730
X000335,2026-07-03 11:13:45,2026-07-03,S029,9926036808,VOICE,IC_P1,317
X000336,2026-07-03 06:25:34,2026-07-03,S007,9953349521,VOICE,,708
X000337,2026-07-01 11:38:23,2026-07-01,S010,9317154270,SMS,,1
X000338,2026-07-01 14:51:47,2026-07-01,S006,9528971066,VOICE,IC_P1,206
X000339,2026-07-02 11:21:17,2026-07-02,S033,9606883313,VOICE,IC_P2,1410
X000340,2026-07-03 04:19:06,2026-07-03,S028,9719087032,SMS,,1
X000341,2026-07-02 17:31:08,2026-07-02,S022,9949980780,VOICE,,422
X000342,2026-07-02 07:38:04,2026-07-02,S018,9054535637,VOICE,IC_P2,1155
X000343,2026-07-02 02:47:13,2026-07-02,S026,9234596512,DATA,,279
X000344,2026-07-01 07:21:39,2026-07-01,S007,9984701355,VOICE,IC_P1,1020
X000345,2026-07-01 14:06:09,2026-07-01,S034,9241812818,VOICE,,1322
X000346,2026-07-03 06:17:51,2026-07-03,S018,9136584258,VOICE,IC_P2,1650
X000347,2026-07-03 09:51:59,2026-07-03,S037,9415794114,VOICE,IC_P1,249
X000348,2026-07-03 04:59:13,2026-07-03,S016,9360736273,VOICE,,606
X000349,2026-07-02 11:28:37,2026-07-02,S027,9091942929,SMS,,1
X000350,2026-07-03 17:20:51,2026-07-03,S039,9661778228,SMS,,1
X000351,2026-07-01 05:58:44,2026-07-01,S029,9522390191,SMS,,1
X000352,2026-07-03 16:16:48,2026-07-03,S013,9959595756,VOICE,IC_P2,1487
X000353,2026-07-03 05:22:22,2026-07-03,S011,9485576475,VOICE,IC_P3,1058
X000354,2026-07-02 18:14:29,2026-07-02,S022,9408223085,VOICE,IC_P1,847
X000355,2026-07-03 19:27:52,2026-07-03,S006,9661548823,DATA,,406
X000356,2026-07-03 23:40:50,2026-07-03,S009,9064168683,VOICE,,829
X000357,2026-07-02 19:10:04,2026-07-02,S007,9863518143,DATA,,438
X000358,2026-07-03 07:24:37,2026-07-03,S022,9437087871,SMS,,1
X000359,2026-07-03 13:17:47,2026-07-03,S005,9159595391,VOICE,,1339
X000360,2026-07-02 13:13:42,2026-07-02,S030,9409900115,VOICE,IC_P1,1341
X000361,2026-07-03 06:30:33,2026-07-03,S035,9870707880,DATA,,342
X000362,2026-07-02 15:03:51,2026-07-02,S002,9240431992,SMS,,1
X000363,2026-07-01 12:06:15,2026-07-01,S021,9505154833,DATA,,71
X000364,2026-07-03 11:48:23,2026-07-03,S038,9013356498,VOICE,IC_P1,1513
X000365,2026-07-02 04:58:26,2026-07-02,S018,9916954014,DATA,,271
X000366,2026-07-02 07:27:13,2026-07-02,S037,9514877473,VOICE,,457
X000367,2026-07-02 05:31:13,2026-07-02,S001,9855666641,SMS,,1
X000368,2026-07-02 01:37:25,2026-07-02,S025,9782203567,DATA,,203
X000369,2026-07-03 02:26:31,2026-07-03,S037,9430741403,DATA,,130
X000370,2026-07-03 12:19:13,2026-07-03,S010,9308686178,SMS,,1
X000371,2026-07-03 02:21:55,2026-07-03,S021,9847294695,VOICE,IC_P3,360
X000372,2026-07-01 07:22:24,2026-07-01,S032,9273071965,VOICE,IC_P1,1767
X000373,2026-07-02 07:33:25,2026-07-02,S012,9891044656,VOICE,,1721
X000374,2026-07-01 11:13:22,2026-07-01,S040,9691981541,VOICE,IC_P3,1380
X000375,2026-07-01 05:57:54,2026-07-01,S035,9130449655,VOICE,,1304
X000376,2026-07-02 01:49:02,2026-07-02,S013,9668344105,VOICE,,1296
X000377,2026-07-03 08:42:22,2026-07-03,S007,9966519306,SMS,,1
X000378,2026-07-03 05:21:52,2026-07-03,S001,9163957678,VOICE,IC_P2,616
X000379,2026-07-01 17:20:55,2026-07-01,S037,9798296625,DATA,,405
X000380,2026-07-02 00:04:11,2026-07-02,S006,9116296832,VOICE,,1645
X000381,2026-07-03 16:23:51,2026-07-03,S017,9871827872,VOICE,IC_P2,1614
X000382,2026-07-03 17:15:41,2026-07-03,S006,9409364512,VOICE,IC_P2,1042
X000383,2026-07-02 10:29:26,2026-07-02,S038,9029926483,VOICE,IC_P2,1483
X000384,2026-07-01 20:30:03,2026-07-01,S004,9114764786,DATA,,74
X000385,2026-07-02 07:04:23,2026-07-02,S035,9562544739,VOICE,,599
X000386,2026-07-02 01:58:08,2026-07-02,S012,9812938328,VOICE,,1572
X000387,2026-07-01 07:09:56,2026-07-01,S002,9925009114,VOICE,,528
X000388,2026-07-01 19:38:47,2026-07-01,S040,9354516582,SMS,,1
X000389,2026-07-01 20:52:23,2026-07-01,S006,9694410969,SMS,,1
X000390,2026-07-03 23:05:17,2026-07-03,S032,9897325532,SMS,,1
X000391,2026-07-01 00:23:45,2026-07-01,S020,9220807257,VOICE,,465
X000392,2026-07-03 22:23:19,2026-07-03,S035,9865092745,VOICE,IC_P1,1250
X000393,2026-07-01 20:57:21,2026-07-01,S015,9987523281,VOICE,,748
X000394,2026-07-02 23:27:29,2026-07-02,S023,9091103122,SMS,,1
X000395,2026-07-02 20:59:28,2026-07-02,S029,9694856009,VOICE,,975
X000396,2026-07-02 06:41:13,2026-07-02,S011,9960928688,VOICE,,543
X000397,2026-07-01 23:33:35,2026-07-01,S004,9008656967,VOICE,,1780
X000398,2026-07-01 08:59:32,2026-07-01,S017,9965031632,SMS,,1
X000399,2026-07-03 04:36:55,2026-07-03,S015,9484780737,SMS,,1
X000400,2026-07-02 22:37:30,2026-07-02,S007,9638765459,SMS,,1
X000401,2026-07-02 00:53:34,2026-07-02,S008,9099008582,SMS,,1
X000402,2026-07-03 05:19:26,2026-07-03,S033,9198290322,DATA,,274
X000403,2026-07-03 23:37:53,2026-07-03,S026,9430213517,VOICE,,972
X000404,2026-07-02 19:05:34,2026-07-02,S016,9929828100,DATA,,413
X000405,2026-07-01 09:34:50,2026-07-01,S028,9543269453,VOICE,,1699
X000406,2026-07-03 08:24:46,2026-07-03,S034,9675510635,SMS,,1
X000407,2026-07-02 15:23:29,2026-07-02,S007,9069268726,VOICE,,516
X000408,2026-07-02 12:35:04,2026-07-02,S032,9171696089,SMS,,1
X000409,2026-07-03 05:37:11,2026-07-03,S029,9801799400,DATA,,7
X000410,2026-07-02 06:13:50,2026-07-02,S015,9925569602,VOICE,IC_P1,1044
X000411,2026-07-01 19:24:04,2026-07-01,S022,9058927419,SMS,,1
X000412,2026-07-02 04:24:02,2026-07-02,S016,9966406958,VOICE,,553
X000413,2026-07-01 06:16:51,2026-07-01,S003,9062281203,VOICE,,920
X000414,2026-07-01 22:06:50,2026-07-01,S007,9541985146,SMS,,1
X000415,2026-07-02 08:08:32,2026-07-02,S029,9072684810,DATA,,262
X000416,2026-07-03 01:52:29,2026-07-03,S027,9195561872,DATA,,450
X000417,2026-07-01 13:45:09,2026-07-01,S010,9934450983,VOICE,,236
X000418,2026-07-01 14:43:19,2026-07-01,S032,9810587952,VOICE,,76
X000419,2026-07-03 09:53:41,2026-07-03,S006,9010815251,SMS,,1
X000420,2026-07-03 14:27:05,2026-07-03,S012,9447086383,VOICE,IC_P1,346
X000421,2026-07-01 15:30:59,2026-07-01,S014,9315520373,VOICE,,924
X000422,2026-07-03 06:19:33,2026-07-03,S028,9411850104,DATA,,414
X000423,2026-07-02 15:42:32,2026-07-02,S012,9528838596,VOICE,IC_P1,250
X000424,2026-07-02 06:57:10,2026-07-02,S039,9014672076,VOICE,IC_P3,776
X000425,2026-07-03 02:44:08,2026-07-03,S005,9850478809,VOICE,IC_P3,1584
X000426,2026-07-03 02:25:21,2026-07-03,S018,9361243047,VOICE,IC_P1,1623
X000427,2026-07-01 20:34:52,2026-07-01,S027,9107297302,DATA,,353
X000428,2026-07-03 07:44:41,2026-07-03,S029,9521307749,VOICE,IC_P2,1531
X000429,2026-07-02 01:39:27,2026-07-02,S030,9174039568,SMS,,1
X000430,2026-07-02 23:05:41,2026-07-02,S028,9043363118,SMS,,1
X000431,2026-07-02 11:14:25,2026-07-02,S005,9160390202,VOICE,,1691
X000432,2026-07-01 01:15:54,2026-07-01,S018,9121410449,SMS,,1
X000433,2026-07-03 04:09:16,2026-07-03,S024,9175324643,DATA,,59
X000434,2026-07-03 15:38:55,2026-07-03,S018,9135807306,SMS,,1
X000435,2026-07-01 14:32:44,2026-07-01,S023,9398963888,SMS,,1
X000436,2026-07-03 09:18:33,2026-07-03,S031,9361024554,VOICE,IC_P1,339
X000437,2026-07-01 23:08:02,2026-07-01,S025,9977335759,DATA,,144
X000438,2026-07-03 02:21:16,2026-07-03,S038,9125153085,VOICE,,1197
X000439,2026-07-03 03:42:52,2026-07-03,S038,9139497901,VOICE,IC_P2,252
X000440,2026-07-02 00:09:22,2026-07-02,S023,9908038172,VOICE,IC_P2,733
X000441,2026-07-03 17:25:35,2026-07-03,S039,9724801102,SMS,,1
X000442,2026-07-02 12:58:39,2026-07-02,S040,9150724511,VOICE,IC_P2,452
X000443,2026-07-01 08:23:42,2026-07-01,S035,9267778584,VOICE,,1579
X000444,2026-07-01 11:31:25,2026-07-01,S038,9043203788,VOICE,IC_P1,1464
X000445,2026-07-03 13:30:21,2026-07-03,S036,9555882483,VOICE,,696
X000446,2026-07-01 22:48:48,2026-07-01,S016,9203764081,SMS,,1
X000447,2026-07-03 13:02:19,2026-07-03,S038,9914986807,VOICE,,1538
X000448,2026-07-01 20:14:26,2026-07-01,S012,9966045937,VOICE,,1025
X000449,2026-07-02 23:13:47,2026-07-02,S017,9344856465,DATA,,162
X000450,2026-07-02 14:24:04,2026-07-02,S037,9089684427,SMS,,1
X000451,2026-07-03 03:21:21,2026-07-03,S039,9883477521,VOICE,,1073
X000452,2026-07-02 20:40:52,2026-07-02,S019,9463085770,DATA,,300
X000453,2026-07-02 13:05:14,2026-07-02,S035,9397144489,SMS,,1
X000454,2026-07-01 07:26:53,2026-07-01,S004,9668919460,SMS,,1
X000455,2026-07-02 18:39:50,2026-07-02,S016,9491667842,SMS,,1
X000456,2026-07-02 12:08:24,2026-07-02,S017,9791242381,DATA,,275
X000457,2026-07-01 09:06:31,2026-07-01,S017,9415359742,VOICE,,66
X000458,2026-07-03 14:44:21,2026-07-03,S017,9499544327,VOICE,,1492
X000459,2026-07-01 22:41:21,2026-07-01,S002,9160110499,VOICE,,150
X000460,2026-07-03 12:53:05,2026-07-03,S017,9515556117,DATA,,178
X000461,2026-07-02 23:10:03,2026-07-02,S026,9831544875,SMS,,1
X000462,2026-07-02 16:33:44,2026-07-02,S008,9417564711,SMS,,1
X000463,2026-07-01 01:51:38,2026-07-01,S026,9960983210,SMS,,1
X000464,2026-07-03 08:53:09,2026-07-03,S017,9116563504,VOICE,,1432
X000465,2026-07-01 09:37:14,2026-07-01,S023,9776157252,DATA,,285
X000466,2026-07-02 23:15:03,2026-07-02,S028,9806747530,SMS,,1
X000467,2026-07-02 10:14:39,2026-07-02,S036,9783118962,VOICE,,24
X000468,2026-07-03 12:08:40,2026-07-03,S019,9507792423,VOICE,IC_P1,1711
X000469,2026-07-02 00:13:58,2026-07-02,S026,9574170003,SMS,,1
X000470,2026-07-01 23:04:27,2026-07-01,S019,9069023676,VOICE,,1324
X000471,2026-07-03 20:15:04,2026-07-03,S022,9327656634,SMS,,1
X000472,2026-07-02 15:28:10,2026-07-02,S003,9491631612,SMS,,1
X000473,2026-07-03 07:45:07,2026-07-03,S035,9066330183,DATA,,440
X000474,2026-07-03 03:30:06,2026-07-03,S004,9179662078,VOICE,IC_P3,549
X000475,2026-07-01 19:21:20,2026-07-01,S030,9098001269,SMS,,1
X000476,2026-07-02 03:33:03,2026-07-02,S014,9310731981,SMS,,1
X000477,2026-07-03 21:33:01,2026-07-03,S037,9215584877,DATA,,104
X000478,2026-07-03 03:10:59,2026-07-03,S017,9753967451,VOICE,,188
X000479,2026-07-02 18:15:16,2026-07-02,S021,9403618636,SMS,,1
X000480,2026-07-02 09:55:31,2026-07-02,S033,9776164882,VOICE,IC_P1,1342
X000481,2026-07-01 14:39:45,2026-07-01,S026,9704668192,VOICE,,1403
X000482,2026-07-03 13:16:57,2026-07-03,S039,9477467428,DATA,,170
X000483,2026-07-01 19:06:15,2026-07-01,S016,9833838394,SMS,,1
X000484,2026-07-02 02:02:44,2026-07-02,S022,9008632317,VOICE,,1131
X000485,2026-07-02 11:32:05,2026-07-02,S039,9267646729,VOICE,,57
X000486,2026-07-02 23:09:19,2026-07-02,S032,9470560158,VOICE,IC_P2,583
X000487,2026-07-02 00:06:07,2026-07-02,S004,9015462455,DATA,,201
X000488,2026-07-01 19:48:30,2026-07-01,S027,9864265790,SMS,,1
X000489,2026-07-03 12:23:45,2026-07-03,S002,9547004898,SMS,,1
X000490,2026-07-03 04:06:40,2026-07-03,S011,9086137185,SMS,,1
X000491,2026-07-03 22:58:46,2026-07-03,S039,9969337970,SMS,,1
X000492,2026-07-02 11:17:21,2026-07-02,S036,9271395338,VOICE,IC_P3,1682
X000493,2026-07-01 13:12:59,2026-07-01,S015,9937976638,VOICE,,1739
X000494,2026-07-03 03:39:46,2026-07-03,S031,9425290675,DATA,,352
X000495,2026-07-02 20:12:46,2026-07-02,S020,9604683728,DATA,,128
X000496,2026-07-03 14:37:51,2026-07-03,S007,9326362074,SMS,,1
X000497,2026-07-03 06:00:56,2026-07-03,S030,9903771312,VOICE,,76
X000498,2026-07-01 08:31:05,2026-07-01,S031,9174321614,VOICE,IC_P3,1271
X000499,2026-07-01 03:49:11,2026-07-01,S001,9705299776,VOICE,,652
X000500,2026-07-01 17:41:26,2026-07-01,S013,9988823850,DATA,,94
X000501,2026-07-01 20:55:28,2026-07-01,S032,9721706800,VOICE,,1171
X000502,2026-07-03 19:12:48,2026-07-03,S018,9358574954,VOICE,IC_P1,1313
X000503,2026-07-03 20:42:44,2026-07-03,S028,9397925077,VOICE,IC_P1,108
X000504,2026-07-03 04:15:52,2026-07-03,S017,9578425475,VOICE,IC_P1,209
X000505,2026-07-03 15:43:14,2026-07-03,S036,9479435260,VOICE,,453
X000506,2026-07-02 16:40:07,2026-07-02,S033,9991310509,VOICE,,1121
X000507,2026-07-03 16:32:58,2026-07-03,S007,9879251392,VOICE,,1527
X000508,2026-07-03 07:49:30,2026-07-03,S039,9748514479,VOICE,,1629
X000509,2026-07-02 05:14:56,2026-07-02,S032,9132193546,SMS,,1
X000510,2026-07-03 00:04:01,2026-07-03,S040,9415805825,VOICE,IC_P1,1683
X000511,2026-07-02 04:50:03,2026-07-02,S023,9122454221,VOICE,,1060
X000512,2026-07-02 11:49:26,2026-07-02,S027,9036801551,DATA,,376
X000513,2026-07-03 07:27:49,2026-07-03,S040,9118260910,VOICE,IC_P2,1215
X000514,2026-07-02 09:57:44,2026-07-02,S016,9318036287,VOICE,,817
X000515,2026-07-01 08:03:42,2026-07-01,S039,9797695559,VOICE,,555
X000516,2026-07-02 17:03:36,2026-07-02,S015,9679190480,SMS,,1
X000517,2026-07-01 11:44:05,2026-07-01,S015,9855778045,VOICE,IC_P2,830
X000518,2026-07-01 21:29:17,2026-07-01,S012,9056417446,DATA,,314
X000519,2026-07-01 00:21:19,2026-07-01,S003,9066284209,DATA,,238
X000520,2026-07-03 12:05:44,2026-07-03,S007,9771861247,VOICE,IC_P2,65
X000521,2026-07-02 20:07:12,2026-07-02,S019,9292714954,VOICE,,787
X000522,2026-07-03 11:49:13,2026-07-03,S030,9275895770,SMS,,1
X000523,2026-07-03 17:04:19,2026-07-03,S003,9631054526,SMS,,1
X000524,2026-07-03 11:56:02,2026-07-03,S035,9733557260,SMS,,1
X000525,2026-07-02 21:32:29,2026-07-02,S019,9173870150,VOICE,,844
X000526,2026-07-03 10:45:06,2026-07-03,S010,9045541249,DATA,,191
X000527,2026-07-02 07:53:01,2026-07-02,S003,9490227370,VOICE,IC_P2,1591
X000528,2026-07-02 12:48:26,2026-07-02,S012,9864479332,DATA,,233
X000529,2026-07-03 19:08:30,2026-07-03,S004,9771062518,SMS,,1
X000530,2026-07-01 00:05:02,2026-07-01,S016,9081426865,SMS,,1
X000531,2026-07-01 11:20:40,2026-07-01,S009,9407847146,VOICE,,20
X000532,2026-07-03 07:07:46,2026-07-03,S010,9528425867,VOICE,,827
X000533,2026-07-01 17:51:02,2026-07-01,S008,9591410293,VOICE,IC_P1,1094
X000534,2026-07-02 06:53:13,2026-07-02,S025,9694342901,VOICE,,1527
X000535,2026-07-03 23:39:55,2026-07-03,S017,9650298975,VOICE,IC_P3,681
X000536,2026-07-02 21:28:59,2026-07-02,S038,9442616273,SMS,,1
X000537,2026-07-01 04:07:11,2026-07-01,S027,9217450418,SMS,,1
X000538,2026-07-01 13:47:15,2026-07-01,S014,9847157809,VOICE,IC_P3,1283
X000539,2026-07-02 05:37:59,2026-07-02,S027,9443757121,SMS,,1
X000540,2026-07-02 20:13:32,2026-07-02,S022,9061593781,SMS,,1
X000541,2026-07-03 05:02:55,2026-07-03,S001,9190569913,SMS,,1
X000542,2026-07-01 14:18:02,2026-07-01,S031,9680239730,DATA,,326
X000543,2026-07-01 12:00:04,2026-07-01,S036,9587070157,VOICE,IC_P2,1695
X000544,2026-07-03 08:58:26,2026-07-03,S027,9431936501,DATA,,405
X000545,2026-07-02 20:59:01,2026-07-02,S025,9669676008,SMS,,1
X000546,2026-07-02 20:15:58,2026-07-02,S030,9102094080,VOICE,,1605
X000547,2026-07-01 01:05:42,2026-07-01,S012,9358963896,SMS,,1
X000548,2026-07-02 10:09:18,2026-07-02,S024,9872504783,SMS,,1
X000549,2026-07-03 02:50:12,2026-07-03,S001,9259443084,VOICE,,667
X000550,2026-07-03 19:27:53,2026-07-03,S010,9136892480,VOICE,IC_P2,1016
X000551,2026-07-03 23:25:30,2026-07-03,S007,9778422577,SMS,,1
X000552,2026-07-02 01:29:52,2026-07-02,S040,9786593824,VOICE,IC_P2,1273
X000553,2026-07-02 20:07:52,2026-07-02,S040,9366799326,VOICE,,627
X000554,2026-07-01 10:11:02,2026-07-01,S010,9759252090,VOICE,,913
X000555,2026-07-02 15:33:17,2026-07-02,S011,9221906350,VOICE,IC_P1,26
X000556,2026-07-01 06:16:31,2026-07-01,S007,9824706124,VOICE,,476
X000557,2026-07-02 11:11:12,2026-07-02,S013,9289920393,VOICE,IC_P1,1400
X000558,2026-07-01 07:53:38,2026-07-01,S015,9912631860,VOICE,IC_P1,531
X000559,2026-07-03 10:04:57,2026-07-03,S008,9600338269,VOICE,,1171
X000560,2026-07-03 13:15:32,2026-07-03,S013,9487755948,VOICE,,1348
X000561,2026-07-01 19:37:36,2026-07-01,S006,9072043412,VOICE,IC_P3,463
X000562,2026-07-03 17:00:56,2026-07-03,S024,9460973350,VOICE,,615
X000563,2026-07-03 01:41:18,2026-07-03,S010,9412906030,SMS,,1
X000564,2026-07-02 04:29:40,2026-07-02,S031,9148144933,DATA,,204
X000565,2026-07-03 08:59:32,2026-07-03,S034,9388457897,SMS,,1
X000566,2026-07-03 04:31:40,2026-07-03,S036,9808716738,DATA,,292
X000567,2026-07-03 10:42:58,2026-07-03,S008,9537781753,VOICE,,77
X000568,2026-07-01 09:09:06,2026-07-01,S038,9717909368,VOICE,IC_P3,1540
X000569,2026-07-03 13:50:26,2026-07-03,S003,9038841506,VOICE,IC_P1,718
X000570,2026-07-03 06:56:49,2026-07-03,S024,9094945387,VOICE,IC_P1,1133
X000571,2026-07-01 10:22:53,2026-07-01,S030,9628674302,DATA,,12
X000572,2026-07-02 20:15:03,2026-07-02,S011,9224451007,SMS,,1
X000573,2026-07-01 20:12:54,2026-07-01,S007,9031966348,VOICE,,480
X000574,2026-07-02 03:32:19,2026-07-02,S027,9267363295,VOICE,IC_P2,184
X000575,2026-07-01 08:46:24,2026-07-01,S017,9316419938,DATA,,257
X000576,2026-07-01 20:06:17,2026-07-01,S010,9494344319,SMS,,1
X000577,2026-07-03 15:52:43,2026-07-03,S004,9442459566,SMS,,1
X000578,2026-07-03 12:42:52,2026-07-03,S029,9432307621,SMS,,1
X000579,2026-07-03 09:34:00,2026-07-03,S038,9124068773,VOICE,,962
X000580,2026-07-03 00:52:56,2026-07-03,S027,9893241347,VOICE,,566
X000581,2026-07-02 23:02:18,2026-07-02,S005,9013662136,VOICE,,1611
X000582,2026-07-01 08:54:48,2026-07-01,S023,9025862161,SMS,,1
X000583,2026-07-02 04:22:07,2026-07-02,S030,9423986214,VOICE,,1385
X000584,2026-07-02 11:03:04,2026-07-02,S023,9496755690,VOICE,IC_P3,724
X000585,2026-07-03 23:43:10,2026-07-03,S019,9209299473,VOICE,,1244
X000586,2026-07-03 10:31:20,2026-07-03,S019,9280500602,VOICE,,370
X000587,2026-07-01 21:42:29,2026-07-01,S040,9109405943,DATA,,450
X000588,2026-07-01 02:56:52,2026-07-01,S024,9103034287,VOICE,,353
X000589,2026-07-03 19:27:59,2026-07-03,S029,9529251595,DATA,,20
X000590,2026-07-03 06:58:04,2026-07-03,S006,9572631810,VOICE,IC_P3,1749
X000591,2026-07-03 18:54:22,2026-07-03,S036,9218382348,VOICE,,961
X000592,2026-07-02 00:10:15,2026-07-02,S001,9043620857,VOICE,,111
X000593,2026-07-01 23:32:08,2026-07-01,S019,9449621263,VOICE,IC_P1,1516
X000594,2026-07-02 01:25:55,2026-07-02,S021,9138733051,SMS,,1
X000595,2026-07-02 16:49:55,2026-07-02,S013,9018022400,DATA,,59
X000596,2026-07-01 00:22:23,2026-07-01,S007,9498584803,VOICE,IC_P2,1311
X000597,2026-07-03 10:47:38,2026-07-03,S011,9224640668,SMS,,1
X000598,2026-07-03 04:59:37,2026-07-03,S016,9524310509,VOICE,,83
X000599,2026-07-01 03:06:52,2026-07-01,S028,9490772377,VOICE,,415
X000600,2026-07-03 00:23:49,2026-07-03,S020,9681794852,SMS,,1
