snapshot_date,msisdn,status
2026-07-01,99977000001,ACTIVE
2026-07-01,99977000002,ACTIVE
2026-07-01,99977000003,ACTIVE
2026-07-01,99977000004,ACTIVE
2026-07-01,99977000005,ACTIVE
2026-07-01,99977000006,ACTIVE
2026-07-01,99977000007,ACTIVE
2026-07-01,99977000008,ACTIVE
2026-07-01,99977000009,ACTIVE
2026-07-01,99977000010,ACTIVE
2026-07-01,99977000011,ACTIVE
2026-07-01,99977000012,ACTIVE
2026-07-01,99977000013,ACTIVE
2026-07-01,99977000014,ACTIVE
2026-07-01,99977000015,ACTIVE
2026-07-01,99977000016,ACTIVE
2026-07-01,99977000017,ACTIVE
2026-07-01,99977000018,ACTIVE
2026-07-01,99977000019,ACTIVE
2026-07-01,99977000020,ACTIVE
2026-07-01,99977000021,ACTIVE
2026-07-01,99977000022,ACTIVE
2026-07-01,99977000023,ACTIVE
2026-07-01,99977000024,ACTIVE
2026-07-01,99977000025,ACTIVE
2026-07-01,99977000026,ACTIVE
2026-07-01,99977000027,ACTIVE
2026-07-01,99977000028,ACTIVE
2026-07-01,99977000029,ACTIVE
2026-07-01,99977000030,ACTIVE
2026-07-01,99977000031,ACTIVE
2026-07-01,99977000032,ACTIVE
2026-07-01,99977000033,ACTIVE
2026-07-01,99977000034,ACTIVE
2026-07-01,99977000035,ACTIVE
2026-07-01,99977000036,ACTIVE
2026-07-01,99977000037,ACTIVE
2026-07-01,99977000038,ACTIVE
2026-07-01,99977000039,ACTIVE
2026-07-01,99977000040,ACTIVE
2026-07-01,99977000041,ACTIVE
2026-07-01,99977000042,ACTIVE
2026-07-01,99977000043,ACTIVE
2026-07-01,99977000044,ACTIVE
2026-07-01,99977000045,ACTIVE
2026-07-01,99977000046,ACTIVE
2026-07-01,99977000047,ACTIVE
2026-07-01,99977000048,ACTIVE
2026-07-01,99977000049,ACTIVE
2026-07-01,99977000050,ACTIVE
2026-07-01,99977000051,ACTIVE
2026-07-01,99977000052,ACTIVE
2026-07-01,99977000053,ACTIVE
2026-07-01,99977000054,ACTIVE
2026-07-01,99977000055,ACTIVE
2026-07-01,99977000056,ACTIVE
2026-07-01,99977000057,ACTIVE
2026-07-01,99977000058,ACTIVE
2026-07-01,99977000059,ACTIVE
2026-07-01,99977000060,ACTIVE
2026-07-01,99977000061,ACTIVE
2026-07-01,99977000062,ACTIVE
2026-07-01,99977000063,ACTIVE
2026-07-01,99977000064,ACTIVE
2026-07-01,99977000065,ACTIVE
2026-07-01,99977000066,ACTIVE
2026-07-01,99977000067,ACTIVE
2026-07-01,99977000068,ACTIVE
2026-07-01,99977000069,ACTIVE
2026-07-01,99977000070,ACTIVE
2026-07-01,99977000071,ACTIVE
2026-07-01,99977000072,ACTIVE
2026-07-01,99977000073,ACTIVE
2026-07-01,99977000074,ACTIVE
2026-07-01,99977000075,ACTIVE
2026-07-01,99977000076,ACTIVE
2026-07-01,99977000077,ACTIVE
2026-07-01,99977000078,ACTIVE
2026-07-01,99977000079,ACTIVE
2026-07-01,99977000080,ACTIVE
2026-07-01,99977000081,ACTIVE
2026-07-01,99977000082,ACTIVE
2026-07-01,99977000083,ACTIVE
2026-07-01,99977000084,ACTIVE
2026-07-01,99977000085,ACTIVE
2026-07-01,99977000086,ACTIVE
2026-07-01,99977000087,ACTIVE
2026-07-01,99977000088,ACTIVE
2026-07-01,99977000089,ACTIVE
2026-07-01,99977000090,ACTIVE
2026-07-01,99977000091,ACTIVE
2026-07-01,99977000092,ACTIVE
2026-07-01,99977000093,ACTIVE
2026-07-01,99977000094,ACTIVE
2026-07-01,99977000095,ACTIVE
2026-07-01,99977000096,ACTIVE
2026-07-01,99977000097,ACTIVE
2026-07-01,99977000098,ACTIVE
2026-07-01,99977000099,ACTIVE
2026-07-01,99977000100,ACTIVE
2026-07-01,99977000101,ACTIVE
2026-07-01,99977000102,ACTIVE
2026-07-01,99977000103,ACTIVE
2026-07-01,99977000104,ACTIVE
2026-07-01,99977000105,ACTIVE
2026-07-01,99977000106,ACTIVE
2026-07-01,99977000107,ACTIVE
2026-07-01,99977000108,ACTIVE
2026-07-01,99977000109,ACTIVE
2026-07-01,99977000110,ACTIVE
2026-07-01,99977000111,ACTIVE
2026-07-01,99977000112,ACTIVE
2026-07-01,99977000113,ACTIVE
2026-07-01,99977000114,ACTIVE
2026-07-01,99977000115,ACTIVE
2026-07-01,99977000116,ACTIVE
2026-07-01,99977000117,ACTIVE
2026-07-01,99977000118,ACTIVE
2026-07-01,99977000119,ACTIVE
2026-07-01,99977000120,ACTIVE
2026-07-01,99977000121,ACTIVE
2026-07-01,99977000122,ACTIVE
2026-07-01,99977000123,ACTIVE
2026-07-01,99977000124,ACTIVE
2026-07-01,99977000125,ACTIVE
2026-07-01,99977000126,ACTIVE
2026-07-01,99977000127,ACTIVE
2026-07-01,99977000128,ACTIVE
2026-07-01,99977000129,ACTIVE
2026-07-01,99977000130,ACTIVE
2026-07-01,99977000131,ACTIVE
2026-07-01,99977000132,ACTIVE
2026-07-01,99977000133,ACTIVE
2026-07-01,99977000134,ACTIVE
2026-07-01,99977000135,ACTIVE
2026-07-01,99977000136,ACTIVE
2026-07-01,99977000137,ACTIVE
2026-07-01,99977000138,ACTIVE
2026-07-01,99977000139,ACTIVE
2026-07-01,99977000140,ACTIVE
2026-07-01,99977000141,ACTIVE
2026-07-01,99977000142,ACTIVE
2026-07-01,99977000143,ACTIVE
2026-07-01,99977000144,ACTIVE
2026-07-01,99977000145,ACTIVE
2026-07-01,99977000146,ACTIVE
2026-07-01,99977000147,ACTIVE
2026-07-01,99977000148,ACTIVE
2026-07-01,99977000149,ACTIVE
2026-07-01,99977000150,ACTIVE
2026-07-01,99977009010,ACTIVE
2026-07-01,99977009011,ACTIVE
2026-07-01,99977009012,ACTIVE
2026-07-01,99977009013,ACTIVE
2026-07-01,99977009014,ACTIVE
2026-07-01,99977009015,ACTIVE
2026-07-01,99977009016,ACTIVE
2026-07-01,99977009017,ACTIVE
2026-07-01,99977009018,ACTIVE
2026-07-01,99977009019,ACTIVE
2026-07-01,99977009020,ACTIVE
2026-07-01,99977009021,ACTIVE
2026-07-01,99977009022,ACTIVE
2026-07-01,99977009023,ACTIVE
2026-07-01,99977009024,ACTIVE
2026-07-01,99977009025,ACTIVE
2026-07-01,99977009026,ACTIVE
2026-07-01,99977009027,ACTIVE
2026-07-01,99977009028,ACTIVE
2026-07-01,99977009029,ACTIVE
2026-07-01,99977009030,ACTIVE
2026-07-01,99977009031,ACTIVE
2026-07-01,99977009032,ACTIVE
2026-07-01,99977009033,ACTIVE
2026-07-01,99977009034,ACTIVE
2026-07-01,99977009035,ACTIVE
2026-07-01,99977009036,ACTIVE
2026-07-01,99977009037,ACTIVE
2026-07-01,99977009038,ACTIVE
2026-07-01,99977009039,ACTIVE
2026-07-01,99977009040,ACTIVE
2026-07-01,99977009041,ACTIVE
2026-07-01,99977009042,ACTIVE
2026-07-01,99977009043,ACTIVE
2026-07-01,99977009044,ACTIVE
2026-07-01,99977009045,ACTIVE
2026-07-01,99977009046,ACTIVE
2026-07-01,99977009047,ACTIVE
2026-07-01,99977009048,ACTIVE
2026-07-01,99977009049,ACTIVE
2026-07-01,99977009110,ACTIVE
2026-07-01,99977009111,ACTIVE
2026-07-01,99977009112,ACTIVE
2026-07-01,99977009113,ACTIVE
2026-07-01,99977009114,ACTIVE
2026-07-01,99977009115,ACTIVE
2026-07-01,99977009116,ACTIVE
2026-07-01,99977009117,ACTIVE
2026-07-01,99977009118,ACTIVE
2026-07-01,99977009119,ACTIVE
2026-07-01,99977009120,ACTIVE
2026-07-01,99977009121,ACTIVE
2026-07-01,99977009122,ACTIVE
2026-07-01,99977009123,ACTIVE
2026-07-01,99977009124,ACTIVE
2026-07-01,99977009125,ACTIVE
2026-07-01,99977009126,ACTIVE
2026-07-01,99977009127,ACTIVE
2026-07-01,99977009128,ACTIVE
2026-07-01,99977009129,ACTIVE
2026-07-01,99977009130,ACTIVE
2026-07-01,99977009131,ACTIVE
2026-07-01,99977009132,ACTIVE
2026-07-01,99977009133,ACTIVE
2026-07-01,99977009134,ACTIVE
2026-07-01,99977009135,ACTIVE
2026-07-01,99977009136,ACTIVE
2026-07-01,99977009137,ACTIVE
2026-07-01,99977009138,ACTIVE
2026-07-01,99977009139,ACTIVE
2026-07-01,99977009140,ACTIVE
2026-07-01,99977009141,ACTIVE
2026-07-01,99977009142,ACTIVE
2026-07-01,99977009143,ACTIVE
2026-07-01,99977009144,ACTIVE
2026-07-01,99977009145,ACTIVE
2026-07-01,99977009146,ACTIVE
2026-07-01,99977009147,ACTIVE
2026-07-01,99977009148,ACTIVE
2026-07-01,99977009149,ACTIVE
2026-07-01,99977009160,ACTIVE
2026-07-01,99977009161,ACTIVE
2026-07-01,99977009162,ACTIVE
2026-07-01,99977009163,ACTIVE
2026-07-01,99977009164,ACTIVE
2026-07-01,99977009165,ACTIVE
2026-07-01,99977009166,ACTIVE
2026-07-01,99977009167,ACTIVE
2026-07-01,99977009168,ACTIVE
2026-07-01,99977009169,ACTIVE
2026-07-01,99977009170,ACTIVE
2026-07-01,99977009171,ACTIVE
2026-07-01,99977009172,ACTIVE
2026-07-01,99977009173,ACTIVE
2026-07-01,99977009174,ACTIVE
2026-07-01,99977009175,ACTIVE
2026-07-01,99977009176,ACTIVE
2026-07-01,99977009177,ACTIVE
2026-07-01,99977009178,ACTIVE
2026-07-01,99977009179,ACTIVE
2026-07-01,99977009180,ACTIVE
2026-07-01,99977009181,ACTIVE
2026-07-01,99977009182,ACTIVE
2026-07-01,99977009183,ACTIVE
2026-07-01,99977009184,ACTIVE
2026-07-01,99977009185,ACTIVE
2026-07-01,99977009186,ACTIVE
2026-07-01,99977009187,ACTIVE
2026-07-01,99977009188,ACTIVE
2026-07-01,99977009189,ACTIVE
2026-07-01,99977009190,ACTIVE
2026-07-01,99977009191,ACTIVE
2026-07-01,99977009192,ACTIVE
2026-07-01,99977009193,ACTIVE
2026-07-01,99977009194,ACTIVE
2026-07-01,99977009195,ACTIVE
2026-07-01,99977009196,ACTIVE
2026-07-01,99977009197,ACTIVE
2026-07-01,99977009198,ACTIVE
2026-07-01,99977009199,ACTIVE
2026-07-01,99977009201,ACTIVE
2026-07-01,99977009202,ACTIVE
2026-07-01,99977009203,ACTIVE
2026-07-01,99977009204,ACTIVE
2026-07-01,99977009211,ACTIVE
2026-07-01,99977009212,ACTIVE
2026-07-01,99977009213,ACTIVE
2026-07-01,99977009214,ACTIVE
2026-07-01,99977009301,ACTIVE
2026-07-01,99977009302,ACTIVE
2026-07-01,99977009303,ACTIVE
2026-07-01,99977009304,ACTIVE
2026-07-01,99977009311,ACTIVE
2026-07-01,99977009320,ACTIVE
2026-07-01,99977009321,ACTIVE
2026-07-01,99977009322,ACTIVE
2026-07-01,99977009323,ACTIVE
2026-07-01,99977009324,ACTIVE
2026-07-01,99977009325,ACTIVE
2026-07-01,99977009326,ACTIVE
2026-07-01,99977009327,ACTIVE
2026-07-01,99977009313,ACTIVE
2026-07-01,99977009314,ACTIVE
2026-07-01,99977009315,ACTIVE
2026-07-01,99977009400,ACTIVE
2026-07-01,99977009401,ACTIVE
2026-07-01,99977009402,ACTIVE
2026-07-01,99977009403,ACTIVE
2026-07-01,99977009410,ACTIVE
2026-07-01,99977009411,ACTIVE
2026-07-01,99977009412,ACTIVE
2026-07-01,99977009413,ACTIVE
2026-07-01,99977009414,ACTIVE
2026-07-01,99977009420,ACTIVE
2026-07-01,99977009421,ACTIVE
2026-07-01,99977009422,ACTIVE
2026-07-01,99977009430,ACTIVE
2026-07-01,99977009431,ACTIVE
2026-07-01,99977009440,ACTIVE
2026-07-01,99977009441,ACTIVE
2026-07-01,99977009442,ACTIVE
2026-07-01,99977009443,ACTIVE
2026-07-01,99977009450,ACTIVE
2026-07-01,99977009451,ACTIVE
2026-07-01,99977009452,ACTIVE
2026-07-01,99977009453,ACTIVE
2026-07-01,99977009460,ACTIVE
2026-07-01,99977009461,ACTIVE
2026-07-01,99977009462,ACTIVE
2026-07-01,99977009463,ACTIVE
2026-07-01,99977009470,ACTIVE
2026-07-01,99977009471,ACTIVE
2026-07-01,99977009472,ACTIVE
2026-07-01,99977009475,ACTIVE
2026-07-01,99977009501,ACTIVE
2026-07-01,99977009502,ACTIVE
2026-07-01,99977009503,ACTIVE
2026-07-01,99977009511,ACTIVE
2026-07-01,99977009512,ACTIVE
2026-07-01,99977009513,ACTIVE
2026-07-01,99977009514,ACTIVE
2026-07-01,99977009515,ACTIVE
2026-07-01,99977009601,ACTIVE
2026-07-01,99977009602,ACTIVE
2026-07-01,99977009603,ACTIVE
2026-07-01,99977009611,ACTIVE
2026-07-01,99977009612,ACTIVE
2026-07-01,99977009613,ACTIVE
2026-07-01,99977009614,ACTIVE
2026-07-01,99977009702,TERMINATED
2026-07-01,99977009703,SUSPENDED
2026-07-01,99977009704,TERMINATED
2026-07-01,99977009711,TERMINATED
2026-07-01,99977009712,SUSPENDED
2026-07-01,99977009713,ACTIVE
2026-07-01,99977009714,ACTIVE
2026-07-01,99977009799,ACTIVE
2026-07-01,99977009801,ACTIVE
2026-07-01,99977009802,ACTIVE
2026-07-01,99977009803,ACTIVE
2026-07-01,99977009804,ACTIVE
2026-07-01,99977009811,ACTIVE
2026-07-01,99977009812,ACTIVE
2026-07-01,99977009901,ACTIVE
2026-07-01,99977009902,ACTIVE
2026-07-01,99977009903,ACTIVE
2026-07-01,99977009911,ACTIVE
2026-07-01,99977009912,ACTIVE
2026-07-01,99977009913,ACTIVE
