SUBSCRIBER_ID,BALANCE_DATE,OPENING,TOPUPS,ADJUSTMENTS,USAGE_DEBITS,CLOSING
S001,2026-07-01,41.31,0.00,0.00,0.13,41.18
S001,2026-07-02,41.18,0.00,0.00,1.55,39.63
S001,2026-07-03,39.63,0.00,0.00,2.45,37.18
S002,2026-07-01,20.95,0.00,0.00,0.74,20.21
S002,2026-07-02,20.21,10.00,0.00,2.32,27.89
S002,2026-07-03,27.89,0.00,0.00,3.04,24.85
S003,2026-07-01,34.67,0.00,0.00,1.88,32.79
S003,2026-07-02,32.79,10.00,0.00,2.36,40.43
S003,2026-07-03,40.43,0.00,0.00,1.41,39.02
S004,2026-07-01,11.03,10.00,0.00,3.19,17.84
S004,2026-07-02,24.84,0.00,0.00,3.09,21.75
S004,2026-07-03,21.75,20.00,0.00,3.02,33.73
S005,2026-07-01,26.51,0.00,0.00,1.98,24.53
S005,2026-07-02,24.53,0.00,0.00,2.63,21.90
S005,2026-07-03,21.90,0.00,0.00,2.36,19.54
S006,2026-07-01,43.17,0.00,0.00,1.05,42.12
S006,2026-07-02,42.12,0.00,0.00,0.22,41.90
S006,2026-07-03,41.90,0.00,0.00,3.00,38.90
S007,2026-07-01,21.71,10.00,0.00,0.81,30.90
S007,2026-07-02,30.90,10.00,0.00,0.22,40.68
S007,2026-07-03,40.68,0.00,0.00,2.20,38.48
S008,2026-07-01,48.78,0.00,0.00,2.77,46.01
S008,2026-07-02,46.01,0.00,0.00,0.81,45.20
S008,2026-07-03,45.20,0.00,3.00,3.03,45.17
S009,2026-07-01,27.81,0.00,0.00,1.24,26.57
S009,2026-07-02,26.57,0.00,0.00,3.22,23.35
S009,2026-07-03,23.35,10.00,0.00,1.71,31.64
S010,2026-07-01,32.88,0.00,0.00,3.31,29.57
S010,2026-07-02,29.57,0.00,0.00,0.24,29.33
S010,2026-07-03,29.33,0.00,0.00,1.16,28.17
S011,2026-07-01,16.45,10.00,0.00,0.73,25.72
S011,2026-07-02,25.72,0.00,0.00,2.79,22.93
S011,2026-07-03,22.93,20.00,0.00,0.49,42.44
S012,2026-07-01,40.88,10.00,0.00,1.48,49.40
S012,2026-07-02,56.40,0.00,0.00,0.42,55.98
S012,2026-07-03,55.98,10.00,3.00,1.96,67.02
S013,2026-07-01,10.45,10.00,0.00,1.26,19.19
S013,2026-07-02,19.19,0.00,0.00,2.71,16.48
S013,2026-07-03,16.48,0.00,0.00,3.25,13.23
S014,2026-07-01,36.64,0.00,0.00,1.13,35.51
S014,2026-07-02,35.51,0.00,0.00,0.63,34.88
S014,2026-07-03,34.88,0.00,0.00,3.72,31.16
S015,2026-07-01,10.13,20.00,0.00,2.14,27.99
S015,2026-07-02,27.99,20.00,0.00,2.14,45.85
S015,2026-07-03,45.85,20.00,0.00,2.06,63.79
S016,2026-07-01,20.72,0.00,0.00,0.34,20.38
S016,2026-07-02,20.38,20.00,0.00,2.39,37.99
S016,2026-07-03,37.99,0.00,0.00,3.55,34.44
S017,2026-07-01,32.96,0.00,0.00,2.88,30.08
S017,2026-07-02,30.08,0.00,0.00,2.39,27.69
S017,2026-07-03,27.69,20.00,0.00,1.37,46.32
S018,2026-07-01,25.28,0.00,0.00,0.16,25.12
S018,2026-07-02,25.12,0.00,0.00,2.34,22.78
S018,2026-07-03,22.78,10.00,0.00,0.91,31.87
S019,2026-07-01,44.95,10.00,0.00,2.30,52.65
S019,2026-07-02,52.65,20.00,0.00,0.98,71.67
S019,2026-07-03,71.67,0.00,0.00,2.12,69.55
S020,2026-07-01,25.90,0.00,0.00,1.14,24.76
S020,2026-07-02,24.76,0.00,0.00,0.78,23.98
S020,2026-07-03,,0.00,0.00,1.03,22.95
S021,2026-07-01,31.96,0.00,0.00,3.10,28.86
S021,2026-07-02,28.86,20.00,0.00,2.75,46.11
S021,2026-07-03,46.11,0.00,0.00,0.20,45.91
S022,2026-07-01,23.35,0.00,0.00,0.85,22.50
S022,2026-07-02,22.50,0.00,0.00,3.19,19.31
S022,2026-07-03,19.31,0.00,0.00,0.86,18.45
S023,2026-07-01,17.38,10.00,0.00,2.72,24.66
S023,2026-07-02,24.66,10.00,0.00,1.05,33.61
S023,2026-07-03,33.61,0.00,0.00,1.55,32.06
S024,2026-07-01,27.44,0.00,0.00,1.12,26.32
S024,2026-07-02,26.32,0.00,0.00,0.18,26.14
S024,2026-07-03,26.14,0.00,0.00,3.77,22.33
S025,2026-07-01,40.50,10.00,0.00,2.60,47.90
S025,2026-07-02,47.90,0.00,0.00,3.95,43.95
S025,2026-07-03,43.95,10.00,0.00,3.23,50.72
S026,2026-07-01,28.92,20.00,0.00,1.74,47.18
S026,2026-07-02,47.18,0.00,0.00,1.06,46.08
S026,2026-07-03,46.08,0.00,0.00,1.75,44.33
S027,2026-07-01,47.59,0.00,0.00,3.90,43.69
S027,2026-07-02,43.69,20.00,0.00,2.78,60.91
S027,2026-07-03,60.91,0.00,0.00,1.53,59.38
S028,2026-07-01,25.63,20.00,0.00,2.39,43.24
S028,2026-07-02,43.24,0.00,0.00,1.14,42.10
S028,2026-07-03,42.10,0.00,0.00,1.63,40.47
S029,2026-07-01,49.16,0.00,0.00,3.77,45.39
S029,2026-07-02,45.39,0.00,0.00,1.40,43.99
S029,2026-07-03,43.99,20.00,0.00,1.18,62.81
S030,2026-07-01,28.20,0.00,0.00,0.55,27.65
S030,2026-07-02,27.65,10.00,0.00,1.92,35.73
S030,2026-07-03,35.73,10.00,0.00,2.13,43.60
S031,2026-07-01,25.91,0.00,0.00,0.77,25.14
S031,2026-07-02,25.14,0.00,0.00,1.55,23.59
S031,2026-07-03,23.59,10.00,0.00,3.25,30.34
S032,2026-07-01,21.02,20.00,0.00,1.05,39.97
S032,2026-07-02,39.97,20.00,0.00,1.07,58.90
S032,2026-07-03,58.90,10.00,0.00,1.24,67.66
S033,2026-07-01,36.39,0.00,0.00,1.46,34.93
S033,2026-07-02,34.93,10.00,0.00,0.55,44.38
S033,2026-07-03,44.38,0.00,0.00,3.01,41.37
S034,2026-07-01,28.24,20.00,0.00,3.45,44.79
S034,2026-07-02,44.79,0.00,0.00,0.84,43.95
S034,2026-07-03,43.95,0.00,0.00,3.53,40.42
S035,2026-07-01,16.02,0.00,0.00,1.90,9.12
S035,2026-07-02,9.12,20.00,0.00,0.01,29.11
S035,2026-07-03,29.11,10.00,0.00,2.69,36.42
S036,2026-07-01,47.36,0.00,0.00,3.33,44.03
S036,2026-07-02,44.03,0.00,0.00,1.11,42.92
S036,2026-07-03,42.92,0.00,0.00,2.03,40.89
S037,2026-07-01,31.31,0.00,0.00,1.13,30.18
S037,2026-07-02,30.18,10.00,0.00,3.37,36.81
S037,2026-07-03,36.81,10.00,0.00,1.37,45.44
S038,2026-07-01,49.57,20.00,3.00,2.94,69.63
S038,2026-07-02,69.63,0.00,0.00,3.15,66.48
S038,2026-07-03,66.48,0.00,0.00,2.83,63.65
S039,2026-07-01,15.63,0.00,0.00,3.77,11.86
S039,2026-07-02,11.86,20.00,0.00,3.85,28.01
S039,2026-07-03,28.01,20.00,0.00,2.79,45.22
S040,2026-07-01,26.30,0.00,0.00,2.85,23.45
S040,2026-07-02,23.45,0.00,0.00,2.74,20.71
S040,2026-07-03,20.71,0.00,0.00,3.33,12.38
