snapshot_date,party_id,full_name,national_id,country
2026-07-07,P000001,Alder Ashby,NID-1000000,XD
2026-07-07,P000002,Bram Ashby,NID-1000007,XD
2026-07-07,P000003,Cora Ashby,NID-1000014,XD
2026-07-07,P000004,Dune Ashby,NID-1000021,XD
2026-07-07,P000005,Edda Ashby,NID-1000028,XD
2026-07-07,P000006,Fenn Ashby,NID-1000035,XD
2026-07-07,P000007,Garo Ashby,NID-1000042,XD
2026-07-07,P000008,Hale Ashby,NID-1000049,XD
2026-07-07,P000009,Iven Ashby,NID-1000056,XD
2026-07-07,P000010,Jora Ashby,NID-1000063,XD
2026-07-07,P000011,Kell Ashby,NID-1000070,XD
2026-07-07,P000012,Lund Ashby,NID-1000077,XD
2026-07-07,P000013,Alder Brook,NID-1000084,XD
2026-07-07,P000014,Bram Brook,NID-1000091,XD
2026-07-07,P000015,Cora Brook,NID-1000098,XD
2026-07-07,P000016,Dune Brook,NID-1000105,XD
2026-07-07,P000017,Edda Brook,NID-1000112,XD
2026-07-07,P000018,Fenn Brook,NID-1000119,XD
2026-07-07,P000019,Garo Brook,NID-1000126,XD
2026-07-07,P000020,Hale Brook,NID-1000133,XD
2026-07-07,P000021,Iven Brook,NID-1000140,XD
2026-07-07,P000022,Jora Brook,NID-1000147,XD
2026-07-07,P000023,Kell Brook,NID-1000154,XD
2026-07-07,P000024,Lund Brook,NID-1000161,XD
2026-07-07,P000025,Alder Calder,NID-1000168,XD
2026-07-07,P000026,Bram Calder,NID-1000175,XD
2026-07-07,P000027,Cora Calder,NID-1000182,XD
2026-07-07,P000028,Dune Calder,NID-1000189,XD
2026-07-07,P000029,Edda Calder,NID-1000196,XD
2026-07-07,P000030,Fenn Calder,NID-1000203,XD
2026-07-07,P000031,Garo Calder,NID-1000210,XD
2026-07-07,P000032,Hale Calder,NID-1000217,XD
2026-07-07,P000033,Iven Calder,NID-1000224,XD
2026-07-07,P000034,Jora Calder,NID-1000231,XD
2026-07-07,P000035,Kell Calder,NID-1000238,XD
2026-07-07,P000036,Lund Calder,NID-1000245,XD
2026-07-07,P000037,Alder Dunmore,NID-1000252,XD
2026-07-07,P000038,Bram Dunmore,NID-1000259,XD
2026-07-07,P000039,Cora Dunmore,NID-1000266,XD
2026-07-07,P000040,Dune Dunmore,NID-1000273,XD
2026-07-07,P000041,Edda Dunmore,NID-1000280,XD
2026-07-07,P000042,Fenn Dunmore,NID-1000287,XD
2026-07-07,P000043,Garo Dunmore,NID-1000294,XD
2026-07-07,P000044,Hale Dunmore,NID-1000301,XD
2026-07-07,P000045,Iven Dunmore,NID-1000308,XD
2026-07-07,P000046,Jora Dunmore,NID-1000315,XD
2026-07-07,P000047,Kell Dunmore,NID-1000322,XD
2026-07-07,P000048,Lund Dunmore,NID-1000329,XD
2026-07-07,P000049,Alder Ellery,NID-1000336,XD
2026-07-07,P000050,Bram Ellery,NID-1000343,XD
2026-07-07,P000051,Cora Ellery,NID-1000350,XD
2026-07-07,P000052,Dune Ellery,NID-1000357,XD
2026-07-07,P000053,Edda Ellery,NID-1000364,XD
2026-07-07,P000054,Fenn Ellery,NID-1000371,XD
2026-07-07,P000055,Garo Ellery,NID-1000378,XD
2026-07-07,P000056,Hale Ellery,NID-1000385,XD
2026-07-07,P000057,Iven Ellery,NID-1000392,XD
2026-07-07,P000058,Jora Ellery,NID-1000399,XD
2026-07-07,P000059,Kell Ellery,NID-1000406,XD
2026-07-07,P000060,Lund Ellery,NID-1000413,XD
2026-07-07,P000061,Alder Fairley,NID-1000420,XD
2026-07-07,P000062,Bram Fairley,NID-1000427,XD
2026-07-07,P000063,Cora Fairley,NID-1000434,XD
2026-07-07,P000064,Dune Fairley,NID-1000441,XD
2026-07-07,P000065,Edda Fairley,NID-1000448,XD
2026-07-07,P000066,Fenn Fairley,NID-1000455,XD
2026-07-07,P000067,Garo Fairley,NID-1000462,XD
2026-07-07,P000068,Hale Fairley,NID-1000469,XD
2026-07-07,P000069,Iven Fairley,NID-1000476,XD
2026-07-07,P000070,Jora Fairley,NID-1000483,XD
2026-07-07,P000071,Kell Fairley,NID-1000490,XD
2026-07-07,P000072,Lund Fairley,NID-1000497,XD
2026-07-07,P000073,Alder Gresham,NID-1000504,XD
2026-07-07,P000074,Bram Gresham,NID-1000511,XD
2026-07-07,P000075,Cora Gresham,NID-1000518,XD
2026-07-07,P000076,Dune Gresham,NID-1000525,XD
2026-07-07,P000077,Edda Gresham,NID-1000532,XD
2026-07-07,P000078,Fenn Gresham,NID-1000539,XD
2026-07-07,P000079,Garo Gresham,NID-1000546,XD
2026-07-07,P000080,Hale Gresham,NID-1000553,XD
2026-07-07,P000081,Iven Gresham,NID-1000560,XD
2026-07-07,P000082,Jora Gresham,NID-1000567,XD
2026-07-07,P000083,Kell Gresham,NID-1000574,XD
2026-07-07,P000084,Lund Gresham,NID-1000581,XD
2026-07-07,P000085,Alder Hollis,NID-1000588,XD
2026-07-07,P000086,Bram Hollis,NID-1000595,XD
2026-07-07,P000087,Cora Hollis,NID-1000602,XD
2026-07-07,P000088,Dune Hollis,NID-1000609,XD
2026-07-07,P000089,Edda Hollis,NID-1000616,XD
2026-07-07,P000090,Fenn Hollis,NID-1000623,XD
2026-07-07,P000091,Garo Hollis,NID-1000630,XD
2026-07-07,P000092,Hale Hollis,NID-1000637,XD
2026-07-07,P000093,Iven Hollis,NID-1000644,XD
2026-07-07,P000094,Jora Hollis,NID-1000651,XD
2026-07-07,P000095,Kell Hollis,NID-1000658,XD
2026-07-07,P000096,Lund Hollis,NID-1000665,XD
2026-07-07,P000097,Alder Ingram,NID-1000672,XD
2026-07-07,P000098,Bram Ingram,NID-1000679,XD
2026-07-07,P000099,Cora Ingram,NID-1000686,XD
2026-07-07,P000100,Dune Ingram,NID-1000693,XD
2026-07-07,P000101,Edda Ingram,NID-1000700,XD
2026-07-07,P000102,Fenn Ingram,NID-1000707,XD
2026-07-07,P000103,Garo Ingram,NID-1000714,XD
2026-07-07,P000104,Hale Ingram,NID-1000721,XD
2026-07-07,P000105,Iven Ingram,NID-1000728,XD
2026-07-07,P000106,Jora Ingram,NID-1000735,XD
2026-07-07,P000107,Kell Ingram,NID-1000742,XD
2026-07-07,P000108,Lund Ingram,NID-1000749,XD
2026-07-07,P000109,Alder Jessup,NID-1000756,XD
2026-07-07,P000110,Bram Jessup,NID-1000763,XD
2026-07-07,P000111,Cora Jessup,NID-1000770,XD
2026-07-07,P000112,Dune Jessup,NID-1000777,XD
2026-07-07,P000113,Edda Jessup,NID-1000784,XD
2026-07-07,P000114,Fenn Jessup,NID-1000791,XD
2026-07-07,P000115,Garo Jessup,NID-1000798,XD
2026-07-07,P000116,Hale Jessup,NID-1000805,XD
2026-07-07,P000117,Iven Jessup,NID-1000812,XD
2026-07-07,P000118,Jora Jessup,NID-1000819,XD
2026-07-07,P000119,Kell Jessup,NID-1000826,XD
2026-07-07,P000120,Lund Jessup,NID-1000833,XD
2026-07-07,P900001,"Kellander, Zorvath",NID-5550001,XE
2026-07-07,P900002,"Zorvath Kellander",NID-5550002,XE
2026-07-07,P900003,"Tamsin Orrel",NID-7700123,XE
2026-07-07,P900004,"Mirela Tarkan",NID-5550004,XE
2026-07-07,P900005,"Zorana Kellogg",NID-5550005,XE
2026-07-07,P900006,"Miles Tarrant",NID-5550006,XE
