stmt_line_id,value_ts,bank_ref,direction,amount
S0000001,2026-07-01 16:22:00,T0000010,DR,10.00
S0000002,2026-07-01 16:46:00,T0000029,DR,50.00
S0000003,2026-07-01 16:43:00,T0000037,DR,40.00
S0000004,2026-07-01 09:31:00,T0000052,CR,110.00
S0000005,2026-07-01 16:30:00,T0000070,DR,30.00
S0000006,2026-07-01 09:52:00,T0000073,CR,190.00
S0000007,2026-07-01 08:38:00,T0000085,CR,240.00
S0000008,2026-07-01 09:27:00,T0000108,CR,300.00
S0000009,2026-07-01 17:22:00,T0000129,DR,50.00
S0000010,2026-07-01 15:51:00,T0000140,DR,30.00
S0000011,2026-07-01 08:15:00,T0000158,CR,210.00
S0000012,2026-07-01 08:42:00,T0000173,CR,300.00
S0000013,2026-07-01 16:01:00,T0000198,DR,10.00
S0000014,2026-07-01 09:52:00,T0000203,CR,180.00
S0000015,2026-07-01 16:18:00,T0000209,DR,20.00
S0000016,2026-07-01 14:56:00,T0000212,DR,40.00
S0000017,2026-07-01 19:04:00,T0000217,DR,10.00
S0000018,2026-07-01 16:55:00,T0000221,DR,40.00
S0000019,2026-07-01 08:33:00,T0000229,CR,180.00
S0000020,2026-07-01 08:25:00,T0000259,CR,250.00
S0000021,2026-07-01 17:31:00,T0000273,DR,10.00
S0000022,2026-07-01 10:30:00,T0000342,CR,160.00
S0000023,2026-07-01 09:48:00,T0000356,CR,180.00
S0000024,2026-07-01 08:55:00,T0000370,CR,110.00
S0000025,2026-07-01 09:50:00,T0000387,CR,200.00
S0000026,2026-07-01 08:31:00,T0000399,CR,170.00
S0000027,2026-07-01 18:15:00,T0000408,DR,20.00
S0000028,2026-07-01 16:42:00,T0000411,DR,10.00
S0000029,2026-07-01 09:49:00,T0000420,CR,100.00
S0000030,2026-07-01 10:49:00,T0000427,CR,280.00
S0000031,2026-07-01 10:36:00,T0000433,CR,150.00
S0000032,2026-07-01 09:22:00,T0000437,CR,150.00
S0000033,2026-07-01 16:05:00,TX-UNKNOWN-1,CR,1000.00
S0000034,2026-07-01 16:07:00,T0000715,CR,200.00
S0000035,2026-07-01 16:08:00,T0000716,DR,100.02
S0000036,2026-07-01 16:09:00,T0000717,DR,100.01
S0000037,2026-07-01 16:10:00,T0000718,DR,150.00
S0000038,2026-07-01 16:11:00,T0000718,DR,250.00
