XDR_ID,EVENT_DATE,SUBSCRIBER_ID,PLAN,SERVICE,USAGE_UNITS,CHARGE
X000001,2026-07-01,S027,PROMO,VOICE,337,0.67
X000002,2026-07-02,S039,PROMO,DATA,116,0.00
X000003,2026-07-01,S016,PLAN_B,VOICE,1502,2.25
X000005,2026-07-01,S025,PLAN_A,VOICE,827,1.65
X000006,2026-07-03,S040,PLAN_B,DATA,3,0.02
X000007,2026-07-01,S015,PLAN_A,SMS,1,0.05
X000008,2026-07-01,S024,PROMO,VOICE,362,0.72
X000009,2026-07-01,S023,PLAN_A,VOICE,1116,2.23
X000010,2026-07-02,S021,PROMO,VOICE,237,0.47
X000011,2026-07-03,S040,PLAN_B,VOICE,38,0.06
X000012,2026-07-02,S020,PLAN_B,SMS,1,0.04
X000013,2026-07-01,S033,PLAN_B,VOICE,1684,2.53
X000014,2026-07-01,S014,PROMO,VOICE,783,1.57
X000015,2026-07-01,S011,PLAN_A,VOICE,1334,2.67
X000016,2026-07-01,S013,PLAN_B,VOICE,812,1.22
X000017,2026-07-02,S037,PLAN_A,DATA,463,4.63
X000018,2026-07-03,S010,PLAN_A,VOICE,132,0.26
X000019,2026-07-03,S015,PLAN_A,SMS,1,0.05
X000020,2026-07-03,S019,PLAN_B,SMS,1,0.04
X000021,2026-07-02,S040,PLAN_B,VOICE,47,0.07
X000022,2026-07-01,S031,PLAN_A,VOICE,547,1.09
X000023,2026-07-01,S034,PLAN_B,SMS,1,0.04
X000024,2026-07-03,S033,PLAN_B,VOICE,1442,2.16
X000025,2026-07-02,S035,PLAN_B,SMS,1,0.04
X000026,2026-07-03,S022,PLAN_B,VOICE,1333,2.00
X000027,2026-07-02,S037,PLAN_A,SMS,1,0.05
X000028,2026-07-02,S013,PLAN_B,VOICE,1794,2.69
X000029,2026-07-02,S039,PROMO,SMS,1,0.05
X000030,2026-07-01,S039,PROMO,DATA,90,0.00
X000031,2026-07-03,S028,PLAN_A,DATA,275,2.75
X000032,2026-07-01,S027,PROMO,VOICE,87,0.17
X000033,2026-07-01,S014,PROMO,SMS,1,0.05
X000034,2026-07-01,S032,PLAN_A,SMS,1,0.05
X000035,2026-07-03,S026,PLAN_B,SMS,1,0.04
X000036,2026-07-03,S001,PROMO,DATA,267,0.00
X000037,2026-07-02,S031,PLAN_A,SMS,1,0.05
X000038,2026-07-02,S006,PROMO,SMS,1,0.05
X000039,2026-07-03,S011,PLAN_A,VOICE,1769,3.54
X000040,2026-07-01,S020,PLAN_B,DATA,358,2.86
X000041,2026-07-03,S011,PLAN_A,VOICE,658,1.32
X000042,2026-07-02,S035,PLAN_B,DATA,266,2.13
X000043,2026-07-02,S035,PLAN_B,VOICE,613,0.92
X000044,2026-07-02,S036,PROMO,VOICE,331,0.66
X000045,2026-07-01,S006,PROMO,DATA,20,0.00
X000046,2026-07-03,S021,PROMO,VOICE,1033,2.07
X000047,2026-07-01,S001,PROMO,DATA,142,0.00
X000048,2026-07-03,S003,PROMO,SMS,1,0.05
X000049,2026-07-02,S027,PROMO,SMS,1,0.05
X000050,2026-07-01,S032,PLAN_A,VOICE,772,1.54
X000051,2026-07-03,S035,PLAN_B,SMS,1,0.04
X000052,2026-07-01,S035,PLAN_B,VOICE,309,0.46
X000053,2026-07-01,S032,PLAN_A,SMS,1,0.05
X000054,2026-07-03,S027,PROMO,VOICE,425,0.85
X000055,2026-07-03,S037,PLAN_A,VOICE,560,1.12
X000056,2026-07-02,S010,PLAN_A,VOICE,397,0.79
X000057,2026-07-03,S013,PLAN_B,VOICE,851,1.28
X000058,2026-07-03,S016,PLAN_B,SMS,1,0.04
X000059,2026-07-03,S001,PROMO,VOICE,1433,2.87
X000060,2026-07-02,S003,PROMO,SMS,1,0.05
X000061,2026-07-03,S033,PLAN_B,SMS,1,0.04
X000062,2026-07-02,S026,PLAN_B,VOICE,1064,1.60
X000063,2026-07-03,S027,PROMO,DATA,241,0.00
X000064,2026-07-01,S032,PLAN_A,SMS,1,0.05
X000065,2026-07-01,S032,PLAN_A,VOICE,724,1.45
X000066,2026-07-02,S004,PLAN_A,SMS,1,0.05
X000067,2026-07-01,S039,PROMO,VOICE,1472,2.94
X000069,2026-07-01,S035,PLAN_B,SMS,1,0.04
X000070,2026-07-01,S031,PLAN_A,VOICE,440,0.88
X000071,2026-07-03,S029,PLAN_A,SMS,1,0.05
X000072,2026-07-03,S004,PLAN_A,VOICE,1653,3.31
X000073,2026-07-02,S040,PLAN_B,SMS,1,0.04
X000074,2026-07-02,S018,PLAN_B,SMS,1,0.04
X000075,2026-07-01,S012,PROMO,VOICE,984,1.97
X000076,2026-07-02,S032,PLAN_A,VOICE,631,1.26
X000077,2026-07-03,S013,PLAN_B,VOICE,1525,2.29
X000078,2026-07-01,S035,PLAN_B,VOICE,1349,2.02
X000079,2026-07-03,S005,PLAN_A,VOICE,459,0.92
X000080,2026-07-02,S015,PLAN_A,SMS,1,0.05
X000081,2026-07-01,S014,PROMO,SMS,1,0.05
X000082,2026-07-02,S008,PROMO,VOICE,83,0.17
X000083,2026-07-01,S033,PLAN_B,SMS,1,0.04
X000084,2026-07-01,S017,PROMO,VOICE,1200,2.40
X000085,2026-07-03,S029,PLAN_A,VOICE,1640,3.28
X000086,2026-07-01,S018,PLAN_B,VOICE,852,1.28
X000087,2026-07-02,S002,PLAN_B,DATA,99,0.79
X000088,2026-07-01,S030,PLAN_A,VOICE,472,0.94
X000089,2026-07-02,S037,PLAN_A,DATA,387,3.87
X000090,2026-07-02,S027,PROMO,VOICE,1076,2.15
X000091,2026-07-02,S040,PLAN_B,DATA,62,0.50
X000092,2026-07-01,S010,PLAN_A,DATA,253,2.53
X000093,2026-07-02,S011,PLAN_A,SMS,1,0.05
X000094,2026-07-02,S004,PLAN_A,VOICE,285,0.57
X000095,2026-07-01,S008,PROMO,VOICE,922,1.84
X000096,2026-07-01,S009,PLAN_B,SMS,1,0.04
X000097,2026-07-03,S040,PLAN_B,VOICE,1314,1.97
X000098,2026-07-02,S018,PLAN_B,SMS,1,0.04
X000099,2026-07-02,S006,PROMO,VOICE,1429,2.86
X000100,2026-07-03,S039,PROMO,VOICE,468,0.94
X000101,2026-07-01,S029,PLAN_A,SMS,1,0.05
X000102,2026-07-02,S025,PLAN_A,VOICE,113,0.23
X000103,2026-07-03,S010,PLAN_A,VOICE,1645,3.29
X000104,2026-07-03,S030,PLAN_A,VOICE,1594,3.19
X000105,2026-07-02,S034,PLAN_B,DATA,83,0.66
X000106,2026-07-02,S004,PLAN_A,SMS,1,0.05
X000107,2026-07-03,S018,PLAN_B,VOICE,736,1.10
X000108,2026-07-02,S030,PLAN_A,DATA,41,0.41
X000109,2026-07-02,S008,PROMO,VOICE,1189,2.38
X000110,2026-07-02,S024,PROMO,SMS,1,0.05
X000111,2026-07-03,S022,PLAN_B,VOICE,37,0.06
X000112,2026-07-03,S039,PROMO,SMS,1,0.05
X000113,2026-07-03,S029,PLAN_A,VOICE,1253,2.51
X000114,2026-07-02,S040,PLAN_B,VOICE,330,0.50
X000115,2026-07-03,S028,PLAN_A,VOICE,227,0.45
X000116,2026-07-02,S028,PLAN_A,DATA,153,1.53
X000117,2026-07-03,S038,PLAN_A,VOICE,438,0.88
X000118,2026-07-03,S029,PLAN_A,VOICE,1574,3.15
X000119,2026-07-03,S039,PROMO,SMS,1,0.05
X000120,2026-07-01,S002,PLAN_B,VOICE,1115,1.67
X000121,2026-07-02,S022,PLAN_B,SMS,1,0.04
X000122,2026-07-03,S034,PLAN_B,SMS,1,0.04
X000123,2026-07-02,S012,PROMO,VOICE,1536,3.07
X000124,2026-07-03,S011,PLAN_A,VOICE,7,0.01
X000125,2026-07-01,S012,PROMO,SMS,1,0.05
X000126,2026-07-01,S032,PLAN_A,VOICE,147,0.29
X000127,2026-07-03,S014,PROMO,VOICE,1474,2.95
X000128,2026-07-03,S003,PROMO,VOICE,868,1.74
X000129,2026-07-02,S011,PLAN_A,SMS,1,0.05
X000130,2026-07-03,S019,PLAN_B,VOICE,587,0.88
X000131,2026-07-03,S008,PROMO,VOICE,505,1.01
X000132,2026-07-03,S018,PLAN_B,VOICE,50,0.08
X000133,2026-07-02,S027,PROMO,DATA,422,0.00
X000134,2026-07-03,S013,PLAN_B,SMS,1,0.04
X000135,2026-07-03,S022,PLAN_B,SMS,1,0.04
X000136,2026-07-01,S008,PROMO,VOICE,184,0.37
X000137,2026-07-03,S008,PROMO,DATA,134,0.00
X000138,2026-07-03,S009,PLAN_B,VOICE,529,0.79
X000139,2026-07-03,S033,PLAN_B,SMS,1,0.04
X000140,2026-07-01,S018,PLAN_B,VOICE,390,0.59
X000141,2026-07-03,S005,PLAN_A,SMS,1,0.05
X000142,2026-07-02,S032,PLAN_A,VOICE,10,0.02
X000143,2026-07-03,S012,PROMO,SMS,1,0.04
X000144,2026-07-03,S002,PLAN_B,SMS,1,0.04
X000145,2026-07-01,S002,PLAN_B,VOICE,981,1.47
X000146,2026-07-01,S017,PROMO,SMS,1,0.05
X000147,2026-07-01,S027,PROMO,SMS,1,0.05
X000148,2026-07-02,S040,PLAN_B,VOICE,913,1.37
X000149,2026-07-03,S037,PLAN_A,SMS,1,0.05
X000150,2026-07-02,S040,PLAN_B,DATA,352,2.82
X000151,2026-07-03,S021,PROMO,SMS,1,0.05
X000152,2026-07-01,S015,PLAN_A,VOICE,1202,2.40
X000153,2026-07-03,S013,PLAN_B,VOICE,926,1.39
X000154,2026-07-03,S034,PLAN_B,VOICE,61,0.09
X000155,2026-07-03,S033,PLAN_B,VOICE,96,0.14
X000156,2026-07-03,S032,PLAN_A,DATA,108,1.08
X000157,2026-07-03,S037,PLAN_A,SMS,1,0.05
X000158,2026-07-02,S012,PROMO,VOICE,98,0.20
X000159,2026-07-02,S025,PLAN_A,VOICE,914,1.83
X000160,2026-07-02,S040,PLAN_B,DATA,367,2.94
X000161,2026-07-01,S039,PROMO,SMS,1,0.05
X000162,2026-07-02,S002,PLAN_B,DATA,133,1.06
X000163,2026-07-03,S033,PLAN_B,VOICE,1002,1.50
X000164,2026-07-02,S030,PLAN_A,DATA,1,0.01
X000165,2026-07-03,S001,PROMO,VOICE,1748,3.50
X000166,2026-07-03,S008,PROMO,DATA,366,0.00
X000167,2026-07-02,S031,PLAN_A,VOICE,1232,2.46
X000168,2026-07-03,S023,PLAN_A,VOICE,821,1.64
X000169,2026-07-03,S009,PLAN_B,VOICE,513,0.77
X000170,2026-07-02,S021,PROMO,VOICE,1185,2.37
X000171,2026-07-02,S021,PROMO,DATA,236,0.00
X000172,2026-07-01,S027,PROMO,DATA,367,0.00
X000173,2026-07-03,S038,PLAN_A,VOICE,234,0.47
X000174,2026-07-01,S032,PLAN_A,VOICE,1612,3.22
X000175,2026-07-03,S028,PLAN_A,SMS,1,0.05
X000176,2026-07-02,S013,PLAN_B,SMS,1,0.04
X000177,2026-07-03,S015,PLAN_A,SMS,1,0.05
X000178,2026-07-02,S008,PROMO,SMS,1,0.05
X000179,2026-07-01,S039,PROMO,DATA,165,0.00
X000180,2026-07-03,S002,PLAN_B,VOICE,1108,1.66
X000181,2026-07-02,S017,PROMO,VOICE,1539,3.08
X000183,2026-07-01,S020,PLAN_B,VOICE,1014,1.52
X000184,2026-07-01,S039,PROMO,SMS,1,0.05
X000185,2026-07-03,S033,PLAN_B,VOICE,1499,2.25
X000186,2026-07-03,S019,PLAN_B,VOICE,783,1.17
X000187,2026-07-03,S020,PLAN_B,DATA,52,0.42
X000188,2026-07-03,S027,PROMO,VOICE,1025,2.05
X000189,2026-07-02,S017,PROMO,VOICE,399,0.80
X000190,2026-07-01,S023,PLAN_A,SMS,1,0.05
X000191,2026-07-01,S002,PLAN_B,VOICE,271,0.41
X000192,2026-07-03,S031,PLAN_A,DATA,401,4.01
X000193,2026-07-02,S011,PLAN_A,VOICE,456,0.91
X000194,2026-07-02,S002,PLAN_B,VOICE,397,0.60
X000195,2026-07-01,S024,PROMO,VOICE,1588,3.18
X000196,2026-07-01,S004,PLAN_A,DATA,454,4.54
X000197,2026-07-01,S020,PLAN_B,SMS,1,0.04
X000198,2026-07-02,S030,PLAN_A,VOICE,919,1.84
X000199,2026-07-02,S009,PLAN_B,DATA,429,3.43
X000200,2026-07-02,S036,PROMO,SMS,1,0.05
X000201,2026-07-03,S032,PLAN_A,DATA,414,4.14
X000202,2026-07-02,S038,PLAN_A,VOICE,781,1.56
X000203,2026-07-01,S023,PLAN_A,VOICE,523,1.05
X000204,2026-07-03,S010,PLAN_A,DATA,364,3.64
X000205,2026-07-01,S031,PLAN_A,VOICE,1437,2.87
X000206,2026-07-01,S026,PLAN_B,VOICE,453,0.68
X000207,2026-07-02,S007,PROMO,VOICE,174,0.35
X000208,2026-07-03,S019,PLAN_B,VOICE,627,0.94
X000209,2026-07-02,S018,PLAN_B,VOICE,349,0.52
X000210,2026-07-02,S020,PLAN_B,VOICE,1179,1.77
X000211,2026-07-01,S023,PLAN_A,SMS,1,0.05
X000212,2026-07-03,S020,PLAN_B,VOICE,1641,2.46
X000213,2026-07-01,S013,PLAN_B,DATA,150,1.20
X000214,2026-07-02,S027,PROMO,SMS,1,0.05
X000215,2026-07-01,S023,PLAN_A,SMS,1,0.05
X000216,2026-07-01,S025,PLAN_A,VOICE,1066,1.06
X000218,2026-07-02,S026,PLAN_B,VOICE,1538,2.31
X000219,2026-07-03,S006,PROMO,SMS,1,0.05
X000220,2026-07-02,S005,PLAN_A,SMS,1,0.05
X000221,2026-07-02,S018,PLAN_B,VOICE,208,0.31
X000222,2026-07-02,S028,PLAN_A,DATA,18,0.18
X000223,2026-07-03,S033,PLAN_B,DATA,375,3.00
X000224,2026-07-03,S037,PLAN_A,SMS,1,0.05
X000225,2026-07-02,S020,PLAN_B,VOICE,317,0.48
X000226,2026-07-03,S008,PROMO,VOICE,17,0.03
X000227,2026-07-02,S027,PROMO,VOICE,827,1.65
X000228,2026-07-03,S029,PLAN_A,DATA,263,2.63
X000229,2026-07-03,S006,PROMO,VOICE,1546,3.09
X000230,2026-07-01,S024,PROMO,DATA,346,0.00
X000231,2026-07-01,S011,PLAN_A,VOICE,922,1.84
X000232,2026-07-03,S038,PLAN_A,VOICE,1624,3.25
X000233,2026-07-03,S003,PROMO,SMS,1,0.05
X000234,2026-07-03,S001,PROMO,VOICE,400,0.80
X000235,2026-07-01,S018,PLAN_B,DATA,66,0.53
X000236,2026-07-02,S004,PLAN_A,VOICE,472,0.94
X000237,2026-07-01,S031,PLAN_A,VOICE,484,0.97
X000238,2026-07-03,S020,PLAN_B,SMS,1,0.04
X000239,2026-07-01,S008,PROMO,VOICE,1180,2.36
X000240,2026-07-02,S024,PROMO,VOICE,1418,2.84
X000241,2026-07-01,S039,PROMO,SMS,1,0.05
X000242,2026-07-03,S026,PLAN_B,DATA,329,2.63
X000243,2026-07-03,S026,PLAN_B,VOICE,1055,1.58
X000244,2026-07-03,S015,PLAN_A,DATA,85,0.85
X000245,2026-07-01,S021,PROMO,SMS,1,0.05
X000246,2026-07-03,S029,PLAN_A,DATA,325,3.25
X000247,2026-07-03,S011,PLAN_A,SMS,1,0.05
X000248,2026-07-01,S022,PLAN_B,SMS,1,0.04
X000249,2026-07-02,S038,PLAN_A,VOICE,1487,2.97
X000250,2026-07-01,S016,PLAN_B,DATA,354,2.83
X000251,2026-07-03,S038,PLAN_A,SMS,1,0.05
X000252,2026-07-01,S024,PROMO,SMS,1,0.05
X000253,2026-07-02,S017,PROMO,VOICE,1562,3.12
X000254,2026-07-03,S001,PROMO,VOICE,1537,3.07
X000255,2026-07-02,S003,PROMO,SMS,1,0.05
X000256,2026-07-02,S031,PLAN_A,VOICE,1409,2.82
X000257,2026-07-01,S005,PLAN_A,DATA,269,2.69
X000258,2026-07-02,S009,PLAN_B,VOICE,1175,1.76
X000259,2026-07-01,S023,PLAN_A,VOICE,724,1.45
X000260,2026-07-03,S029,PLAN_A,DATA,12,0.12
X000261,2026-07-03,S001,PROMO,VOICE,714,1.43
X000262,2026-07-01,S025,PLAN_A,SMS,1,0.05
X000263,2026-07-01,S035,PLAN_B,VOICE,1717,2.58
X000264,2026-07-02,S010,PLAN_A,VOICE,804,1.61
X000265,2026-07-03,S028,PLAN_A,VOICE,523,1.05
X000266,2026-07-02,S012,PROMO,SMS,1,0.05
X000267,2026-07-03,S023,PLAN_A,VOICE,738,1.48
X000268,2026-07-02,S004,PLAN_A,VOICE,817,1.63
X000269,2026-07-01,S034,PLAN_B,SMS,1,0.04
X000270,2026-07-01,S037,PLAN_A,VOICE,1535,3.07
X000271,2026-07-01,S030,PLAN_A,VOICE,367,0.73
X000272,2026-07-02,S014,PROMO,VOICE,502,1.00
X000273,2026-07-02,S035,PLAN_B,DATA,458,1.83
X000274,2026-07-03,S025,PLAN_A,VOICE,1724,3.45
X000275,2026-07-03,S018,PLAN_B,VOICE,1015,1.52
X000276,2026-07-03,S008,PROMO,SMS,1,0.05
X000277,2026-07-03,S037,PLAN_A,VOICE,555,1.11
X000278,2026-07-02,S008,PROMO,SMS,1,0.05
X000279,2026-07-02,S002,PLAN_B,VOICE,222,0.33
X000280,2026-07-02,S005,PLAN_A,VOICE,724,1.45
X000281,2026-07-02,S003,PROMO,VOICE,444,0.89
X000282,2026-07-01,S003,PROMO,VOICE,459,0.92
X000283,2026-07-03,S007,PROMO,VOICE,725,1.45
X000284,2026-07-03,S031,PLAN_A,DATA,84,0.84
X000285,2026-07-03,S008,PROMO,SMS,1,0.05
X000286,2026-07-03,S008,PROMO,VOICE,536,1.07
X000287,2026-07-03,S009,PLAN_B,SMS,1,0.04
X000288,2026-07-01,S019,PLAN_B,VOICE,1384,2.08
X000289,2026-07-03,S038,PLAN_A,VOICE,1637,3.27
X000290,2026-07-01,S022,PLAN_B,VOICE,1535,2.30
X000291,2026-07-03,S036,PROMO,SMS,1,0.05
X000292,2026-07-03,S004,PLAN_A,VOICE,533,1.07
X000293,2026-07-02,S036,PROMO,VOICE,1329,2.66
X000294,2026-07-03,S009,PLAN_B,SMS,1,0.04
X000295,2026-07-02,S033,PLAN_B,VOICE,1530,2.30
X000296,2026-07-02,S007,PROMO,VOICE,1458,2.92
X000297,2026-07-02,S020,PLAN_B,SMS,1,0.04
X000298,2026-07-02,S014,PROMO,DATA,303,0.00
X000299,2026-07-02,S022,PLAN_B,DATA,146,1.17
X000300,2026-07-01,S001,PROMO,VOICE,1282,2.56
X000301,2026-07-03,S004,PLAN_A,DATA,468,4.68
X000302,2026-07-03,S019,PLAN_B,VOICE,1232,1.85
X000303,2026-07-03,S026,PLAN_B,SMS,1,0.04
X000304,2026-07-02,S039,PROMO,DATA,40,0.00
X000305,2026-07-02,S031,PLAN_A,VOICE,1491,2.98
X000306,2026-07-02,S015,PLAN_A,DATA,376,3.76
X000307,2026-07-02,S006,PROMO,VOICE,427,0.85
X000308,2026-07-01,S033,PLAN_B,DATA,275,2.20
X000309,2026-07-02,S010,PLAN_A,DATA,338,3.38
X000310,2026-07-02,S030,PLAN_A,VOICE,732,1.46
X000311,2026-07-03,S010,PLAN_A,VOICE,838,1.68
X000312,2026-07-01,S038,PLAN_A,SMS,1,0.05
X000313,2026-07-03,S037,PLAN_A,VOICE,1139,2.28
X000314,2026-07-01,S021,PROMO,SMS,1,0.05
X000315,2026-07-02,S005,PLAN_A,SMS,1,0.05
X000316,2026-07-02,S017,PROMO,VOICE,1329,2.66
X000317,2026-07-02,S039,PROMO,VOICE,1682,3.36
X000318,2026-07-03,S001,PROMO,SMS,1,0.05
X000319,2026-07-03,S003,PROMO,VOICE,393,0.79
X000320,2026-07-01,S002,PLAN_B,VOICE,48,0.07
X000321,2026-07-01,S010,PLAN_A,DATA,167,1.67
X000322,2026-07-03,S014,PROMO,VOICE,1480,2.96
X000323,2026-07-02,S028,PLAN_A,DATA,230,2.30
X000324,2026-07-02,S027,PROMO,DATA,108,0.00
X000325,2026-07-02,S027,PROMO,VOICE,1405,2.81
X000326,2026-07-02,S032,PLAN_A,SMS,1,0.05
X000327,2026-07-01,S030,PLAN_A,VOICE,100,0.20
X000328,2026-07-02,S030,PLAN_A,SMS,1,0.04
X000329,2026-07-01,S021,PROMO,VOICE,915,1.83
X000330,2026-07-03,S006,PROMO,SMS,1,0.05
X000331,2026-07-01,S002,PLAN_B,VOICE,786,1.18
X000332,2026-07-02,S033,PLAN_B,DATA,443,3.54
X000333,2026-07-02,S020,PLAN_B,VOICE,325,0.49
X000334,2026-07-02,S012,PROMO,VOICE,1730,3.46
X000335,2026-07-03,S029,PLAN_A,VOICE,317,0.63
X000336,2026-07-03,S007,PROMO,VOICE,708,1.42
X000337,2026-07-01,S010,PLAN_A,SMS,1,0.05
X000338,2026-07-01,S006,PROMO,VOICE,206,0.41
X000339,2026-07-02,S033,PLAN_B,VOICE,1410,2.12
X000340,2026-07-03,S028,PLAN_A,SMS,1,0.05
X000341,2026-07-02,S022,PLAN_B,VOICE,422,0.63
X000342,2026-07-02,S018,PLAN_B,VOICE,1155,1.73
X000343,2026-07-02,S026,PLAN_B,DATA,279,2.23
X000344,2026-07-01,S007,PROMO,VOICE,1020,2.04
X000345,2026-07-01,S034,PLAN_B,VOICE,1322,1.98
X000346,2026-07-03,S018,PLAN_B,VOICE,1650,2.48
X000347,2026-07-03,S037,PLAN_A,VOICE,249,0.50
X000348,2026-07-03,S016,PLAN_B,VOICE,606,0.91
X000349,2026-07-02,S027,PROMO,SMS,1,0.05
X000351,2026-07-01,S029,PLAN_A,SMS,1,0.05
X000352,2026-07-03,S013,PLAN_B,VOICE,1487,2.23
X000353,2026-07-03,S011,PLAN_A,VOICE,1058,2.12
X000354,2026-07-02,S022,PLAN_B,VOICE,847,1.27
X000355,2026-07-03,S006,PROMO,DATA,406,0.00
X000356,2026-07-03,S009,PLAN_B,VOICE,829,1.24
X000357,2026-07-02,S007,PROMO,DATA,438,0.00
X000358,2026-07-03,S022,PLAN_B,SMS,1,0.04
X000359,2026-07-03,S005,PLAN_A,VOICE,1339,2.68
X000360,2026-07-02,S030,PLAN_A,VOICE,1341,2.68
X000361,2026-07-03,S035,PLAN_B,DATA,342,2.74
X000362,2026-07-02,S002,PLAN_B,SMS,1,0.04
X000363,2026-07-01,S021,PROMO,DATA,71,0.00
X000364,2026-07-03,S038,PLAN_A,VOICE,1513,3.03
X000365,2026-07-02,S018,PLAN_B,DATA,271,1.08
X000366,2026-07-02,S037,PLAN_A,VOICE,457,0.91
X000367,2026-07-02,S001,PROMO,SMS,1,0.05
X000368,2026-07-02,S025,PLAN_A,DATA,203,2.03
X000369,2026-07-03,S037,PLAN_A,DATA,130,1.30
X000370,2026-07-03,S010,PLAN_A,SMS,1,0.05
X000371,2026-07-03,S021,PROMO,VOICE,360,0.72
X000372,2026-07-01,S032,PLAN_A,VOICE,1767,3.53
X000373,2026-07-02,S012,PROMO,VOICE,1721,3.44
X000374,2026-07-01,S040,PLAN_B,VOICE,1380,2.07
X000375,2026-07-01,S035,PLAN_B,VOICE,1304,1.96
X000376,2026-07-02,S013,PLAN_B,VOICE,1296,1.94
X000377,2026-07-03,S007,PROMO,SMS,1,0.05
X000378,2026-07-03,S001,PROMO,VOICE,616,1.23
X000379,2026-07-01,S037,PLAN_A,DATA,405,4.05
X000380,2026-07-02,S006,PROMO,VOICE,1645,3.29
X000381,2026-07-03,S017,PROMO,VOICE,1613,3.23
X000382,2026-07-03,S006,PROMO,VOICE,1042,2.08
X000383,2026-07-02,S038,PLAN_A,VOICE,1483,2.97
X000384,2026-07-01,S004,PLAN_A,DATA,74,0.74
X000385,2026-07-02,S035,PLAN_B,VOICE,599,0.90
X000386,2026-07-02,S012,PROMO,VOICE,1572,3.14
X000387,2026-07-01,S002,PLAN_B,VOICE,528,0.79
X000388,2026-07-01,S040,PLAN_B,SMS,1,0.04
X000389,2026-07-01,S006,PROMO,SMS,1,0.04
X000390,2026-07-03,S032,PLAN_A,SMS,1,0.05
X000391,2026-07-01,S020,PLAN_B,VOICE,465,0.70
X000392,2026-07-03,S035,PLAN_B,VOICE,1250,1.88
X000393,2026-07-01,S015,PLAN_A,VOICE,748,1.50
X000394,2026-07-02,S023,PLAN_A,SMS,1,0.05
X000395,2026-07-02,S029,PLAN_A,VOICE,975,1.95
X000396,2026-07-02,S011,PLAN_A,VOICE,543,1.09
X000397,2026-07-01,S004,PLAN_A,VOICE,1780,3.56
X000398,2026-07-01,S017,PROMO,SMS,1,0.05
X000399,2026-07-03,S015,PLAN_A,SMS,1,0.05
X000400,2026-07-02,S007,PROMO,SMS,1,0.05
X000401,2026-07-02,S008,PROMO,SMS,1,0.04
X000402,2026-07-03,S033,PLAN_B,DATA,274,2.19
X000403,2026-07-03,S026,PLAN_B,VOICE,972,1.46
X000404,2026-07-02,S016,PLAN_B,DATA,413,3.30
X000405,2026-07-01,S028,PLAN_A,VOICE,1699,3.40
X000406,2026-07-03,S034,PLAN_B,SMS,1,0.04
X000407,2026-07-02,S007,PROMO,VOICE,516,1.03
X000408,2026-07-02,S032,PLAN_A,SMS,1,0.05
X000409,2026-07-03,S029,PLAN_A,DATA,7,0.07
X000410,2026-07-02,S015,PLAN_A,VOICE,1044,2.09
X000411,2026-07-01,S022,PLAN_B,SMS,1,0.04
X000412,2026-07-02,S016,PLAN_B,VOICE,553,0.83
X000413,2026-07-01,S003,PROMO,VOICE,920,1.84
X000414,2026-07-01,S007,PROMO,SMS,1,0.05
X000415,2026-07-02,S029,PLAN_A,DATA,262,2.62
X000416,2026-07-03,S027,PROMO,DATA,450,0.00
X000417,2026-07-01,S010,PLAN_A,VOICE,236,0.47
X000418,2026-07-01,S032,PLAN_A,VOICE,76,0.15
X000419,2026-07-03,S006,PROMO,SMS,1,0.04
X000420,2026-07-03,S012,PROMO,VOICE,346,0.69
X000421,2026-07-01,S014,PROMO,VOICE,924,1.85
X000422,2026-07-03,S028,PLAN_A,DATA,414,4.14
X000423,2026-07-02,S012,PROMO,VOICE,250,0.50
X000424,2026-07-02,S039,PROMO,VOICE,776,1.55
X000425,2026-07-03,S005,PLAN_A,VOICE,1584,3.17
X000426,2026-07-03,S018,PLAN_B,VOICE,1623,2.43
X000427,2026-07-01,S027,PROMO,DATA,353,0.00
X000428,2026-07-03,S029,PLAN_A,VOICE,1531,3.06
X000429,2026-07-02,S030,PLAN_A,SMS,1,0.05
X000430,2026-07-02,S028,PLAN_A,SMS,1,0.05
X000431,2026-07-02,S005,PLAN_A,VOICE,1691,3.38
X000432,2026-07-01,S018,PLAN_B,SMS,1,0.04
X000433,2026-07-03,S024,PROMO,DATA,59,0.00
X000434,2026-07-03,S018,PLAN_B,SMS,1,0.04
X000435,2026-07-01,S023,PLAN_A,SMS,1,0.05
X000436,2026-07-03,S031,PLAN_A,VOICE,339,0.68
X000437,2026-07-01,S025,PLAN_A,DATA,144,1.44
X000438,2026-07-03,S038,PLAN_A,VOICE,1197,2.39
X000439,2026-07-03,S038,PLAN_A,VOICE,252,0.50
X000440,2026-07-02,S023,PLAN_A,VOICE,733,1.47
X000441,2026-07-03,S039,PROMO,SMS,1,0.05
X000442,2026-07-02,S040,PLAN_B,VOICE,452,0.68
X000443,2026-07-01,S035,PLAN_B,VOICE,1579,2.37
X000444,2026-07-01,S038,PLAN_A,VOICE,1464,2.93
X000445,2026-07-03,S036,PROMO,VOICE,696,1.39
X000446,2026-07-01,S016,PLAN_B,SMS,1,0.04
X000447,2026-07-03,S038,PLAN_A,VOICE,1538,3.08
X000448,2026-07-01,S012,PROMO,VOICE,1025,2.05
X000449,2026-07-02,S017,PROMO,DATA,162,0.00
X000450,2026-07-02,S037,PLAN_A,SMS,1,0.05
X000451,2026-07-03,S039,PROMO,VOICE,1073,2.15
X000452,2026-07-02,S019,PLAN_B,DATA,300,2.40
X000453,2026-07-02,S035,PLAN_B,SMS,1,0.04
X000454,2026-07-01,S004,PLAN_A,SMS,1,0.05
X000455,2026-07-02,S016,PLAN_B,SMS,1,0.04
X000456,2026-07-02,S017,PROMO,DATA,275,0.00
X000457,2026-07-01,S017,PROMO,VOICE,66,0.13
X000458,2026-07-03,S017,PROMO,VOICE,1492,2.98
X000459,2026-07-01,S002,PLAN_B,VOICE,150,0.23
X000460,2026-07-03,S017,PROMO,DATA,178,0.00
X000462,2026-07-02,S008,PROMO,SMS,1,0.05
X000463,2026-07-01,S026,PLAN_B,SMS,1,0.04
X000464,2026-07-03,S017,PROMO,VOICE,1432,2.86
X000465,2026-07-01,S023,PLAN_A,DATA,285,2.85
X000466,2026-07-02,S028,PLAN_A,SMS,1,0.05
X000467,2026-07-02,S036,PROMO,VOICE,24,0.05
X000468,2026-07-03,S019,PLAN_B,VOICE,1711,2.57
X000469,2026-07-02,S026,PLAN_B,SMS,1,0.04
X000470,2026-07-01,S019,PLAN_B,VOICE,1324,1.99
X000471,2026-07-03,S022,PLAN_B,SMS,1,0.04
X000472,2026-07-02,S003,PROMO,SMS,1,0.05
X000473,2026-07-03,S035,PLAN_B,DATA,440,3.52
X000474,2026-07-03,S004,PLAN_A,VOICE,549,1.10
X000475,2026-07-01,S030,PLAN_A,SMS,1,0.05
X000476,2026-07-02,S014,PROMO,SMS,1,0.05
X000477,2026-07-03,S037,PLAN_A,DATA,104,1.04
X000478,2026-07-03,S017,PROMO,VOICE,188,0.38
X000479,2026-07-02,S021,PROMO,SMS,1,0.05
X000480,2026-07-02,S033,PLAN_B,VOICE,1342,2.01
X000481,2026-07-01,S026,PLAN_B,VOICE,1403,2.10
X000482,2026-07-03,S039,PROMO,DATA,170,0.00
X000483,2026-07-01,S016,PLAN_B,SMS,1,0.04
X000484,2026-07-02,S022,PLAN_B,VOICE,1131,1.70
X000485,2026-07-02,S039,PROMO,VOICE,57,0.11
X000486,2026-07-02,S032,PLAN_A,VOICE,583,1.17
X000487,2026-07-02,S004,PLAN_A,DATA,201,2.01
X000488,2026-07-01,S027,PROMO,SMS,1,0.05
X000489,2026-07-03,S002,PLAN_B,SMS,1,0.04
X000490,2026-07-03,S011,PLAN_A,SMS,1,0.05
X000491,2026-07-03,S039,PROMO,SMS,1,0.05
X000492,2026-07-02,S036,PROMO,VOICE,1682,3.36
X000493,2026-07-01,S015,PLAN_A,VOICE,1739,3.48
X000494,2026-07-03,S031,PLAN_A,DATA,352,3.52
X000495,2026-07-02,S020,PLAN_B,DATA,128,1.02
X000496,2026-07-03,S007,PROMO,SMS,1,0.05
X000497,2026-07-03,S030,PLAN_A,VOICE,76,0.15
X000498,2026-07-01,S031,PLAN_A,VOICE,1271,2.54
X000499,2026-07-01,S001,PROMO,VOICE,652,1.30
X000500,2026-07-01,S013,PLAN_B,DATA,94,0.75
X000501,2026-07-01,S032,PLAN_A,VOICE,1171,2.34
X000502,2026-07-03,S018,PLAN_B,VOICE,1313,1.97
X000503,2026-07-03,S028,PLAN_A,VOICE,108,0.22
X000504,2026-07-03,S017,PROMO,VOICE,209,0.42
X000505,2026-07-03,S036,PROMO,VOICE,453,0.91
X000506,2026-07-02,S033,PLAN_B,VOICE,1121,1.68
X000507,2026-07-03,S007,PROMO,VOICE,1527,3.05
X000508,2026-07-03,S039,PROMO,VOICE,1629,3.26
X000509,2026-07-02,S032,PLAN_A,SMS,1,0.05
X000510,2026-07-03,S040,PLAN_B,VOICE,1683,2.52
X000511,2026-07-02,S023,PLAN_A,VOICE,1060,2.12
X000512,2026-07-02,S027,PROMO,DATA,376,0.00
X000513,2026-07-03,S040,PLAN_B,VOICE,1215,1.82
X000514,2026-07-02,S016,PLAN_B,VOICE,817,1.23
X000515,2026-07-01,S039,PROMO,VOICE,555,1.11
X000516,2026-07-02,S015,PLAN_A,SMS,1,0.05
X000517,2026-07-01,S015,PLAN_A,VOICE,830,1.66
X000518,2026-07-01,S012,PROMO,DATA,314,0.00
X000519,2026-07-01,S003,PROMO,DATA,238,0.00
X000520,2026-07-03,S007,PROMO,VOICE,65,0.13
X000521,2026-07-02,S019,PLAN_B,VOICE,787,1.18
X000522,2026-07-03,S030,PLAN_A,SMS,1,0.05
X000523,2026-07-03,S003,PROMO,SMS,1,0.05
X000524,2026-07-03,S035,PLAN_B,SMS,1,0.04
X000525,2026-07-02,S019,PLAN_B,VOICE,844,1.27
X000526,2026-07-03,S010,PLAN_A,DATA,191,1.91
X000527,2026-07-02,S003,PROMO,VOICE,1471,2.94
X000528,2026-07-02,S012,PROMO,DATA,233,0.00
X000529,2026-07-03,S004,PLAN_A,SMS,1,0.05
X000530,2026-07-01,S016,PLAN_B,SMS,1,0.04
X000531,2026-07-01,S009,PLAN_B,VOICE,20,0.03
X000532,2026-07-03,S010,PLAN_A,VOICE,827,1.65
X000533,2026-07-01,S008,PROMO,VOICE,1094,2.19
X000534,2026-07-02,S025,PLAN_A,VOICE,1527,3.05
X000535,2026-07-03,S017,PROMO,VOICE,681,1.36
X000536,2026-07-02,S038,PLAN_A,SMS,1,0.05
X000537,2026-07-01,S027,PROMO,SMS,1,0.05
X000538,2026-07-01,S014,PROMO,VOICE,1283,2.57
X000539,2026-07-02,S027,PROMO,SMS,1,0.05
X000540,2026-07-02,S022,PLAN_B,SMS,1,0.04
X000541,2026-07-03,S001,PROMO,SMS,1,0.05
X000542,2026-07-01,S031,PLAN_A,DATA,326,1.63
X000543,2026-07-01,S036,PROMO,VOICE,1695,3.39
X000544,2026-07-03,S027,PROMO,DATA,405,0.00
X000546,2026-07-02,S030,PLAN_A,VOICE,1605,3.21
X000547,2026-07-01,S012,PROMO,SMS,1,0.05
X000548,2026-07-02,S024,PROMO,SMS,1,0.05
X000549,2026-07-03,S001,PROMO,VOICE,667,1.33
X000550,2026-07-03,S010,PLAN_A,VOICE,1016,2.03
X000551,2026-07-03,S007,PROMO,SMS,1,0.05
X000552,2026-07-02,S040,PLAN_B,VOICE,1273,1.91
X000553,2026-07-02,S040,PLAN_B,VOICE,627,0.94
X000554,2026-07-01,S010,PLAN_A,VOICE,913,0.91
X000555,2026-07-02,S011,PLAN_A,VOICE,26,0.05
X000556,2026-07-01,S007,PROMO,VOICE,476,0.95
X000557,2026-07-02,S013,PLAN_B,VOICE,1400,2.10
X000558,2026-07-01,S015,PLAN_A,VOICE,531,1.06
X000559,2026-07-03,S008,PROMO,VOICE,1171,2.34
X000560,2026-07-03,S013,PLAN_B,VOICE,1228,1.84
X000561,2026-07-01,S006,PROMO,VOICE,463,0.93
X000562,2026-07-03,S024,PROMO,VOICE,615,1.23
X000563,2026-07-03,S010,PLAN_A,SMS,1,0.05
X000564,2026-07-02,S031,PLAN_A,DATA,204,2.04
X000565,2026-07-03,S034,PLAN_B,SMS,1,0.04
X000566,2026-07-03,S036,PROMO,DATA,292,0.00
X000567,2026-07-03,S008,PROMO,VOICE,77,0.15
X000568,2026-07-01,S038,PLAN_A,VOICE,1540,3.08
X000569,2026-07-03,S003,PROMO,VOICE,718,1.44
X000570,2026-07-03,S024,PROMO,VOICE,1133,2.27
X000571,2026-07-01,S030,PLAN_A,DATA,12,0.12
X000572,2026-07-02,S011,PLAN_A,SMS,1,0.05
X000573,2026-07-01,S007,PROMO,VOICE,480,0.96
X000574,2026-07-02,S027,PROMO,VOICE,183,0.37
X000575,2026-07-01,S017,PROMO,DATA,257,0.00
X000576,2026-07-01,S010,PLAN_A,SMS,1,0.05
X000577,2026-07-03,S004,PLAN_A,SMS,1,0.05
X000578,2026-07-03,S029,PLAN_A,SMS,1,0.05
X000579,2026-07-03,S038,PLAN_A,VOICE,962,1.92
X000580,2026-07-03,S027,PROMO,VOICE,566,1.13
X000581,2026-07-02,S005,PLAN_A,VOICE,1611,3.22
X000582,2026-07-01,S023,PLAN_A,SMS,1,0.05
X000583,2026-07-02,S030,PLAN_A,VOICE,1385,2.77
X000584,2026-07-02,S023,PLAN_A,VOICE,724,1.45
X000585,2026-07-03,S019,PLAN_B,VOICE,1244,1.87
X000586,2026-07-03,S019,PLAN_B,VOICE,370,0.56
X000587,2026-07-01,S040,PLAN_B,DATA,450,3.60
X000588,2026-07-01,S024,PROMO,VOICE,353,0.71
X000589,2026-07-03,S029,PLAN_A,DATA,20,0.20
X000590,2026-07-03,S006,PROMO,VOICE,1749,3.50
X000591,2026-07-03,S036,PROMO,VOICE,961,1.92
X000592,2026-07-02,S001,PROMO,VOICE,111,0.22
X000593,2026-07-01,S019,PLAN_B,VOICE,1516,2.27
X000594,2026-07-02,S021,PROMO,SMS,1,0.05
X000595,2026-07-02,S013,PLAN_B,DATA,59,0.47
X000596,2026-07-01,S007,PROMO,VOICE,1311,2.62
X000597,2026-07-03,S011,PLAN_A,SMS,1,0.05
X000598,2026-07-03,S016,PLAN_B,VOICE,83,0.12
X000599,2026-07-01,S028,PLAN_A,VOICE,415,0.83
X000600,2026-07-03,S020,PLAN_B,SMS,1,0.04
