TAP_FILE_ID,SENDER_PLMN,SENDER_NAME,RECIPIENT_PLMN,RECIPIENT_NAME,EVENT_TYPE,IMSI,CHARGED_UNITS,CHARGE_SDR,TAX_SDR,EVENT_DATE,EVENT_AT,SETTLEMENT_STATUS
TAP-20260902-00623,00111,Ivory Cellular,00102,Borealis Mobile,MOC,001020000000009,24,10.8517,1.6278,2026-09-02,2026-09-02 01:49:15,ACCEPTED
TAP-20260902-00624,00119,Quartz Mobile,00106,Fjord Telecom,MTC,001060000000014,29,5.5807,0.8371,2026-09-02,2026-09-02 06:07:02,ACCEPTED
TAP-20260902-00625,00112,Juniper Mobile,00101,Aurora Telecom,MOC,001010000000009,17,6.5900,0.9885,2026-09-02,2026-09-02 22:09:45,ACCEPTED
TAP-20260902-00626,00107,Granite Mobile,00108,Harbor Wireless,MTC,001080000000009,13,2.4772,0.3716,2026-09-02,2026-09-02 07:15:55,ACCEPTED
TAP-20260902-00627,00119,Quartz Mobile,00106,Fjord Telecom,MOC,001060000000010,7,2.9036,0.4355,2026-09-02,2026-09-02 14:18:23,ACCEPTED
TAP-20260902-00628,00119,Quartz Mobile,00106,Fjord Telecom,GPRS,001060000000012,397,4.4281,0.6642,2026-09-02,2026-09-02 14:29:08,ACCEPTED
TAP-20260902-00629,00111,Ivory Cellular,00101,Aurora Telecom,MOC,001010000000005,36,15.8356,2.3753,2026-09-02,2026-09-02 02:38:47,ACCEPTED
TAP-20260902-00630,00104,Delta Cell,00113,Kestrel Telecom,GPRS,001130000000013,884,9.1240,1.3686,2026-09-02,2026-09-02 21:39:22,ACCEPTED
TAP-20260902-00631,00111,Ivory Cellular,00101,Aurora Telecom,MOC,001010000000014,17,7.2289,1.0843,2026-09-02,2026-09-02 11:47:55,ACCEPTED
TAP-20260902-00632,00104,Delta Cell,00113,Kestrel Telecom,SMS_MO,001130000000008,2,0.1139,0.0171,2026-09-02,2026-09-02 07:12:22,ACCEPTED
TAP-20260902-00633,00106,Fjord Telecom,00119,Quartz Mobile,SMS_MO,001190000000002,7,0.4356,0.0653,2026-09-02,2026-09-02 03:21:20,ACCEPTED
TAP-20260902-00634,00112,Juniper Mobile,00107,Granite Mobile,GPRS,001070000000002,65,0.7349,0.1102,2026-09-02,2026-09-02 13:20:40,ACCEPTED
TAP-20260902-00635,00114,Lumen Wireless,00106,Fjord Telecom,SMS_MO,001060000000014,2,0.1233,0.0185,2026-09-02,2026-09-02 00:27:34,ACCEPTED
TAP-20260902-00636,00114,Lumen Wireless,00106,Fjord Telecom,MOC,001060000000011,19,7.8282,1.1742,2026-09-02,2026-09-02 07:01:35,ACCEPTED
TAP-20260902-00637,00116,Northwind Mobile,00105,Ember Networks,GPRS,001050000000013,532,6.2013,0.9302,2026-09-02,2026-09-02 17:39:13,ACCEPTED
TAP-20260902-00638,00119,Quartz Mobile,00106,Fjord Telecom,MOC,001060000000009,21,9.2029,1.3804,2026-09-02,2026-09-02 08:00:09,ACCEPTED
TAP-20260902-00639,00119,Quartz Mobile,00103,Cinder Wireless,MTC,001030000000014,7,1.2205,0.1831,2026-09-02,2026-09-02 21:52:38,ACCEPTED
TAP-20260902-00640,00119,Quartz Mobile,00106,Fjord Telecom,MOC,001060000000010,5,2.2369,0.3355,2026-09-02,2026-09-02 01:15:36,ACCEPTED
TAP-20260902-00641,00101,Aurora Telecom,00116,Northwind Mobile,MOC,001160000000011,9,3.7318,0.5598,2026-09-02,2026-09-02 18:13:36,ACCEPTED
TAP-20260902-00642,00108,Harbor Wireless,00107,Granite Mobile,SMS_MO,001070000000010,4,0.2474,0.0371,2026-09-02,2026-09-02 23:29:25,ACCEPTED
TAP-20260902-00643,00119,Quartz Mobile,00106,Fjord Telecom,MTC,001060000000002,14,2.3858,0.3579,2026-09-02,2026-09-02 04:28:40,ACCEPTED
TAP-20260902-00644,00112,Juniper Mobile,00101,Aurora Telecom,MTC,001010000000001,10,1.6602,0.2490,2026-09-02,2026-09-02 15:17:30,ACCEPTED
TAP-20260902-00645,00113,Kestrel Telecom,00104,Delta Cell,GPRS,001040000000001,348,3.5276,0.5291,2026-09-02,2026-09-02 17:30:05,ACCEPTED
TAP-20260902-00646,00106,Fjord Telecom,00119,Quartz Mobile,MTC,001190000000005,1,0.1798,0.0270,2026-09-02,2026-09-02 22:49:58,ACCEPTED
TAP-20260902-00647,00116,Northwind Mobile,00105,Ember Networks,GPRS,001050000000009,867,10.0103,1.5015,2026-09-02,2026-09-02 12:10:00,ACCEPTED
TAP-20260902-00648,00103,Cinder Wireless,00112,Juniper Mobile,GPRS,001120000000003,662,7.3000,1.0950,2026-09-02,2026-09-02 02:42:05,DISPUTED
TAP-20260902-00649,00106,Fjord Telecom,00119,Quartz Mobile,GPRS,001190000000007,48,0.4910,0.0736,2026-09-02,2026-09-02 00:26:46,ACCEPTED
TAP-20260902-00650,00119,Quartz Mobile,00106,Fjord Telecom,MTC,001060000000015,14,2.3821,0.3573,2026-09-02,2026-09-02 17:51:49,ACCEPTED
TAP-20260902-00651,00102,Borealis Mobile,00114,Lumen Wireless,GPRS,001140000000013,891,9.3039,1.3956,2026-09-02,2026-09-02 16:14:46,ACCEPTED
TAP-20260902-00652,00102,Borealis Mobile,00114,Lumen Wireless,MTC,001140000000014,5,0.9078,0.1362,2026-09-02,2026-09-02 14:31:24,ACCEPTED
TAP-20260902-00653,00116,Northwind Mobile,00105,Ember Networks,SMS_MO,001050000000005,7,0.4275,0.0641,2026-09-02,2026-09-02 03:41:44,ACCEPTED
TAP-20260902-00654,00111,Ivory Cellular,00105,Ember Networks,GPRS,001050000000011,76,0.8741,0.1311,2026-09-02,2026-09-02 19:54:14,ACCEPTED
TAP-20260902-00655,00106,Fjord Telecom,00119,Quartz Mobile,GPRS,001190000000012,172,1.9377,0.2907,2026-09-02,2026-09-02 05:04:26,ACCEPTED
TAP-20260902-00656,00111,Ivory Cellular,00101,Aurora Telecom,MOC,001010000000002,40,17.3954,2.6093,2026-09-02,2026-09-02 16:02:31,ACCEPTED
TAP-20260902-00657,00111,Ivory Cellular,00101,Aurora Telecom,MTC,001010000000012,14,2.4639,0.3696,2026-09-02,2026-09-02 22:49:54,ACCEPTED
TAP-20260902-00658,00111,Ivory Cellular,00105,Ember Networks,MTC,001050000000004,40,7.3391,1.1009,2026-09-02,2026-09-02 18:12:20,ACCEPTED
TAP-20260902-00659,00114,Lumen Wireless,00106,Fjord Telecom,MOC,001060000000007,36,14.6855,2.2028,2026-09-02,2026-09-02 17:34:32,ACCEPTED
TAP-20260902-00660,00107,Granite Mobile,00108,Harbor Wireless,SMS_MO,001080000000015,7,0.4175,0.0626,2026-09-02,2026-09-02 05:10:30,ACCEPTED
TAP-20260902-00661,00114,Lumen Wireless,00102,Borealis Mobile,MOC,001020000000005,8,3.3282,0.4992,2026-09-02,2026-09-02 11:04:34,ACCEPTED
TAP-20260902-00662,00116,Northwind Mobile,00105,Ember Networks,MTC,001050000000009,35,6.2833,0.9425,2026-09-02,2026-09-02 04:08:42,DISPUTED
TAP-20260902-00663,00119,Quartz Mobile,00106,Fjord Telecom,MTC,001060000000002,21,3.5559,0.5334,2026-09-02,2026-09-02 17:42:09,ACCEPTED
TAP-20260902-00664,00119,Quartz Mobile,00103,Cinder Wireless.,MOC,001030000000009,35,14.4447,2.1667,2026-09-02,2026-09-02 06:47:31,ACCEPTED
TAP-20260902-00665,00119,Quartz Mobile,00106,Fjord Telecom,MOC,001060000000012,26,11.1228,1.6684,2026-09-02,2026-09-02 02:56:56,ACCEPTED
TAP-20260902-00666,00106,Fjord Telecom,00119,Quartz Mobile,MOC,001190000000008,34,14.8228,2.2234,2026-09-02,2026-09-02 02:11:49,ACCEPTED
TAP-20260902-00667,00112,Juniper Mobile,00103,Cinder Wireless,MOC,001030000000007,36,14.5079,2.1762,2026-09-02,2026-09-02 05:49:39,ACCEPTED
TAP-20260902-00668,00108,Harbor Wireless,00107,Granite Mobile,SMS_MO,001070000000003,8,0.4923,0.0738,2026-09-02,2026-09-02 09:43:48,ACCEPTED
TAP-20260902-00669,00108,Harbor Wireless,00107,Granite Mobile,MOC,001070000000010,15,5.9233,0.8885,2026-09-02,2026-09-02 03:38:43,ACCEPTED
TAP-20260902-00670,00104,Delta Cell,00113,Kestrel Telecom,MOC,001130000000004,19,7.9053,1.1858,2026-09-02,2026-09-02 05:09:13,ACCEPTED
TAP-20260902-00671,00108,Harbor Wireless,00107,Granite Mobile,GPRS,001070000000011,548,6.4602,0.9690,2026-09-02,2026-09-02 10:35:15,ACCEPTED
TAP-20260902-00672,00116,Northwind Mobile,00105,Ember Networks,GPRS,001050000000010,773,9.0210,1.3532,2026-09-02,2026-09-02 11:51:59,ACCEPTED
TAP-20260902-00673,00104,Delta Cell,00113,Kestrel Telecom,MTC,001130000000013,34,5.8639,0.8796,2026-09-02,2026-09-02 14:04:52,ACCEPTED
TAP-20260902-00674,00106,Fjord Telecom,00119,Quartz Mobile,GPRS,001190000000014,36,0.4163,0.0624,2026-09-02,2026-09-02 01:06:36,ACCEPTED
TAP-20260902-00675,00119,Quartz Mobile,00106,Fjord Telecom,MOC,001060000000015,5,2.1507,0.3226,2026-09-02,2026-09-02 18:54:45,ACCEPTED
TAP-20260902-00676,00112,Juniper Mobile,00101,Aurora Telecom,MOC,001010000000009,15,6.0000,0.9000,2026-09-02,2026-09-02 18:49:53,ACCEPTED
TAP-20260902-00677,00101,Aurora Telecom,00111,Ivory Cellular,GPRS,001110000000009,323,3.4375,0.5156,2026-09-02,2026-09-02 22:22:35,ACCEPTED
TAP-20260902-00678,00113,Kestrel Telecom,00104,Delta Cell,MOC,001040000000014,18,7.8751,1.1813,2026-09-02,2026-09-02 01:29:48,ACCEPTED
TAP-20260902-00679,00111,Ivory Cellular,00102,Borealis Mobile,GPRS,001020000000004,792,8.4516,1.2677,2026-09-02,2026-09-02 13:14:55,ACCEPTED
TAP-20260902-00680,00111,Ivory Cellular,00102,Borealis Mobile,GPRS,001020000000006,249,2.6916,0.4037,2026-09-02,2026-09-02 12:27:33,ACCEPTED
TAP-20260902-00681,00119,Quartz Mobile,00103,Cinder Wireless,SMS_MO,001030000000013,3,0.1661,0.0249,2026-09-02,2026-09-02 11:21:31,ACCEPTED
TAP-20260902-00682,00101,Aurora Telecom,00111,Ivory Cellular,MOC,001110000000005,36,14.5981,2.1897,2026-09-02,2026-09-02 05:43:52,ACCEPTED
TAP-20260902-00683,00116,Northwind Mobile,00101,Aurora Telecom,SMS_MO,001010000000005,8,0.4607,0.0691,2026-09-02,2026-09-02 01:40:59,ACCEPTED
TAP-20260902-00684,00111,Ivory Cellular,00102,Borealis Mobile,MOC,001020000000004,12,5.2375,0.7856,2026-09-02,2026-09-02 19:36:04,ACCEPTED
TAP-20260902-00685,00111,Ivory Cellular,00102,Borealis Mobile,MTC,001020000000006,28,5.0085,0.7513,2026-09-02,2026-09-02 17:40:23,ACCEPTED
TAP-20260902-00686,00104,Delta Cell,00113,Kestrel Telecom,MOC,001130000000005,19,8.1299,1.2195,2026-09-02,2026-09-02 21:05:43,ACCEPTED
TAP-20260902-00687,00116,Northwind Mobile,00103,CINDER WIRELESS,SMS_MO,001030000000007,7,0.4052,0.0608,2026-09-02,2026-09-02 18:58:04,ACCEPTED
TAP-20260902-00688,00114,Lumen Wireless,00102,Borealis Mobile,MOC,001020000000011,28,12.4220,1.8633,2026-09-02,2026-09-02 20:02:03,ACCEPTED
TAP-20260902-00689,00113,Kestrel Telecom,00108,Harbor Wireless,GPRS,001080000000013,755,8.1181,1.2177,2026-09-02,2026-09-02 07:50:59,ACCEPTED
TAP-20260902-00690,00116,Northwind Mobile,00101,Aurora Telecom,MOC,001010000000014,33,13.1185,1.9678,2026-09-02,2026-09-02 20:46:34,ACCEPTED
TAP-20260902-00691,00111,Ivory Cellular,00101,Aurora Telecom,SMS_MO,001010000000011,9,0.5086,0.0763,2026-09-02,2026-09-02 09:39:50,ACCEPTED
TAP-20260902-00692,00108,Harbor Wireless,00107,Granite Mobile,MTC,001070000000005,37,6.4760,0.9714,2026-09-02,2026-09-02 09:16:03,ACCEPTED
TAP-20260902-00693,00106,Fjord Telecom,00119,Quartz Mobile,GPRS,001190000000002,889,10.4083,1.5612,2026-09-02,2026-09-02 15:53:09,ACCEPTED
TAP-20260902-00694,00101,Aurora Telecom,00111,Ivory Cellular,GPRS,001110000000012,432,4.5118,0.6768,2026-09-02,2026-09-02 20:06:05,ACCEPTED
TAP-20260902-00695,00116,Northwind Mobile,00101,Aurora Telecom,SMS_MO,001010000000004,3,0.1756,0.0263,2026-09-02,2026-09-02 05:35:16,ACCEPTED
TAP-20260902-00696,00106,Fjord Telecom,00119,Quartz Mobile,GPRS,001190000000003,490,5.7699,0.8655,2026-09-02,2026-09-02 04:15:00,ACCEPTED
TAP-20260902-00697,00107,Granite Mobile,00108,Harbor Wireless,GPRS,001080000000012,334,3.5138,0.5271,2026-09-02,2026-09-02 11:21:41,ACCEPTED
TAP-20260902-00698,00119,Quartz Mobile,00106,Fjord Telecom,MTC,001060000000012,34,6.4654,0.9698,2026-09-02,2026-09-02 03:31:42,ACCEPTED
TAP-20260902-00699,00114,Lumen Wireless,00102,Borealis Mobile,MOC,001020000000009,9,4.0138,0.6021,2026-09-02,2026-09-02 22:52:56,ACCEPTED
TAP-20260902-00700,00112,Juniper Mobile,00101,Aurora Telecom,MOC,001010000000003,16,6.9969,1.0495,2026-09-02,2026-09-02 02:25:02,ACCEPTED
TAP-20260902-00701,00113,Kestrel Telecom,00108,Harbor Wireless,GPRS,001080000000002,379,4.1800,0.6270,2026-09-02,2026-09-02 04:55:16,ACCEPTED
TAP-20260902-00702,00112,Juniper Mobile,00101,Aurora Telecom,MOC,001010000000013,35,14.4142,2.1621,2026-09-02,2026-09-02 15:55:12,ACCEPTED
TAP-20260902-00703,00119,Quartz Mobile,00106,Fjord Telecom,GPRS,001060000000011,394,4.0863,0.6129,2026-09-02,2026-09-02 14:40:52,ACCEPTED
TAP-20260902-00704,00101,Aurora Telecom,00116,Northwind Mobile,MTC,001160000000005,37,6.7303,1.0095,2026-09-02,2026-09-02 13:08:00,ACCEPTED
TAP-20260902-00705,00119,Quartz Mobile,00103,Cinder  Wireless,SMS_MO,001030000000011,7,0.4059,0.0609,2026-09-02,2026-09-02 11:37:07,ACCEPTED
TAP-20260902-00706,00104,Delta Cell,00113,Kestrel Telecom,MOC,001130000000012,29,11.9342,1.7901,2026-09-02,2026-09-02 19:56:49,ACCEPTED
TAP-20260902-00707,00108,Harbor Wireless,00107,Granite Mobile,MOC,001070000000001,28,12.6298,1.8945,2026-09-02,2026-09-02 10:41:33,ACCEPTED
TAP-20260902-00708,00112,Juniper Mobile,00103,CINDER WIRELESS,GPRS,001030000000005,262,2.9724,0.4459,2026-09-02,2026-09-02 20:30:06,ACCEPTED
TAP-20260902-00709,00108,Harbor Wireless,00107,Granite Mobile,MOC,001070000000015,22,9.0661,1.3599,2026-09-02,2026-09-02 12:42:04,ACCEPTED
TAP-20260902-00710,00114,Lumen Wireless,00106,Fjord Telecom,MTC,001060000000009,10,1.8897,0.2835,2026-09-02,2026-09-02 10:00:54,ACCEPTED
TAP-20260902-00711,00106,Fjord Telecom,00119,Quartz Mobile,MOC,001190000000003,29,12.7722,1.9158,2026-09-02,2026-09-02 11:33:58,ACCEPTED
TAP-20260902-00712,00116,Northwind Mobile,00101,Aurora Telecom,MOC,001010000000005,12,5.2767,0.7915,2026-09-02,2026-09-02 11:26:36,ACCEPTED
TAP-20260902-00713,00114,Lumen Wireless,00104,Delta Cell,SMS_MO,001040000000007,10,0.6298,0.0945,2026-09-02,2026-09-02 08:38:25,ACCEPTED
TAP-20260902-00714,00111,Ivory Cellular,00101,Aurora Telecom,GPRS,001010000000004,836,8.5267,1.2790,2026-09-02,2026-09-02 02:57:57,ACCEPTED
TAP-20260902-00715,00111,Ivory Cellular,00101,Aurora Telecom,MTC,001010000000001,20,3.4847,0.5227,2026-09-02,2026-09-02 18:58:15,ACCEPTED
TAP-20260902-00716,00119,Quartz Mobile,00106,Fjord Telecom,SMS_MO,001060000000007,10,0.6408,0.0961,2026-09-02,2026-09-02 04:08:08,ACCEPTED
TAP-20260902-00717,00113,Kestrel Telecom,00102,Borealis Mobile,MOC,001020000000001,33,12.7792,1.9169,2026-09-02,2026-09-02 02:48:51,REJECTED
TAP-20260902-00718,00104,Delta Cell,00113,Kestrel Telecom,MOC,001130000000010,19,8.2589,1.2388,2026-09-02,2026-09-02 11:21:37,ACCEPTED
TAP-20260902-00719,00112,Juniper Mobile,00101,Aurora Telecom,SMS_MO,001010000000007,2,0.1156,0.0173,2026-09-02,2026-09-02 10:48:36,ACCEPTED
TAP-20260902-00720,00111,Ivory Cellular,00102,Borealis Mobile,SMS_MO,001020000000011,6,0.3693,0.0554,2026-09-02,2026-09-02 04:56:04,ACCEPTED
TAP-20260902-00721,00107,Granite Mobile,00108,Harbor Wireless,GPRS,001080000000014,78,0.9049,0.1357,2026-09-02,2026-09-02 07:29:08,ACCEPTED
TAP-20260902-00722,00111,Ivory Cellular,00102,Borealis Mobile,MOC,001020000000002,17,7.1293,1.0694,2026-09-02,2026-09-02 07:56:00,ACCEPTED
TAP-20260902-00723,00111,Ivory Cellular,00102,Borealis Mobile,MTC,001020000000005,36,6.6036,0.9905,2026-09-02,2026-09-02 06:29:24,ACCEPTED
TAP-20260902-00724,00111,Ivory Cellular,00101,Aurora Telecom,MTC,001010000000003,31,5.6776,0.8516,2026-09-02,2026-09-02 01:37:04,ACCEPTED
TAP-20260902-00725,00111,Ivory Cellular,00102,Borealis Mobile,MTC,001020000000008,15,2.6192,0.3929,2026-09-02,2026-09-02 09:20:15,ACCEPTED
TAP-20260902-00726,00108,Harbor Wireless,00107,Granite Mobile,GPRS,001070000000008,885,9.4620,1.4193,2026-09-02,2026-09-02 11:50:28,ACCEPTED
TAP-20260902-00727,00111,Ivory Cellular,00102,Borealis Mobile,GPRS,001020000000005,837,9.5876,1.4381,2026-09-02,2026-09-02 00:15:47,ACCEPTED
TAP-20260902-00728,00108,Harbor Wireless,00107,Granite Mobile,MTC,001070000000004,37,7.0721,1.0608,2026-09-02,2026-09-02 12:50:17,ACCEPTED
TAP-20260902-00729,00113,Kestrel Telecom,00104,Delta Cell,MOC,001040000000005,32,13.8468,2.0770,2026-09-02,2026-09-02 19:00:27,REJECTED
TAP-20260902-00730,00112,Juniper Mobile,00103,Cinder Wireless.,MTC,001030000000002,25,4.6465,0.6970,2026-09-02,2026-09-02 23:53:27,ACCEPTED
TAP-20260902-00731,00119,Quartz Mobile,00106,Fjord Telecom,MOC,001060000000005,22,8.5607,1.2841,2026-09-02,2026-09-02 01:44:25,ACCEPTED
TAP-20260902-00732,00119,Quartz Mobile,00106,Fjord Telecom,GPRS,001060000000006,631,6.6350,0.9952,2026-09-02,2026-09-02 08:51:20,ACCEPTED
TAP-20260902-00733,00108,Harbor Wireless,00107,Granite Mobile,GPRS,001070000000013,545,6.1713,0.9257,2026-09-02,2026-09-02 10:18:05,ACCEPTED
TAP-20260902-00734,00116,Northwind Mobile,00101,Aurora Telecom,SMS_MO,001010000000006,11,0.7106,0.1066,2026-09-02,2026-09-02 18:15:47,ACCEPTED
TAP-20260902-00735,00104,Delta Cell,00113,Kestrel Telecom,MTC,001130000000007,12,2.1683,0.3252,2026-09-02,2026-09-02 18:18:30,ACCEPTED
TAP-20260902-00736,00114,Lumen Wireless,00104,Delta Cell,SMS_MO,001040000000004,1,0.0622,0.0093,2026-09-02,2026-09-02 03:17:03,ACCEPTED
TAP-20260902-00737,00116,Northwind Mobile,00101,Aurora Telecom,MOC,001010000000007,38,16.9227,2.5384,2026-09-02,2026-09-02 00:16:49,ACCEPTED
TAP-20260902-00738,00102,Borealis Mobile,00114,Lumen Wireless,GPRS,001140000000014,218,2.5249,0.3787,2026-09-02,2026-09-02 18:26:01,ACCEPTED
TAP-20260902-00739,00106,Fjord Telecom,00119,Quartz Mobile,SMS_MO,001190000000007,5,0.2902,0.0435,2026-09-02,2026-09-02 21:38:14,DISPUTED
TAP-20260902-00740,00114,Lumen Wireless,00106,Fjord Telecom,MOC,001060000000008,15,6.5881,0.9882,2026-09-02,2026-09-02 16:36:29,ACCEPTED
TAP-20260902-00741,00103,Cinder Wireless,00112,Juniper Mobile,MTC,001120000000005,13,2.4705,0.3706,2026-09-02,2026-09-02 15:45:35,ACCEPTED
TAP-20260902-00742,00108,Harbor Wireless,00107,Granite Mobile,MTC,001070000000015,32,6.0680,0.9102,2026-09-02,2026-09-02 10:12:25,ACCEPTED
TAP-20260902-00743,00111,Ivory Cellular,00105,Ember Networks,GPRS,001050000000008,25,0.2546,0.0382,2026-09-02,2026-09-02 15:36:44,ACCEPTED
TAP-20260902-00744,00119,Quartz Mobile,00106,Fjord Telecom,GPRS,001060000000001,71,0.7660,0.1149,2026-09-02,2026-09-02 13:53:22,ACCEPTED
TAP-20260902-00745,00119,Quartz Mobile,00106,Fjord Telecom,MOC,001060000000007,8,3.3226,0.4984,2026-09-02,2026-09-02 17:19:15,ACCEPTED
TAP-20260902-00746,00106,Fjord Telecom,00119,Quartz Mobile,GPRS,001190000000010,206,2.1820,0.3273,2026-09-02,2026-09-02 03:15:00,ACCEPTED
TAP-20260902-00747,00106,Fjord Telecom,00119,Quartz Mobile,GPRS,001190000000005,155,1.8125,0.2719,2026-09-02,2026-09-02 15:27:01,ACCEPTED
TAP-20260902-00748,00111,Ivory Cellular,00102,Borealis Mobile,SMS_MO,001020000000013,3,0.1665,0.0250,2026-09-02,2026-09-02 03:47:31,ACCEPTED
TAP-20260902-00749,00113,Kestrel Telecom,00102,Borealis Mobile,SMS_MO,001020000000007,11,0.6165,0.0925,2026-09-02,2026-09-02 12:52:00,ACCEPTED
TAP-20260902-00750,00111,Ivory Cellular,00101,Aurora Telecom,MOC,001010000000009,24,9.9984,1.4998,2026-09-02,2026-09-02 14:13:22,ACCEPTED
TAP-20260902-00751,00116,Northwind Mobile,00101,Aurora Telecom,MTC,001010000000001,37,6.1957,0.9294,2026-09-02,2026-09-02 05:02:11,ACCEPTED
TAP-20260902-00752,00119,Quartz Mobile,00106,Fjord Telecom,SMS_MO,001060000000012,1,0.0639,0.0096,2026-09-02,2026-09-02 08:33:14,ACCEPTED
TAP-20260902-00753,00113,Kestrel Telecom,00102,Borealis Mobile,MOC,001020000000005,36,15.6164,2.3425,2026-09-02,2026-09-02 17:46:08,REJECTED
TAP-20260902-00754,00119,Quartz Mobile,00106,Fjord Telecom,GPRS,001060000000012,778,9.2063,1.3809,2026-09-02,2026-09-02 13:34:47,ACCEPTED
TAP-20260902-00755,00111,Ivory Cellular,00102,Borealis Mobile,MOC,001020000000011,6,2.6160,0.3924,2026-09-02,2026-09-02 19:20:39,ACCEPTED
TAP-20260902-00756,00114,Lumen Wireless,00102,Borealis Mobile,MOC,001020000000007,8,3.4226,0.5134,2026-09-02,2026-09-02 21:02:39,ACCEPTED
TAP-20260902-00757,00103,Cinder Wireless,00112,Juniper Mobile,MTC,001120000000001,20,3.6296,0.5444,2026-09-02,2026-09-02 11:13:01,ACCEPTED
TAP-20260902-00758,00101,Aurora Telecom,00111,Ivory Cellular,GPRS,001110000000005,139,1.6460,0.2469,2026-09-02,2026-09-02 20:38:32,ACCEPTED
TAP-20260902-00759,00119,Quartz Mobile,00106,Fjord Telecom,SMS_MO,001060000000004,3,0.1830,0.0274,2026-09-02,2026-09-02 07:16:25,ACCEPTED
TAP-20260902-00760,00106,Fjord Telecom,00119,Quartz Mobile,SMS_MO,001190000000010,3,0.1771,0.0266,2026-09-02,2026-09-02 07:35:56,ACCEPTED
TAP-20260902-00761,00114,Lumen Wireless,00102,Borealis Mobile,GPRS,001020000000013,503,5.1847,0.7777,2026-09-02,2026-09-02 12:28:03,ACCEPTED
TAP-20260902-00762,00116,Northwind Mobile,00101,Aurora Telecom,MOC,001010000000013,21,9.2348,1.3852,2026-09-02,2026-09-02 16:28:00,ACCEPTED
TAP-20260902-00763,00111,Ivory Cellular,00105,Ember Networks,MTC,001050000000013,23,3.8724,0.5809,2026-09-02,2026-09-02 15:11:36,ACCEPTED
TAP-20260902-00764,00111,Ivory Cellular,00102,Borealis Mobile,GPRS,001020000000014,89,0.9400,0.1410,2026-09-02,2026-09-02 18:20:29,ACCEPTED
TAP-20260902-00765,00104,Delta Cell,00113,Kestrel Telecom,MTC,001130000000012,32,5.5697,0.8355,2026-09-02,2026-09-02 23:53:36,ACCEPTED
TAP-20260902-00766,00116,Northwind Mobile,00105,Ember Networks,GPRS,001050000000001,264,3.1340,0.4701,2026-09-02,2026-09-02 04:58:16,ACCEPTED
TAP-20260902-00767,00112,Juniper Mobile,00101,Aurora Telecom,MTC,001010000000002,6,1.1563,0.1734,2026-09-02,2026-09-02 21:52:05,ACCEPTED
TAP-20260902-00768,00113,Kestrel Telecom,00104,Delta Cell,GPRS,001040000000006,632,7.0931,1.0640,2026-09-02,2026-09-02 20:33:44,ACCEPTED
TAP-20260902-00769,00107,Granite Mobile,00108,Harbor Wireless,MTC,001080000000010,24,4.1551,0.6233,2026-09-02,2026-09-02 06:50:27,ACCEPTED
TAP-20260902-00770,00113,Kestrel Telecom,00102,Borealis Mobile,MOC,001020000000005,39,16.0995,2.4149,2026-09-02,2026-09-02 10:16:07,ACCEPTED
TAP-20260902-00771,00106,Fjord Telecom,00119,Quartz Mobile,MOC,001190000000009,16,6.8918,1.0338,2026-09-02,2026-09-02 19:21:36,ACCEPTED
TAP-20260902-00772,00112,Juniper Mobile,00103,Cinder Wireless,GPRS,001030000000004,381,4.0001,0.6000,2026-09-02,2026-09-02 18:15:14,ACCEPTED
TAP-20260902-00773,00106,Fjord Telecom,00119,Quartz Mobile,MOC,001190000000008,33,13.4804,2.0221,2026-09-02,2026-09-02 12:11:30,ACCEPTED
TAP-20260902-00774,00106,Fjord Telecom,00119,Quartz Mobile,MTC,001190000000002,24,4.1142,0.6171,2026-09-02,2026-09-02 14:46:20,ACCEPTED
TAP-20260902-00775,00113,Kestrel Telecom,00104,Delta Cell,MTC,001040000000013,18,3.3721,0.5058,2026-09-02,2026-09-02 10:14:22,ACCEPTED
TAP-20260902-00776,00106,Fjord Telecom,00119,Quartz Mobile,GPRS,001190000000005,146,1.6257,0.2439,2026-09-02,2026-09-02 07:12:22,ACCEPTED
TAP-20260902-00777,00103,CINDER WIRELESS,00112,Juniper Mobile,MTC,001120000000001,33,6.0091,0.9014,2026-09-02,2026-09-02 04:45:02,ACCEPTED
TAP-20260902-00778,00106,Fjord Telecom,00119,Quartz Mobile,GPRS,001190000000003,315,3.2857,0.4929,2026-09-02,2026-09-02 12:54:30,ACCEPTED
TAP-20260902-00779,00106,Fjord Telecom,00119,Quartz Mobile,MOC,001190000000011,19,7.6009,1.1401,2026-09-02,2026-09-02 11:41:57,ACCEPTED
TAP-20260902-00780,00113,Kestrel Telecom,00102,Borealis Mobile,GPRS,001020000000001,640,7.4234,1.1135,2026-09-02,2026-09-02 04:31:54,REJECTED
TAP-20260902-00781,00106,Fjord Telecom,00119,Quartz Mobile,GPRS,001190000000003,390,4.0747,0.6112,2026-09-02,2026-09-02 12:43:47,DISPUTED
TAP-20260902-00782,00111,Ivory Cellular,00101,Aurora Telecom,MOC,001010000000005,37,15.6318,2.3448,2026-09-02,2026-09-02 08:30:26,ACCEPTED
TAP-20260902-00783,00116,Northwind Mobile,00101,Aurora Telecom,GPRS,001010000000010,303,11.0962,1.6644,2026-09-02,2026-09-02 00:49:07,ACCEPTED
TAP-20260902-00784,00107,Granite Mobile,00108,Harbor Wireless,MTC,001080000000014,19,3.2500,0.4875,2026-09-02,2026-09-02 17:08:30,ACCEPTED
TAP-20260902-00785,00114,Lumen Wireless,00102,Borealis Mobile,GPRS,001020000000004,855,9.3253,1.3988,2026-09-02,2026-09-02 01:29:40,ACCEPTED
TAP-20260902-00786,00107,Granite Mobile,00108,Harbor Wireless,GPRS,001080000000010,564,5.8359,0.8754,2026-09-02,2026-09-02 03:16:45,ACCEPTED
TAP-20260902-00787,00104,Delta Cell,00113,Kestrel Telecom,MTC,001130000000008,25,4.6038,0.6906,2026-09-02,2026-09-02 09:04:47,ACCEPTED
TAP-20260902-00788,00119,Quartz Mobile,00106,Fjord Telecom,MOC,001060000000009,2,0.8754,0.1313,2026-09-02,2026-09-02 18:29:42,ACCEPTED
TAP-20260902-00789,00113,Kestrel Telecom,00104,Delta Cell,GPRS,001040000000005,600,6.9518,1.0428,2026-09-02,2026-09-02 04:00:40,ACCEPTED
TAP-20260902-00790,00111,Ivory Cellular,00101,Aurora Telecom,MTC,001010000000013,6,1.1152,0.1673,2026-09-02,2026-09-02 19:55:21,ACCEPTED
TAP-20260902-00791,00116,Northwind Mobile,00101,Aurora Telecom,GPRS,001010000000011,268,9.6631,1.4495,2026-09-02,2026-09-02 04:52:28,ACCEPTED
TAP-20260902-00792,00116,Northwind Mobile,00101,Aurora Telecom,MOC,001010000000004,34,14.0683,2.1102,2026-09-02,2026-09-02 11:05:50,ACCEPTED
TAP-20260902-00793,00106,Fjord Telecom,00119,Quartz Mobile,SMS_MO,001190000000013,1,0.0560,0.0084,2026-09-02,2026-09-02 11:29:44,ACCEPTED
TAP-20260902-00794,00112,Juniper Mobile,00107,Granite Mobile,GPRS,001070000000009,714,8.1942,1.2291,2026-09-02,2026-09-02 12:47:18,ACCEPTED
TAP-20260902-00795,00106,Fjord Telecom,00119,Quartz Mobile,MOC,001190000000015,34,14.3004,2.1451,2026-09-02,2026-09-02 07:18:21,ACCEPTED
TAP-20260902-00796,00104,Delta Cell,00113,Kestrel Telecom,MTC,001130000000001,10,1.8505,0.2776,2026-09-02,2026-09-02 19:48:49,ACCEPTED
TAP-20260902-00797,00107,Granite Mobile,00105,Ember Networks,SMS_MO,001050000000008,5,0.3105,0.0466,2026-09-02,2026-09-02 06:42:31,ACCEPTED
TAP-20260902-00798,00119,Quartz Mobile,00106,Fjord Telecom,MTC,001060000000006,8,1.3856,0.2078,2026-09-02,2026-09-02 22:16:06,ACCEPTED
TAP-20260902-00799,00104,Delta Cell,00113,Kestrel Telecom,GPRS,001130000000001,461,5.4328,0.8149,2026-09-02,2026-09-02 02:33:54,ACCEPTED
TAP-20260902-00800,00113,Kestrel Telecom,00108,Harbor Wireless,SMS_MO,001080000000015,3,0.1795,0.0269,2026-09-02,2026-09-02 11:13:00,REJECTED
TAP-20260902-00801,00116,Northwind Mobile,00105,Ember Networks,MOC,001050000000004,38,15.2235,2.2835,2026-09-02,2026-09-02 19:15:31,ACCEPTED
TAP-20260902-00802,00107,Granite Mobile,00108,Harbor Wireless,GPRS,001080000000008,900,10.1776,1.5266,2026-09-02,2026-09-02 01:36:02,ACCEPTED
TAP-20260902-00803,00119,Quartz Mobile,00106,Fjord Telecom,SMS_MO,001060000000004,5,0.3187,0.0478,2026-09-02,2026-09-02 23:41:18,ACCEPTED
TAP-20260902-00804,00108,Harbor Wireless,00107,Granite Mobile,MOC,001070000000006,38,17.2343,2.5851,2026-09-02,2026-09-02 01:09:34,ACCEPTED
TAP-20260902-00805,00106,Fjord Telecom,00119,Quartz Mobile,SMS_MO,001190000000006,3,0.1667,0.0250,2026-09-02,2026-09-02 13:23:19,ACCEPTED
TAP-20260902-00806,00119,Quartz Mobile,00106,Fjord Telecom,MOC,001060000000006,29,11.5150,1.7272,2026-09-02,2026-09-02 14:10:57,ACCEPTED
TAP-20260902-00807,00119,Quartz Mobile,00106,Fjord Telecom,SMS_MO,001060000000006,6,0.3529,0.0529,2026-09-02,2026-09-02 07:37:38,ACCEPTED
TAP-20260902-00808,00112,Juniper Mobile,00103,CINDER WIRELESS,GPRS,001030000000012,737,7.5459,1.1319,2026-09-02,2026-09-02 21:47:27,ACCEPTED
TAP-20260902-00809,00107,Granite Mobile,00108,Harbor Wireless,SMS_MO,001080000000003,1,0.0580,0.0087,2026-09-02,2026-09-02 05:33:37,ACCEPTED
TAP-20260902-00810,00101,Aurora Telecom,00111,Ivory Cellular,GPRS,001110000000005,120,1.2949,0.1942,2026-09-02,2026-09-02 09:10:59,ACCEPTED
TAP-20260902-00811,00114,Lumen Wireless,00106,Fjord Telecom,MTC,001060000000010,16,3.0105,0.4516,2026-09-02,2026-09-02 22:58:23,ACCEPTED
TAP-20260902-00812,00119,Quartz Mobile,00106,Fjord Telecom,MOC,001060000000011,21,8.4132,1.2620,2026-09-02,2026-09-02 14:47:25,ACCEPTED
TAP-20260902-00813,00106,Fjord Telecom,00119,Quartz Mobile,SMS_MO,001190000000004,3,0.1897,0.0285,2026-09-02,2026-09-02 11:11:42,ACCEPTED
TAP-20260902-00814,00116,Northwind Mobile,00101,Aurora Telecom,GPRS,001010000000012,434,14.1727,2.1259,2026-09-02,2026-09-02 06:44:34,ACCEPTED
TAP-20260902-00815,00119,Quartz Mobile,00106,Fjord Telecom,MTC,001060000000001,5,0.9460,0.1419,2026-09-02,2026-09-02 07:43:40,ACCEPTED
TAP-20260902-00816,00106,Fjord Telecom,00119,Quartz Mobile,MOC,001190000000009,9,3.8780,0.5817,2026-09-02,2026-09-02 21:00:00,ACCEPTED
TAP-20260902-00817,00116,Northwind Mobile,00103,Cinder Wireless,GPRS,001030000000013,837,9.1202,1.3680,2026-09-02,2026-09-02 20:15:33,ACCEPTED
TAP-20260902-00818,00116,Northwind Mobile,00101,Aurora Telecom,MTC,001010000000012,32,5.6433,0.8465,2026-09-02,2026-09-02 13:33:06,ACCEPTED
TAP-20260902-00819,00112,Juniper Mobile,00101,Aurora Telecom,GPRS,001010000000006,243,2.7286,0.4093,2026-09-02,2026-09-02 12:26:00,ACCEPTED
TAP-20260902-00820,00111,Ivory Cellular,00105,Ember Networks,GPRS,001050000000014,328,3.8456,0.5768,2026-09-02,2026-09-02 02:42:12,ACCEPTED
TAP-20260902-00821,00102,Borealis Mobile,00114,Lumen Wireless,GPRS,001140000000004,789,8.0732,1.2110,2026-09-02,2026-09-02 12:47:01,ACCEPTED
TAP-20260902-00822,00106,Fjord Telecom,00119,Quartz Mobile,GPRS,001190000000005,836,8.5695,1.2854,2026-09-02,2026-09-02 02:37:13,ACCEPTED
TAP-20260902-00823,00112,Juniper Mobile,00103,Cinder Wireless,MOC,001030000000006,10,3.9592,0.5939,2026-09-02,2026-09-02 21:00:38,ACCEPTED
TAP-20260902-00824,00116,Northwind Mobile,00105,Ember Networks,MOC,001050000000003,23,9.3209,1.3981,2026-09-02,2026-09-02 03:29:46,ACCEPTED
TAP-20260902-00825,00113,Kestrel Telecom,00104,Delta Cell,MOC,001040000000002,27,11.6085,1.7413,2026-09-02,2026-09-02 17:12:17,ACCEPTED
TAP-20260902-00826,00107,Granite Mobile,00108,Harbor Wireless,GPRS,001080000000005,717,8.0881,1.2132,2026-09-02,2026-09-02 12:57:49,ACCEPTED
TAP-20260902-00827,00114,Lumen Wireless,00106,Fjord Telecom,MOC,001060000000011,4,1.7772,0.2666,2026-09-02,2026-09-02 11:17:56,ACCEPTED
TAP-20260902-00828,00103,Cinder Wireless,00112,Juniper Mobile,MTC,001120000000010,9,1.5955,0.2393,2026-09-02,2026-09-02 18:35:02,ACCEPTED
TAP-20260902-00829,00108,Harbor Wireless,00107,Granite Mobile,SMS_MO,001070000000015,11,0.6542,0.0981,2026-09-02,2026-09-02 11:11:44,ACCEPTED
TAP-20260902-00830,00112,Juniper Mobile,00103,Cinder Wireless,GPRS,001030000000010,577,6.0736,0.9110,2026-09-02,2026-09-02 04:05:09,ACCEPTED
TAP-20260902-00831,00119,Quartz Mobile,00106,Fjord Telecom,GPRS,001060000000004,634,6.9291,1.0394,2026-09-02,2026-09-02 20:52:22,ACCEPTED
TAP-20260902-00832,00114,Lumen Wireless,00106,Fjord Telecom,SMS_MO,001060000000013,6,0.3757,0.0564,2026-09-02,2026-09-02 19:21:18,ACCEPTED
TAP-20260902-00833,00106,Fjord Telecom,00119,Quartz Mobile,GPRS,001190000000003,371,4.3312,0.6497,2026-09-02,2026-09-02 17:31:56,ACCEPTED
TAP-20260902-00834,00112,Juniper Mobile,00101,Aurora Telecom,MTC,001010000000008,22,4.2270,0.6341,2026-09-02,2026-09-02 19:28:30,ACCEPTED
TAP-20260902-00835,00116,Northwind Mobile,00101,Aurora Telecom,MOC,001010000000011,20,8.3246,1.2487,2026-09-02,2026-09-02 17:54:50,ACCEPTED
TAP-20260902-00836,00111,Ivory Cellular,00101,Aurora Telecom,GPRS,001010000000012,642,6.6694,1.0004,2026-09-02,2026-09-02 19:11:07,ACCEPTED
TAP-20260902-00837,00119,Quartz Mobile,00106,Fjord Telecom,MOC,001060000000012,30,12.5285,1.8793,2026-09-02,2026-09-02 15:04:46,ACCEPTED
TAP-20260902-00838,00107,Granite Mobile,00108,Harbor Wireless,GPRS,001080000000011,717,7.3596,1.1039,2026-09-02,2026-09-02 21:24:34,ACCEPTED
TAP-20260902-00839,00119,Quartz Mobile,00106,Fjord Telecom,MOC,001060000000004,12,5.1714,0.7757,2026-09-02,2026-09-02 02:02:06,ACCEPTED
TAP-20260902-00840,00101,Aurora Telecom,00111,Ivory Cellular,MOC,001110000000004,3,1.1936,0.1790,2026-09-02,2026-09-02 13:00:02,ACCEPTED
TAP-20260902-00841,00119,Quartz Mobile,00106,Fjord Telecom,GPRS,001060000000010,210,2.4914,0.3737,2026-09-02,2026-09-02 18:40:40,ACCEPTED
TAP-20260902-00842,00119,Quartz Mobile,00103,Cinder  Wireless,MOC,001030000000015,31,13.9870,2.0980,2026-09-02,2026-09-02 07:26:21,ACCEPTED
TAP-20260902-00843,00111,Ivory Cellular,00101,Aurora Telecom,MTC,001010000000014,31,5.1883,0.7782,2026-09-02,2026-09-02 10:54:52,ACCEPTED
TAP-20260902-00844,00112,Juniper Mobile,00103,CINDER WIRELESS,MTC,001030000000007,24,4.5234,0.6785,2026-09-02,2026-09-02 18:08:06,ACCEPTED
TAP-20260902-00845,00111,Ivory Cellular,00102,Borealis Mobile,GPRS,001020000000005,169,1.9957,0.2994,2026-09-02,2026-09-02 02:49:01,ACCEPTED
TAP-20260902-00846,00113,Kestrel Telecom,00108,Harbor Wireless,GPRS,001080000000006,504,5.6060,0.8409,2026-09-02,2026-09-02 12:03:57,REJECTED
TAP-20260902-00847,00113,Kestrel Telecom,00102,Borealis Mobile,MOC,001020000000006,11,4.4693,0.6704,2026-09-02,2026-09-02 18:35:32,ACCEPTED
TAP-20260902-00848,00116,Northwind Mobile,00101,Aurora Telecom,SMS_MO,001010000000007,5,0.3151,0.0473,2026-09-02,2026-09-02 06:30:55,ACCEPTED
TAP-20260902-00849,00119,Quartz Mobile,00106,Fjord Telecom,SMS_MO,001060000000005,2,0.1225,0.0184,2026-09-02,2026-09-02 04:48:30,ACCEPTED
TAP-20260902-00850,00113,Kestrel Telecom,00108,Harbor Wireless,SMS_MO,001080000000010,2,0.1187,0.0178,2026-09-02,2026-09-02 18:20:05,REJECTED
TAP-20260902-00851,00108,Harbor Wireless,00107,Granite Mobile,GPRS,001070000000012,752,7.6879,1.1532,2026-09-02,2026-09-02 18:22:37,ACCEPTED
TAP-20260902-00852,00103,Cinder Wireless.,00112,Juniper Mobile,SMS_MO,001120000000004,9,0.5209,0.0781,2026-09-02,2026-09-02 17:31:24,ACCEPTED
TAP-20260902-00853,00107,Granite Mobile,00108,Harbor Wireless,GPRS,001080000000004,367,4.2222,0.6333,2026-09-02,2026-09-02 21:44:20,ACCEPTED
TAP-20260902-00854,00114,Lumen Wireless,00106,Fjord Telecom,MTC,001060000000012,32,6.1469,0.9220,2026-09-02,2026-09-02 15:45:47,ACCEPTED
TAP-20260902-00855,00112,Juniper Mobile,00101,Aurora Telecom,SMS_MO,001010000000005,6,0.3323,0.0498,2026-09-02,2026-09-02 01:10:23,ACCEPTED
TAP-20260902-00856,00116,Northwind Mobile,00101,Aurora Telecom,MOC,001010000000004,32,13.8107,2.0716,2026-09-02,2026-09-02 01:52:32,ACCEPTED
TAP-20260902-00857,00107,Granite Mobile,00108,Harbor Wireless,MOC,001080000000008,20,8.1890,1.2284,2026-09-02,2026-09-02 02:39:35,ACCEPTED
TAP-20260902-00858,00106,Fjord Telecom,00119,Quartz Mobile,MTC,001190000000012,19,3.3241,0.4986,2026-09-02,2026-09-02 06:35:03,ACCEPTED
TAP-20260902-00859,00112,Juniper Mobile,00103,CINDER WIRELESS,GPRS,001030000000010,499,5.7217,0.8583,2026-09-02,2026-09-02 12:50:08,ACCEPTED
TAP-20260902-00860,00119,Quartz Mobile,00106,Fjord Telecom,MTC,001060000000014,28,5.2185,0.7828,2026-09-02,2026-09-02 19:21:17,ACCEPTED
TAP-20260902-00861,00112,Juniper Mobile,00103,CINDER WIRELESS,GPRS,001030000000005,55,0.6022,0.0903,2026-09-02,2026-09-02 17:05:45,ACCEPTED
TAP-20260902-00862,00112,Juniper Mobile,00103,Cinder Wireless,MOC,001030000000001,29,11.6870,1.7530,2026-09-02,2026-09-02 21:33:49,ACCEPTED
TAP-20260902-00863,00107,Granite Mobile,00108,Harbor Wireless,MTC,001080000000013,8,1.4768,0.2215,2026-09-02,2026-09-02 20:29:47,ACCEPTED
TAP-20260902-00864,00113,Kestrel Telecom,00102,Borealis Mobile,MTC,001020000000008,39,7.2635,1.0895,2026-09-02,2026-09-02 19:25:42,ACCEPTED
TAP-20260902-00865,00116,Northwind Mobile,00101,Aurora Telecom,GPRS,001010000000011,843,30.6176,4.5926,2026-09-02,2026-09-02 05:11:27,ACCEPTED
TAP-20260902-00866,00113,Kestrel Telecom,00102,Borealis Mobile,SMS_MO,001020000000005,5,0.3230,0.0485,2026-09-02,2026-09-02 02:02:23,REJECTED
TAP-20260902-00867,00107,Granite Mobile,00108,Harbor Wireless,MOC,001080000000005,7,3.0875,0.4631,2026-09-02,2026-09-02 03:31:34,ACCEPTED
TAP-20260902-00868,00119,Quartz Mobile,00106,Fjord Telecom,MTC,001060000000005,24,4.1504,0.6226,2026-09-02,2026-09-02 23:03:57,ACCEPTED
TAP-20260902-00869,00113,Kestrel Telecom,00104,Delta Cell,GPRS,001040000000014,745,7.6305,1.1446,2026-09-02,2026-09-02 01:26:06,REJECTED
TAP-20260902-00870,00112,Juniper Mobile,00103,CINDER WIRELESS,MOC,001030000000003,14,6.2858,0.9429,2026-09-02,2026-09-02 19:27:59,ACCEPTED
TAP-20260902-00871,00108,Harbor Wireless,00107,Granite Mobile,MOC,001070000000005,17,6.7293,1.0094,2026-09-02,2026-09-02 22:26:35,ACCEPTED
TAP-20260902-00872,00116,Northwind Mobile,00105,Ember Networks,MOC,001050000000003,4,1.8132,0.2720,2026-09-02,2026-09-02 02:59:47,ACCEPTED
TAP-20260902-00873,00103,CINDER WIRELESS,00112,Juniper Mobile,SMS_MO,001120000000005,5,0.3107,0.0466,2026-09-02,2026-09-02 11:46:53,ACCEPTED
TAP-20260902-00874,00102,Borealis Mobile,00114,Lumen Wireless,GPRS,001140000000002,326,3.7587,0.5638,2026-09-02,2026-09-02 06:13:20,ACCEPTED
TAP-20260902-00875,00119,Quartz Mobile,00106,Fjord Telecom,MOC,001060000000015,15,6.7724,1.0159,2026-09-02,2026-09-02 12:36:49,ACCEPTED
TAP-20260902-00876,00119,Quartz Mobile,00103,Cinder Wireless,MTC,001030000000015,11,1.8426,0.2764,2026-09-02,2026-09-02 01:22:21,ACCEPTED
TAP-20260902-00877,00111,Ivory Cellular,00101,Aurora Telecom,MTC,001010000000006,34,6.5996,0.9899,2026-09-02,2026-09-02 23:11:12,DISPUTED
TAP-20260902-00878,00114,Lumen Wireless,00104,Delta Cell,GPRS,001040000000003,745,8.3008,1.2451,2026-09-02,2026-09-02 16:37:27,ACCEPTED
TAP-20260902-00879,00113,Kestrel Telecom,00102,Borealis Mobile,SMS_MO,001020000000004,1,0.0606,0.0091,2026-09-02,2026-09-02 20:24:30,ACCEPTED
TAP-20260902-00880,00101,Aurora Telecom,00111,Ivory Cellular,MOC,001110000000005,37,14.3650,2.1547,2026-09-02,2026-09-02 22:12:32,ACCEPTED
TAP-20260902-00881,00111,Ivory Cellular,00102,Borealis Mobile,GPRS,001020000000013,808,9.1655,1.3748,2026-09-02,2026-09-02 09:32:10,ACCEPTED
TAP-20260902-00882,00119,Quartz Mobile,00103,Cinder Wireless,MTC,001030000000001,4,0.7544,0.1132,2026-09-02,2026-09-02 23:11:35,ACCEPTED
TAP-20260902-00883,00104,Delta Cell,00113,Kestrel Telecom,MOC,001130000000001,27,10.8625,1.6294,2026-09-02,2026-09-02 22:14:12,ACCEPTED
TAP-20260902-00884,00112,Juniper Mobile,00101,Aurora Telecom,GPRS,001010000000001,279,3.0727,0.4609,2026-09-02,2026-09-02 01:14:39,ACCEPTED
TAP-20260902-00885,00114,Lumen Wireless,00102,Borealis Mobile,GPRS,001020000000006,869,9.2464,1.3870,2026-09-02,2026-09-02 09:09:22,ACCEPTED
TAP-20260902-00886,00113,Kestrel Telecom,00104,Delta Cell,MTC,001040000000001,34,6.1579,0.9237,2026-09-02,2026-09-02 08:30:10,ACCEPTED
TAP-20260902-00887,00112,Juniper Mobile,00103,Cinder Wireless,SMS_MO,001030000000010,8,0.4710,0.0706,2026-09-02,2026-09-02 19:16:21,ACCEPTED
TAP-20260902-00888,00107,Granite Mobile,00108,Harbor Wireless,GPRS,001080000000009,761,8.3913,1.2587,2026-09-02,2026-09-02 08:00:32,ACCEPTED
TAP-20260902-00889,00116,Northwind Mobile,00103,Cinder Wireless.,GPRS,001030000000002,572,6.1347,0.9202,2026-09-02,2026-09-02 18:20:38,ACCEPTED
TAP-20260902-00890,00114,Lumen Wireless,00104,Delta Cell,MTC,001040000000013,24,4.6210,0.6932,2026-09-02,2026-09-02 19:25:32,ACCEPTED
TAP-20260902-00891,00111,Ivory Cellular,00102,Borealis Mobile,MOC,001020000000010,16,7.2322,1.0848,2026-09-02,2026-09-02 17:38:50,ACCEPTED
TAP-20260902-00892,00119,Quartz Mobile,00106,Fjord Telecom,MOC,001060000000009,31,13.2227,1.9834,2026-09-02,2026-09-02 09:26:11,ACCEPTED
TAP-20260902-00893,00107,Granite Mobile,00108,Harbor Wireless,GPRS,001080000000014,162,1.7051,0.2558,2026-09-02,2026-09-02 23:15:03,ACCEPTED
TAP-20260902-00894,00119,Quartz Mobile,00106,Fjord Telecom,MOC,001060000000007,22,9.7170,1.4576,2026-09-02,2026-09-02 00:24:39,ACCEPTED
TAP-20260902-00895,00114,Lumen Wireless,00102,Borealis Mobile,SMS_MO,001020000000011,11,0.6509,0.0976,2026-09-02,2026-09-02 13:57:52,DISPUTED
TAP-20260902-00896,00111,Ivory Cellular,00101,Aurora Telecom,GPRS,001010000000007,521,5.8853,0.8828,2026-09-02,2026-09-02 09:51:17,ACCEPTED
TAP-20260902-00897,00104,Delta Cell,00113,Kestrel Telecom,MTC,001130000000003,24,4.0533,0.6080,2026-09-02,2026-09-02 09:37:48,ACCEPTED
TAP-20260902-00898,00112,Juniper Mobile,00107,Granite Mobile,GPRS,001070000000008,397,4.5406,0.6811,2026-09-02,2026-09-02 10:31:56,ACCEPTED
TAP-20260902-00899,00119,Quartz Mobile,00106,Fjord Telecom,GPRS,001060000000013,30,0.3554,0.0533,2026-09-02,2026-09-02 01:24:24,ACCEPTED
TAP-20260902-00900,00113,Kestrel Telecom,00104,Delta Cell,GPRS,001040000000007,431,5.0427,0.7564,2026-09-02,2026-09-02 04:07:10,ACCEPTED
TAP-20260902-00901,00113,Kestrel Telecom,00104,Delta Cell,SMS_MO,001040000000015,9,0.5417,0.0813,2026-09-02,2026-09-02 01:09:25,ACCEPTED
TAP-20260902-00902,00113,Kestrel Telecom,00104,Delta Cell,GPRS,001040000000014,42,0.4455,0.0668,2026-09-02,2026-09-02 10:07:24,ACCEPTED
TAP-20260902-00903,00114,Lumen Wireless,00106,Fjord Telecom,MTC,001060000000007,22,3.6520,0.5478,2026-09-02,2026-09-02 13:33:01,ACCEPTED
TAP-20260902-00904,00112,Juniper Mobile,00101,Aurora Telecom,MOC,001010000000010,11,4.3399,0.6510,2026-09-02,2026-09-02 01:45:16,ACCEPTED
TAP-20260902-00905,00113,Kestrel Telecom,00104,Delta Cell,MOC,001040000000011,15,6.1365,0.9205,2026-09-02,2026-09-02 12:23:50,ACCEPTED
TAP-20260902-00906,00106,Fjord Telecom,00119,Quartz Mobile,MTC,001190000000002,21,4.0346,0.6052,2026-09-02,2026-09-02 06:09:07,ACCEPTED
TAP-20260902-00907,00113,Kestrel Telecom,00102,Borealis Mobile,GPRS,001020000000002,874,9.9877,1.4982,2026-09-02,2026-09-02 16:52:07,REJECTED
TAP-20260902-00908,00113,Kestrel Telecom,00104,Delta Cell,MOC,001040000000002,31,11.9918,1.7988,2026-09-02,2026-09-02 23:39:05,REJECTED
TAP-20260902-00909,00107,Granite Mobile,00105,Ember Networks,MTC,001050000000013,37,6.8196,1.0229,2026-09-02,2026-09-02 16:25:42,ACCEPTED
TAP-20260902-00910,00101,Aurora Telecom,00111,Ivory Cellular,MTC,001110000000009,19,3.4537,0.5181,2026-09-02,2026-09-02 05:05:44,ACCEPTED
TAP-20260902-00911,00108,Harbor Wireless,00107,Granite Mobile,MTC,001070000000001,13,2.1863,0.3279,2026-09-02,2026-09-02 17:26:56,ACCEPTED
TAP-20260902-00912,00113,Kestrel Telecom,00102,Borealis Mobile,MOC,001020000000009,40,16.0514,2.4077,2026-09-02,2026-09-02 13:23:06,ACCEPTED
TAP-20260902-00913,00113,Kestrel Telecom,00102,Borealis Mobile,GPRS,001020000000015,776,8.5075,1.2761,2026-09-02,2026-09-02 20:50:41,ACCEPTED
TAP-20260902-00914,00112,Juniper Mobile,00103,Cinder Wireless,MOC,001030000000012,32,12.4077,1.8612,2026-09-02,2026-09-02 17:19:15,ACCEPTED
TAP-20260902-00915,00113,Kestrel Telecom,00104,Delta Cell,MTC,001040000000008,11,1.8998,0.2850,2026-09-02,2026-09-02 13:48:09,ACCEPTED
TAP-20260902-00916,00119,Quartz Mobile,00106,Fjord Telecom,GPRS,001060000000007,463,5.0430,0.7564,2026-09-02,2026-09-02 00:52:10,ACCEPTED
TAP-20260902-00917,00112,Juniper Mobile,00101,Aurora Telecom,MTC,001010000000002,35,6.3014,0.9452,2026-09-02,2026-09-02 01:04:01,ACCEPTED
TAP-20260902-00918,00119,Quartz Mobile,00103,Cinder Wireless,MTC,001030000000006,25,4.5652,0.6848,2026-09-02,2026-09-02 16:10:56,ACCEPTED
TAP-20260902-00919,00116,Northwind Mobile,00101,Aurora Telecom,GPRS,001010000000005,195,6.6589,0.9988,2026-09-02,2026-09-02 10:13:42,ACCEPTED
TAP-20260902-00920,00106,Fjord Telecom,00119,Quartz Mobile,MTC,001190000000014,24,4.2549,0.6382,2026-09-02,2026-09-02 13:26:28,ACCEPTED
TAP-20260902-00921,00119,Quartz Mobile,00106,Fjord Telecom,GPRS,001060000000010,817,8.9699,1.3455,2026-09-02,2026-09-02 10:43:22,ACCEPTED
TAP-20260902-00922,00112,Juniper Mobile,00103,Cinder Wireless,MTC,001030000000002,10,1.7975,0.2696,2026-09-02,2026-09-02 21:59:08,ACCEPTED
TAP-20260902-00923,00101,Aurora Telecom,00111,Ivory Cellular,MTC,001110000000002,38,6.3078,0.9462,2026-09-02,2026-09-02 23:11:43,ACCEPTED
TAP-20260902-00924,00111,Ivory Cellular,00102,Borealis Mobile,MOC,001020000000012,16,6.3661,0.9549,2026-09-02,2026-09-02 05:58:48,ACCEPTED
TAP-20260902-00925,00111,Ivory Cellular,00105,Ember Networks,MTC,001050000000010,28,4.7583,0.7137,2026-09-02,2026-09-02 14:26:51,ACCEPTED
TAP-20260902-00926,00116,Northwind Mobile,00101,Aurora Telecom,MTC,001010000000007,15,2.6669,0.4000,2026-09-02,2026-09-02 22:42:46,ACCEPTED
TAP-20260902-00927,00111,Ivory Cellular,00102,Borealis Mobile,GPRS,001020000000004,53,0.5708,0.0856,2026-09-02,2026-09-02 05:52:32,ACCEPTED
TAP-20260902-00928,00119,Quartz Mobile,00106,Fjord Telecom,GPRS,001060000000007,586,6.6236,0.9935,2026-09-02,2026-09-02 12:06:34,DISPUTED
TAP-20260902-00929,00119,Quartz Mobile,00103,Cinder Wireless,SMS_MO,001030000000006,1,0.0638,0.0096,2026-09-02,2026-09-02 07:35:37,ACCEPTED
TAP-20260902-00930,00104,Delta Cell,00113,Kestrel Telecom,GPRS,001130000000003,132,1.4872,0.2231,2026-09-02,2026-09-02 08:42:17,ACCEPTED
TAP-20260902-00931,00103,CINDER WIRELESS,00112,Juniper Mobile,GPRS,001120000000013,172,1.8630,0.2794,2026-09-02,2026-09-02 17:01:06,ACCEPTED
TAP-20260902-00932,00113,Kestrel Telecom,00104,Delta Cell,MTC,001040000000006,32,5.8629,0.8794,2026-09-02,2026-09-02 03:50:36,REJECTED
TAP-20260902-00933,00106,Fjord Telecom,00119,Quartz Mobile,MTC,001190000000007,27,4.7252,0.7088,2026-09-02,2026-09-02 20:07:21,DISPUTED
TAP-20260902-00934,00116,Northwind Mobile,00101,Aurora Telecom,GPRS,001010000000009,800,27.1786,4.0768,2026-09-02,2026-09-02 18:25:54,ACCEPTED
TAP-20260902-00935,00116,Northwind Mobile,00101,Aurora Telecom,MOC,001010000000012,14,5.7526,0.8629,2026-09-02,2026-09-02 22:49:53,ACCEPTED
TAP-20260902-00936,00106,Fjord Telecom,00119,Quartz Mobile,SMS_MO,001190000000003,8,0.4753,0.0713,2026-09-02,2026-09-02 21:42:12,ACCEPTED
TAP-20260902-00937,00107,Granite Mobile,00108,Harbor Wireless,MOC,001080000000002,32,14.2711,2.1407,2026-09-02,2026-09-02 00:52:52,ACCEPTED
TAP-20260902-00938,00111,Ivory Cellular,00105,Ember Networks,MOC,001050000000004,22,9.7902,1.4685,2026-09-02,2026-09-02 12:03:24,ACCEPTED
TAP-20260902-00939,00113,Kestrel Telecom,00102,Borealis Mobile,MTC,001020000000009,28,4.9971,0.7496,2026-09-02,2026-09-02 16:47:14,ACCEPTED
TAP-20260902-00940,00113,Kestrel Telecom,00102,Borealis Mobile,MTC,001020000000002,5,0.9084,0.1363,2026-09-02,2026-09-02 06:09:07,ACCEPTED
TAP-20260902-00941,00119,Quartz Mobile,00106,Fjord Telecom,GPRS,001060000000011,620,6.3874,0.9581,2026-09-02,2026-09-02 23:57:45,ACCEPTED
TAP-20260902-00942,00106,Fjord Telecom,00119,Quartz Mobile,GPRS,001190000000013,217,2.4187,0.3628,2026-09-02,2026-09-02 21:53:12,ACCEPTED
TAP-20260902-00943,00111,Ivory Cellular,00101,Aurora Telecom,MTC,001010000000009,30,5.8133,0.8720,2026-09-02,2026-09-02 04:51:09,ACCEPTED
TAP-20260902-00944,00113,Kestrel Telecom,00108,Harbor Wireless,GPRS,001080000000003,101,1.0472,0.1571,2026-09-02,2026-09-02 13:05:03,ACCEPTED
TAP-20260902-00945,00104,Delta Cell,00113,Kestrel Telecom,MTC,001130000000001,24,4.6638,0.6996,2026-09-02,2026-09-02 17:33:06,ACCEPTED
TAP-20260902-00946,00112,Juniper Mobile,00101,Aurora Telecom,GPRS,001010000000015,152,1.7512,0.2627,2026-09-02,2026-09-02 07:32:05,ACCEPTED
TAP-20260902-00947,00114,Lumen Wireless,00106,Fjord Telecom,GPRS,001060000000010,376,4.2713,0.6407,2026-09-02,2026-09-02 18:01:24,ACCEPTED
TAP-20260902-00948,00111,Ivory Cellular,00102,Borealis Mobile,SMS_MO,001020000000005,6,0.3554,0.0533,2026-09-02,2026-09-02 03:08:33,ACCEPTED
TAP-20260902-00949,00113,Kestrel Telecom,00104,Delta Cell,MOC,001040000000009,38,16.4272,2.4641,2026-09-02,2026-09-02 06:51:24,ACCEPTED
TAP-20260902-00950,00116,Northwind Mobile,00103,Cinder Wireless,GPRS,001030000000010,529,5.6513,0.8477,2026-09-02,2026-09-02 20:28:33,ACCEPTED
TAP-20260902-00951,00107,Granite Mobile,00108,Harbor Wireless,MTC,001080000000014,38,7.0957,1.0644,2026-09-02,2026-09-02 15:50:53,ACCEPTED
TAP-20260902-00952,00113,Kestrel Telecom,00104,Delta Cell,MTC,001040000000011,28,4.8694,0.7304,2026-09-02,2026-09-02 08:33:50,ACCEPTED
TAP-20260902-00953,00119,Quartz Mobile,00106,Fjord Telecom,MTC,001060000000004,23,4.2507,0.6376,2026-09-02,2026-09-02 06:09:29,ACCEPTED
TAP-20260902-00954,00108,Harbor Wireless,00107,Granite Mobile,MTC,001070000000009,33,5.7771,0.8666,2026-09-02,2026-09-02 14:57:29,ACCEPTED
TAP-20260902-00955,00119,Quartz Mobile,00106,Fjord Telecom,MTC,001060000000013,12,2.2405,0.3361,2026-09-02,2026-09-02 12:44:48,ACCEPTED
TAP-20260902-00956,00116,Northwind Mobile,00105,Ember Networks,GPRS,001050000000013,423,4.4978,0.6747,2026-09-02,2026-09-02 00:34:34,ACCEPTED
TAP-20260902-00957,00111,Ivory Cellular,00101,Aurora Telecom,MOC,001010000000006,24,10.5976,1.5896,2026-09-02,2026-09-02 12:49:21,ACCEPTED
TAP-20260902-00958,00106,Fjord Telecom,00119,Quartz Mobile,GPRS,001190000000010,715,8.2271,1.2341,2026-09-02,2026-09-02 18:39:55,ACCEPTED
TAP-20260902-00959,00116,Northwind Mobile,00101,Aurora Telecom,MTC,001010000000007,22,4.2484,0.6373,2026-09-02,2026-09-02 04:14:41,ACCEPTED
TAP-20260902-00960,00116,Northwind Mobile,00105,Ember Networks,MOC,001050000000012,23,9.8092,1.4714,2026-09-02,2026-09-02 15:23:13,ACCEPTED
TAP-20260902-00961,00101,Aurora Telecom,00111,Ivory Cellular,MTC,001110000000005,27,4.8820,0.7323,2026-09-02,2026-09-02 03:09:09,ACCEPTED
TAP-20260902-00962,00101,Aurora Telecom,00111,Ivory Cellular,MTC,001110000000014,19,3.6160,0.5424,2026-09-02,2026-09-02 07:47:34,ACCEPTED
TAP-20260902-00963,00108,Harbor Wireless,00107,Granite Mobile,MOC,001070000000015,33,13.5585,2.0338,2026-09-02,2026-09-02 11:07:38,ACCEPTED
TAP-20260902-00964,00119,Quartz Mobile,00106,Fjord Telecom,MTC,001060000000002,21,3.9627,0.5944,2026-09-02,2026-09-02 22:01:55,DISPUTED
TAP-20260902-00965,00114,Lumen Wireless,00104,Delta Cell,MOC,001040000000007,20,8.6352,1.2953,2026-09-02,2026-09-02 10:09:49,ACCEPTED
TAP-20260902-00966,00106,Fjord Telecom,00119,Quartz Mobile,MOC,001190000000011,7,3.0909,0.4636,2026-09-02,2026-09-02 01:04:17,ACCEPTED
TAP-20260902-00967,00111,Ivory Cellular,00101,Aurora Telecom,GPRS,001010000000002,539,6.3354,0.9503,2026-09-02,2026-09-02 08:32:02,ACCEPTED
TAP-20260902-00968,00119,Quartz Mobile,00106,Fjord Telecom,SMS_MO,001060000000001,4,0.2247,0.0337,2026-09-02,2026-09-02 11:02:38,ACCEPTED
TAP-20260902-00969,00112,Juniper Mobile,00103,Cinder Wireless,MOC,001030000000009,35,15.5753,2.3363,2026-09-02,2026-09-02 13:36:46,ACCEPTED
TAP-20260902-00970,00113,Kestrel Telecom,00104,Delta Cell,MOC,001040000000010,30,13.1873,1.9781,2026-09-02,2026-09-02 18:05:20,REJECTED
TAP-20260902-00971,00112,Juniper Mobile,00103,Cinder Wireless,MOC,001030000000003,38,16.3073,2.4461,2026-09-02,2026-09-02 06:24:24,ACCEPTED
TAP-20260902-00972,00114,Lumen Wireless,00106,Fjord Telecom,SMS_MO,001060000000004,7,0.3903,0.0585,2026-09-02,2026-09-02 09:49:11,ACCEPTED
TAP-20260902-00973,00113,Kestrel Telecom,00104,Delta Cell,GPRS,001040000000003,246,2.5305,0.3796,2026-09-02,2026-09-02 08:26:21,ACCEPTED
TAP-20260902-00974,00114,Lumen Wireless,00106,Fjord Telecom,MTC,001060000000012,24,4.1252,0.6188,2026-09-02,2026-09-02 17:32:13,ACCEPTED
TAP-20260902-00975,00108,Harbor Wireless,00107,Granite Mobile,GPRS,001070000000008,847,9.0519,1.3578,2026-09-02,2026-09-02 05:57:54,ACCEPTED
TAP-20260902-00976,00106,Fjord Telecom,00119,Quartz Mobile,SMS_MO,001190000000012,7,0.4004,0.0601,2026-09-02,2026-09-02 10:11:30,ACCEPTED
TAP-20260902-00977,00112,Juniper Mobile,00101,Aurora Telecom,GPRS,001010000000005,391,4.5986,0.6898,2026-09-02,2026-09-02 16:31:28,ACCEPTED
TAP-20260902-00978,00119,Quartz Mobile,00106,Fjord Telecom,MOC,001060000000015,39,16.0587,2.4088,2026-09-02,2026-09-02 23:44:15,ACCEPTED
TAP-20260902-00979,00107,Granite Mobile,00108,Harbor Wireless,MOC,001080000000011,15,6.3342,0.9501,2026-09-02,2026-09-02 10:51:24,ACCEPTED
TAP-20260902-00980,00103,Cinder Wireless,00112,Juniper Mobile,GPRS,001120000000011,895,10.5461,1.5819,2026-09-02,2026-09-02 22:30:42,ACCEPTED
TAP-20260902-00981,00108,Harbor Wireless,00107,Granite Mobile,GPRS,001070000000011,739,7.7733,1.1660,2026-09-02,2026-09-02 03:40:15,ACCEPTED
TAP-20260902-00982,00113,Kestrel Telecom,00104,Delta Cell,MOC,001040000000010,35,13.9862,2.0979,2026-09-02,2026-09-02 01:12:30,REJECTED
TAP-20260902-00983,00107,Granite Mobile,00108,Harbor Wireless,MTC,001080000000011,6,1.0290,0.1543,2026-09-02,2026-09-02 03:24:35,ACCEPTED
TAP-20260902-00984,00113,Kestrel Telecom,00104,Delta Cell,SMS_MO,001040000000002,7,0.4128,0.0619,2026-09-02,2026-09-02 14:29:27,ACCEPTED
TAP-20260902-00985,00106,Fjord Telecom,00119,Quartz Mobile,MTC,001190000000008,34,6.5754,0.9863,2026-09-02,2026-09-02 06:37:01,ACCEPTED
TAP-20260902-00986,00116,Northwind Mobile,00105,Ember Networks,MOC,001050000000014,34,14.7969,2.2195,2026-09-02,2026-09-02 17:31:52,ACCEPTED
TAP-20260902-00987,00104,Delta Cell,00113,Kestrel Telecom,MOC,001130000000002,7,2.8904,0.4336,2026-09-02,2026-09-02 05:00:06,ACCEPTED
TAP-20260902-00988,00111,Ivory Cellular,00102,Borealis Mobile,MOC,001020000000014,36,16.0924,2.4139,2026-09-02,2026-09-02 19:29:40,ACCEPTED
TAP-20260902-00989,00113,Kestrel Telecom,00108,Harbor Wireless,SMS_MO,001080000000001,1,0.0574,0.0086,2026-09-02,2026-09-02 08:37:10,ACCEPTED
TAP-20260902-00990,00111,Ivory Cellular,00101,Aurora Telecom,SMS_MO,001010000000001,2,0.1107,0.0166,2026-09-02,2026-09-02 23:11:07,ACCEPTED
TAP-20260902-00991,00107,Granite Mobile,00108,Harbor Wireless,GPRS,001080000000001,400,4.7447,0.7117,2026-09-02,2026-09-02 12:30:59,ACCEPTED
TAP-20260902-00992,00106,Fjord Telecom,00119,Quartz Mobile,MOC,001190000000014,10,4.5273,0.6791,2026-09-02,2026-09-02 00:02:58,ACCEPTED
TAP-20260902-00993,00106,Fjord Telecom,00119,Quartz Mobile,MOC,001190000000010,2,0.7988,0.1198,2026-09-02,2026-09-02 09:41:10,ACCEPTED
TAP-20260902-00994,00119,Quartz Mobile,00106,Fjord Telecom,MTC,001060000000007,1,0.1766,0.0265,2026-09-02,2026-09-02 08:07:28,ACCEPTED
TAP-20260902-00995,00106,Fjord Telecom,00119,Quartz Mobile,MOC,001190000000006,20,8.9643,1.3446,2026-09-02,2026-09-02 14:08:07,ACCEPTED
TAP-20260902-00996,00108,Harbor Wireless,00107,Granite Mobile,SMS_MO,001070000000003,4,0.2355,0.0353,2026-09-02,2026-09-02 12:51:30,ACCEPTED
TAP-20260902-00997,00108,Harbor Wireless,00107,Granite Mobile,GPRS,001070000000009,656,7.6189,1.1428,2026-09-02,2026-09-02 11:17:11,ACCEPTED
TAP-20260902-00998,00114,Lumen Wireless,00104,Delta Cell,MOC,001040000000009,26,10.4372,1.5656,2026-09-02,2026-09-02 09:21:48,ACCEPTED
TAP-20260902-00999,00119,Quartz Mobile,00106,Fjord Telecom,MOC,001060000000014,15,5.8170,0.8726,2026-09-02,2026-09-02 02:21:22,ACCEPTED
TAP-20260902-01000,00104,Delta Cell,00113,Kestrel Telecom,SMS_MO,001130000000001,2,0.1282,0.0192,2026-09-02,2026-09-02 06:27:03,ACCEPTED
TAP-20260902-01001,00116,Northwind Mobile,00101,Aurora Telecom,MOC,001010000000011,8,3.1124,0.4669,2026-09-02,2026-09-02 18:51:34,ACCEPTED
TAP-20260902-01002,00119,Quartz Mobile,00106,Fjord Telecom,SMS_MO,001060000000012,9,0.5453,0.0818,2026-09-02,2026-09-02 16:09:06,ACCEPTED
TAP-20260902-01003,00113,Kestrel Telecom,00104,Delta Cell,SMS_MO,001040000000014,7,0.4277,0.0642,2026-09-02,2026-09-02 11:49:07,ACCEPTED
TAP-20260902-01004,00107,Granite Mobile,00105,Ember Networks,SMS_MO,001050000000012,12,0.7245,0.1087,2026-09-02,2026-09-02 12:58:43,ACCEPTED
TAP-20260902-01005,00114,Lumen Wireless,00106,Fjord Telecom,MTC,001060000000002,10,1.8648,0.2797,2026-09-02,2026-09-02 13:29:09,ACCEPTED
TAP-20260902-01006,00106,Fjord Telecom,00119,Quartz Mobile,MOC,001190000000014,35,13.6918,2.0538,2026-09-02,2026-09-02 22:45:22,ACCEPTED
TAP-20260902-01007,00119,Quartz Mobile,00106,Fjord Telecom,MOC,001060000000014,17,6.9349,1.0402,2026-09-02,2026-09-02 05:42:33,ACCEPTED
TAP-20260902-01008,00116,Northwind Mobile,00101,Aurora Telecom,GPRS,001010000000008,368,12.3402,1.8510,2026-09-02,2026-09-02 23:06:23,ACCEPTED
TAP-20260902-01009,00106,Fjord Telecom,00119,Quartz Mobile,MOC,001190000000001,2,0.8358,0.1254,2026-09-02,2026-09-02 07:37:48,ACCEPTED
TAP-20260902-01010,00112,Juniper Mobile,00103,CINDER WIRELESS,MOC,001030000000010,19,7.5581,1.1337,2026-09-02,2026-09-02 06:24:29,ACCEPTED
TAP-20260902-01011,00119,Quartz Mobile,00106,Fjord Telecom,MOC,001060000000001,24,9.5562,1.4334,2026-09-02,2026-09-02 17:04:22,ACCEPTED
TAP-20260902-01012,00116,Northwind Mobile,00101,Aurora Telecom,SMS_MO,001010000000012,5,0.2949,0.0442,2026-09-02,2026-09-02 00:44:56,ACCEPTED
TAP-20260902-01013,00116,Northwind Mobile,00105,Ember Networks,MOC,001050000000001,40,17.4153,2.6123,2026-09-02,2026-09-02 22:56:07,ACCEPTED
TAP-20260902-01014,00119,Quartz Mobile,00106,Fjord Telecom,MOC,001060000000009,4,1.7133,0.2570,2026-09-02,2026-09-02 16:53:39,ACCEPTED
TAP-20260902-01015,00106,Fjord Telecom,00119,Quartz Mobile,SMS_MO,001190000000010,7,0.4524,0.0679,2026-09-02,2026-09-02 15:22:43,ACCEPTED
TAP-20260902-01016,00119,Quartz Mobile,00106,Fjord Telecom,MTC,001060000000014,8,1.4746,0.2212,2026-09-02,2026-09-02 02:12:01,ACCEPTED
TAP-20260902-01017,00111,Ivory Cellular,00101,Aurora Telecom,MOC,001010000000007,15,6.8028,1.0204,2026-09-02,2026-09-02 19:54:15,ACCEPTED
TAP-20260902-01018,00113,Kestrel Telecom,00102,Borealis Mobile,MTC,001020000000006,15,2.5070,0.3760,2026-09-02,2026-09-02 09:29:59,REJECTED
TAP-20260902-01019,00101,Aurora Telecom,00111,Ivory Cellular,MOC,001110000000005,34,13.4456,2.0168,2026-09-02,2026-09-02 22:44:39,ACCEPTED
TAP-20260902-01020,00106,Fjord Telecom,00119,Quartz Mobile,MOC,001190000000002,40,17.5296,2.6294,2026-09-02,2026-09-02 11:43:57,ACCEPTED
TAP-20260902-01021,00111,Ivory Cellular,00102,Borealis Mobile,GPRS,001020000000012,273,3.1138,0.4671,2026-09-02,2026-09-02 13:43:32,ACCEPTED
TAP-20260902-01022,00112,Juniper Mobile,00103,Cinder Wireless.,GPRS,001030000000008,33,0.3843,0.0576,2026-09-02,2026-09-02 23:49:17,ACCEPTED
TAP-20260902-01023,00107,Granite Mobile,00108,Harbor Wireless,MOC,001080000000012,20,9.0371,1.3556,2026-09-02,2026-09-02 09:42:35,ACCEPTED
TAP-20260902-01024,00111,Ivory Cellular,00105,Ember Networks,GPRS,001050000000012,26,0.2734,0.0410,2026-09-02,2026-09-02 12:36:50,ACCEPTED
TAP-20260902-01025,00102,Borealis Mobile,00114,Lumen Wireless,MTC,001140000000015,28,4.7126,0.7069,2026-09-02,2026-09-02 09:26:11,ACCEPTED
TAP-20260902-01026,00111,Ivory Cellular,00101,Aurora Telecom,MOC,001010000000003,33,13.0884,1.9633,2026-09-02,2026-09-02 18:55:27,ACCEPTED
TAP-20260902-01027,00108,Harbor Wireless,00107,Granite Mobile,MOC,001070000000015,6,2.3667,0.3550,2026-09-02,2026-09-02 15:44:16,ACCEPTED
TAP-20260902-01028,00113,Kestrel Telecom,00104,Delta Cell,MTC,001040000000006,35,5.8298,0.8745,2026-09-02,2026-09-02 07:57:48,ACCEPTED
TAP-20260902-01029,00106,Fjord Telecom,00119,Quartz Mobile,MOC,001190000000014,21,9.3271,1.3991,2026-09-02,2026-09-02 06:28:30,ACCEPTED
TAP-20260902-01030,00113,Kestrel Telecom,00102,Borealis Mobile,MTC,001020000000010,16,3.0968,0.4645,2026-09-02,2026-09-02 02:19:04,REJECTED
TAP-20260902-01031,00114,Lumen Wireless,00106,Fjord Telecom,GPRS,001060000000004,142,1.5010,0.2251,2026-09-02,2026-09-02 01:00:31,ACCEPTED
TAP-20260902-01032,00113,Kestrel Telecom,00102,Borealis Mobile,SMS_MO,001020000000004,2,0.1232,0.0185,2026-09-02,2026-09-02 11:35:41,REJECTED
TAP-20260902-01033,00111,Ivory Cellular,00105,Ember Networks,GPRS,001050000000008,49,0.5566,0.0835,2026-09-02,2026-09-02 23:16:48,ACCEPTED
TAP-20260902-01034,00107,Granite Mobile,00108,Harbor Wireless,GPRS,001080000000003,433,4.4297,0.6645,2026-09-02,2026-09-02 20:55:04,ACCEPTED
TAP-20260902-01035,00116,Northwind Mobile,00101,Aurora Telecom,MTC,001010000000014,14,2.6085,0.3913,2026-09-02,2026-09-02 07:15:21,ACCEPTED
TAP-20260902-01036,00112,Juniper Mobile,00101,Aurora Telecom,MTC,001010000000001,27,4.7931,0.7190,2026-09-02,2026-09-02 11:58:22,ACCEPTED
TAP-20260902-01037,00111,Ivory Cellular,00105,Ember Networks,SMS_MO,001050000000012,6,0.3837,0.0576,2026-09-02,2026-09-02 00:42:24,ACCEPTED
TAP-20260902-01038,00119,Quartz Mobile,00106,Fjord Telecom,MOC,001060000000012,20,8.1426,1.2214,2026-09-02,2026-09-02 12:01:18,ACCEPTED
TAP-20260902-01039,00116,Northwind Mobile,00101,Aurora Telecom,GPRS,001010000000002,462,15.9823,2.3973,2026-09-02,2026-09-02 18:00:56,ACCEPTED
TAP-20260902-01040,00112,Juniper Mobile,00103,CINDER WIRELESS,MOC,001030000000012,19,8.1721,1.2258,2026-09-02,2026-09-02 00:01:00,ACCEPTED
TAP-20260902-01041,00107,Granite Mobile,00105,Ember Networks,GPRS,001050000000003,555,6.5923,0.9888,2026-09-02,2026-09-02 16:16:15,ACCEPTED
TAP-20260902-01042,00113,Kestrel Telecom,00104,Delta Cell,MOC,001040000000005,33,13.3063,1.9959,2026-09-02,2026-09-02 12:26:45,ACCEPTED
TAP-20260902-01043,00119,Quartz Mobile,00106,Fjord Telecom,SMS_MO,001060000000002,2,0.1224,0.0184,2026-09-02,2026-09-02 16:32:09,ACCEPTED
TAP-20260902-01044,00116,Northwind Mobile,00105,Ember Networks,GPRS,001050000000011,817,9.6038,1.4406,2026-09-02,2026-09-02 20:16:24,ACCEPTED
TAP-20260902-01045,00107,Granite Mobile,00105,Ember Networks,GPRS,001050000000005,886,10.2048,1.5307,2026-09-02,2026-09-02 17:37:42,ACCEPTED
TAP-20260902-01046,00106,Fjord Telecom,00119,Quartz Mobile,GPRS,001190000000005,370,4.1977,0.6297,2026-09-02,2026-09-02 04:35:05,ACCEPTED
TAP-20260902-01047,00111,Ivory Cellular,00102,Borealis Mobile,MTC,001020000000002,8,1.4198,0.2130,2026-09-02,2026-09-02 03:09:45,ACCEPTED
TAP-20260902-01048,00111,Ivory Cellular,00101,Aurora Telecom,MTC,001010000000014,18,3.0915,0.4637,2026-09-02,2026-09-02 15:24:12,ACCEPTED
TAP-20260902-01049,00106,Fjord Telecom,00119,Quartz Mobile,GPRS,001190000000009,791,8.1409,1.2211,2026-09-02,2026-09-02 19:02:57,ACCEPTED
TAP-20260902-01050,00113,Kestrel Telecom,00104,Delta Cell,MOC,001040000000009,32,14.0078,2.1012,2026-09-02,2026-09-02 22:40:50,ACCEPTED
TAP-20260902-01051,00112,Juniper Mobile,00103,Cinder Wireless,MTC,001030000000009,20,3.6780,0.5517,2026-09-02,2026-09-02 16:56:46,ACCEPTED
TAP-20260902-01052,00119,Quartz Mobile,00106,Fjord Telecom,SMS_MO,001060000000007,7,0.4525,0.0679,2026-09-02,2026-09-02 20:34:12,ACCEPTED
TAP-20260902-01053,00112,Juniper Mobile,00101,Aurora Telecom,GPRS,001010000000004,695,8.1701,1.2255,2026-09-02,2026-09-02 17:12:17,ACCEPTED
TAP-20260902-01054,00116,Northwind Mobile,00103,CINDER WIRELESS,GPRS,001030000000001,197,2.3232,0.3485,2026-09-02,2026-09-02 02:58:49,ACCEPTED
TAP-20260902-01055,00108,Harbor Wireless,00107,Granite Mobile,MTC,001070000000001,23,4.2589,0.6388,2026-09-02,2026-09-02 15:27:09,ACCEPTED
TAP-20260902-01056,00112,Juniper Mobile,00103,Cinder Wireless,GPRS,001030000000010,412,4.5388,0.6808,2026-09-02,2026-09-02 19:51:24,ACCEPTED
TAP-20260902-01057,00104,Delta Cell,00113,Kestrel Telecom,MTC,001130000000011,20,3.3407,0.5011,2026-09-02,2026-09-02 14:41:26,ACCEPTED
TAP-20260902-01058,00106,Fjord Telecom,00119,Quartz Mobile,GPRS,001190000000002,428,4.3940,0.6591,2026-09-02,2026-09-02 02:23:10,ACCEPTED
TAP-20260902-01059,00119,Quartz Mobile,00103,CINDER WIRELESS,GPRS,001030000000013,7,0.0788,0.0118,2026-09-02,2026-09-02 13:12:25,ACCEPTED
TAP-20260902-01060,00113,Kestrel Telecom,00104,Delta Cell,MTC,001040000000009,35,6.3066,0.9460,2026-09-02,2026-09-02 12:37:43,REJECTED
TAP-20260902-01061,00114,Lumen Wireless,00104,Delta Cell,GPRS,001040000000005,661,6.9947,1.0492,2026-09-02,2026-09-02 13:27:33,ACCEPTED
TAP-20260902-01062,00114,Lumen Wireless,00102,Borealis Mobile,MTC,001020000000014,24,4.1333,0.6200,2026-09-02,2026-09-02 21:59:50,ACCEPTED
TAP-20260902-01063,00114,Lumen Wireless,00102,Borealis Mobile,MOC,001020000000010,36,15.7849,2.3677,2026-09-02,2026-09-02 03:17:23,ACCEPTED
TAP-20260902-01064,00114,Lumen Wireless,00104,Delta Cell,SMS_MO,001040000000012,9,0.5702,0.0855,2026-09-02,2026-09-02 10:03:28,ACCEPTED
TAP-20260902-01065,00112,Juniper Mobile,00101,Aurora Telecom,MOC,001010000000012,31,14.0611,2.1092,2026-09-02,2026-09-02 18:31:59,ACCEPTED
TAP-20260902-01066,00114,Lumen Wireless,00104,Delta Cell,MTC,001040000000002,3,0.5618,0.0843,2026-09-02,2026-09-02 03:31:29,ACCEPTED
TAP-20260902-01067,00106,Fjord Telecom,00119,Quartz Mobile,GPRS,001190000000010,716,8.3167,1.2475,2026-09-02,2026-09-02 00:45:55,ACCEPTED
TAP-20260902-01068,00113,Kestrel Telecom,00104,Delta Cell,MOC,001040000000009,31,12.8666,1.9300,2026-09-02,2026-09-02 06:45:03,ACCEPTED
TAP-20260902-01069,00119,Quartz Mobile,00106,Fjord Telecom,MTC,001060000000004,38,6.5937,0.9891,2026-09-02,2026-09-02 06:39:07,ACCEPTED
TAP-20260902-01070,00106,Fjord Telecom,00119,Quartz Mobile,MTC,001190000000009,26,4.9978,0.7497,2026-09-02,2026-09-02 18:40:58,ACCEPTED
TAP-20260902-01071,00113,Kestrel Telecom,00104,Delta Cell,GPRS,001040000000005,357,3.6957,0.5544,2026-09-02,2026-09-02 07:39:24,REJECTED
TAP-20260902-01072,00116,Northwind Mobile,00101,Aurora Telecom,GPRS,001010000000007,743,25.9267,3.8890,2026-09-02,2026-09-02 02:53:42,ACCEPTED
TAP-20260902-01073,00106,Fjord Telecom,00119,Quartz Mobile,GPRS,001190000000012,50,0.5317,0.0798,2026-09-02,2026-09-02 20:29:47,ACCEPTED
TAP-20260902-01074,00111,Ivory Cellular,00101,Aurora Telecom,MOC,001010000000010,27,10.8618,1.6293,2026-09-02,2026-09-02 06:42:53,ACCEPTED
TAP-20260902-01075,00111,Ivory Cellular,00105,Ember Networks,MTC,001050000000009,5,0.9514,0.1427,2026-09-02,2026-09-02 08:43:03,ACCEPTED
TAP-20260902-01076,00113,Kestrel Telecom,00104,Delta Cell,MTC,001040000000006,19,3.2241,0.4836,2026-09-02,2026-09-02 09:49:38,DISPUTED
TAP-20260902-01077,00112,Juniper Mobile,00103,Cinder Wireless,GPRS,001030000000003,897,9.5720,1.4358,2026-09-02,2026-09-02 11:31:33,ACCEPTED
TAP-20260902-01078,00108,Harbor Wireless,00107,Granite Mobile,SMS_MO,001070000000008,12,0.7045,0.1057,2026-09-02,2026-09-02 07:20:37,ACCEPTED
TAP-20260902-01079,00114,Lumen Wireless,00102,Borealis Mobile,SMS_MO,001020000000002,3,0.1872,0.0281,2026-09-02,2026-09-02 11:12:01,ACCEPTED
TAP-20260902-01080,00119,Quartz Mobile,00106,Fjord Telecom,MTC,001060000000012,3,0.5001,0.0750,2026-09-02,2026-09-02 04:40:58,ACCEPTED
TAP-20260902-01081,00116,Northwind Mobile,00105,Ember Networks,MOC,001050000000001,40,16.5135,2.4770,2026-09-02,2026-09-02 21:09:59,ACCEPTED
TAP-20260902-01082,00106,Fjord Telecom,00119,Quartz Mobile,MTC,001190000000003,6,1.1498,0.1725,2026-09-02,2026-09-02 21:07:53,ACCEPTED
TAP-20260902-01083,00119,Quartz Mobile,00106,Fjord Telecom,MTC,001060000000005,21,3.4849,0.5227,2026-09-02,2026-09-02 10:20:02,ACCEPTED
TAP-20260902-01084,00114,Lumen Wireless,00106,Fjord Telecom,GPRS,001060000000005,495,5.8805,0.8821,2026-09-02,2026-09-02 23:25:30,ACCEPTED
TAP-20260902-01085,00114,Lumen Wireless,00104,Delta Cell,GPRS,001040000000006,828,9.0211,1.3532,2026-09-02,2026-09-02 14:15:52,ACCEPTED
TAP-20260902-01086,00116,Northwind Mobile,00103,Cinder Wireless.,MTC,001030000000003,31,5.6496,0.8474,2026-09-02,2026-09-02 07:56:39,ACCEPTED
TAP-20260902-01087,00106,Fjord Telecom,00119,Quartz Mobile,GPRS,001190000000013,821,9.3749,1.4062,2026-09-02,2026-09-02 16:16:19,ACCEPTED
TAP-20260902-01088,00113,Kestrel Telecom,00102,Borealis Mobile,GPRS,001020000000013,197,2.1854,0.3278,2026-09-02,2026-09-02 14:01:54,ACCEPTED
TAP-20260902-01089,00113,Kestrel Telecom,00104,Delta Cell,MTC,001040000000009,32,5.7392,0.8609,2026-09-02,2026-09-02 00:29:08,ACCEPTED
TAP-20260902-01090,00113,Kestrel Telecom,00102,Borealis Mobile,SMS_MO,001020000000011,2,0.1209,0.0181,2026-09-02,2026-09-02 06:07:39,ACCEPTED
TAP-20260902-01091,00111,Ivory Cellular,00102,Borealis Mobile,MOC,001020000000005,10,4.1151,0.6173,2026-09-02,2026-09-02 23:18:08,ACCEPTED
TAP-20260902-01092,00113,Kestrel Telecom,00104,Delta Cell,SMS_MO,001040000000007,1,0.0626,0.0094,2026-09-02,2026-09-02 08:35:01,REJECTED
TAP-20260902-01093,00113,Kestrel Telecom,00104,Delta Cell,MTC,001040000000006,21,4.0544,0.6082,2026-09-02,2026-09-02 12:22:13,REJECTED
TAP-20260902-01094,00114,Lumen Wireless,00104,Delta Cell,MTC,001040000000010,36,6.3195,0.9479,2026-09-02,2026-09-02 14:23:30,ACCEPTED
TAP-20260902-01095,00103,Cinder Wireless,00112,Juniper Mobile,MTC,001120000000012,23,4.1026,0.6154,2026-09-02,2026-09-02 02:34:00,ACCEPTED
TAP-20260902-01096,00113,Kestrel Telecom,00108,Harbor Wireless,MTC,001080000000002,35,5.8663,0.8799,2026-09-02,2026-09-02 11:55:49,ACCEPTED
TAP-20260902-01097,00111,Ivory Cellular,00102,Borealis Mobile,MOC,001020000000013,26,10.2301,1.5345,2026-09-02,2026-09-02 05:32:20,ACCEPTED
TAP-20260902-01098,00116,Northwind Mobile,00103,Cinder Wireless.,SMS_MO,001030000000007,10,0.6113,0.0917,2026-09-02,2026-09-02 02:26:31,ACCEPTED
TAP-20260902-01099,00107,Granite Mobile,00108,Harbor Wireless,GPRS,001080000000006,114,1.2530,0.1879,2026-09-02,2026-09-02 15:35:02,ACCEPTED
TAP-20260902-01100,00111,Ivory Cellular,00102,Borealis Mobile,SMS_MO,001020000000003,9,0.5460,0.0819,2026-09-02,2026-09-02 03:43:48,ACCEPTED
TAP-20260902-01101,00111,Ivory Cellular,00102,Borealis Mobile,MOC,001020000000013,39,16.7496,2.5124,2026-09-02,2026-09-02 05:17:48,ACCEPTED
TAP-20260902-01102,00113,Kestrel Telecom,00104,Delta Cell,MOC,001040000000002,11,4.7677,0.7152,2026-09-02,2026-09-02 10:43:48,ACCEPTED
TAP-20260902-01103,00119,Quartz Mobile,00103,CINDER WIRELESS,GPRS,001030000000006,406,4.6349,0.6952,2026-09-02,2026-09-02 08:28:20,ACCEPTED
TAP-20260902-01104,00116,Northwind Mobile,00101,Aurora Telecom,GPRS,001010000000011,519,17.6976,2.6546,2026-09-02,2026-09-02 14:39:34,ACCEPTED
TAP-20260902-01105,00119,Quartz Mobile,00106,Fjord Telecom,MTC,001060000000002,36,6.5436,0.9815,2026-09-02,2026-09-02 09:45:00,ACCEPTED
TAP-20260902-01106,00106,Fjord Telecom,00119,Quartz Mobile,MOC,001190000000009,37,14.9009,2.2351,2026-09-02,2026-09-02 11:10:44,ACCEPTED
TAP-20260902-01107,00114,Lumen Wireless,00106,Fjord Telecom,MOC,001060000000008,19,8.0768,1.2115,2026-09-02,2026-09-02 05:43:38,ACCEPTED
TAP-20260902-01108,00111,Ivory Cellular,00102,Borealis Mobile,GPRS,001020000000005,801,8.6510,1.2976,2026-09-02,2026-09-02 11:05:23,ACCEPTED
TAP-20260902-01109,00112,Juniper Mobile,00101,Aurora Telecom,GPRS,001010000000008,470,5.2522,0.7878,2026-09-02,2026-09-02 23:33:55,ACCEPTED
TAP-20260902-01110,00104,Delta Cell,00113,Kestrel Telecom,SMS_MO,001130000000010,7,0.4437,0.0666,2026-09-02,2026-09-02 10:15:06,ACCEPTED
TAP-20260902-01111,00101,Aurora Telecom,00111,Ivory Cellular,GPRS,001110000000009,494,5.8177,0.8727,2026-09-02,2026-09-02 22:27:00,ACCEPTED
TAP-20260902-01112,00111,Ivory Cellular,00102,Borealis Mobile,GPRS,001020000000011,148,1.5395,0.2309,2026-09-02,2026-09-02 20:56:05,ACCEPTED
TAP-20260902-01113,00113,Kestrel Telecom,00104,Delta Cell,GPRS,001040000000013,444,4.9850,0.7478,2026-09-02,2026-09-02 16:05:14,ACCEPTED
TAP-20260902-01114,00113,Kestrel Telecom,00108,Harbor Wireless,GPRS,001080000000006,124,1.3092,0.1964,2026-09-02,2026-09-02 01:03:47,REJECTED
TAP-20260902-01115,00112,Juniper Mobile,00103,Cinder Wireless,MOC,001030000000009,9,3.5612,0.5342,2026-09-02,2026-09-02 17:30:42,ACCEPTED
TAP-20260902-01116,00113,Kestrel Telecom,00108,Harbor Wireless,MOC,001080000000013,24,9.8672,1.4801,2026-09-02,2026-09-02 13:38:23,ACCEPTED
TAP-20260902-01117,00112,Juniper Mobile,00103,Cinder Wireless,GPRS,001030000000010,457,5.0553,0.7583,2026-09-02,2026-09-02 22:45:03,ACCEPTED
TAP-20260902-01118,00106,Fjord Telecom,00119,Quartz Mobile,MOC,001190000000003,11,4.4277,0.6642,2026-09-02,2026-09-02 20:11:09,ACCEPTED
TAP-20260902-01119,00106,Fjord Telecom,00119,Quartz Mobile,MTC,001190000000015,1,0.1825,0.0274,2026-09-02,2026-09-02 18:09:00,ACCEPTED
TAP-20260902-01120,00119,Quartz Mobile,00106,Fjord Telecom,GPRS,001060000000002,581,6.8126,1.0219,2026-09-02,2026-09-02 08:39:59,ACCEPTED
TAP-20260902-01121,00114,Lumen Wireless,00104,Delta Cell,MTC,001040000000006,28,5.1556,0.7733,2026-09-02,2026-09-02 10:45:15,ACCEPTED
TAP-20260902-01122,00119,Quartz Mobile,00106,Fjord Telecom,GPRS,001060000000014,267,2.8868,0.4330,2026-09-02,2026-09-02 22:17:50,ACCEPTED
TAP-20260902-01123,00111,Ivory Cellular,00101,Aurora Telecom,MTC,001010000000010,20,3.4762,0.5214,2026-09-02,2026-09-02 18:39:39,ACCEPTED
TAP-20260902-01124,00119,Quartz Mobile,00106,Fjord Telecom,GPRS,001060000000004,634,6.7008,1.0051,2026-09-02,2026-09-02 14:37:14,ACCEPTED
TAP-20260902-01125,00111,Ivory Cellular,00105,Ember Networks,MTC,001050000000015,25,4.4914,0.6737,2026-09-02,2026-09-02 03:00:45,ACCEPTED
TAP-20260902-01126,00114,Lumen Wireless,00102,Borealis Mobile,MOC,001020000000001,34,13.7332,2.0600,2026-09-02,2026-09-02 12:47:42,ACCEPTED
TAP-20260902-01127,00111,Ivory Cellular,00102,Borealis Mobile,GPRS,001020000000007,897,9.9201,1.4880,2026-09-02,2026-09-02 22:20:23,ACCEPTED
TAP-20260902-01128,00113,Kestrel Telecom,00104,Delta Cell,GPRS,001040000000005,128,1.4055,0.2108,2026-09-02,2026-09-02 20:37:56,ACCEPTED
TAP-20260902-01129,00111,Ivory Cellular,00105,Ember Networks,MOC,001050000000003,16,6.6256,0.9938,2026-09-02,2026-09-02 15:26:45,ACCEPTED
TAP-20260902-01130,00113,Kestrel Telecom,00102,Borealis Mobile,MTC,001020000000003,22,3.9552,0.5933,2026-09-02,2026-09-02 08:46:39,ACCEPTED
TAP-20260902-01131,00112,Juniper Mobile,00101,Aurora Telecom,GPRS,001010000000008,204,2.3409,0.3511,2026-09-02,2026-09-02 17:53:32,ACCEPTED
TAP-20260902-01132,00112,Juniper Mobile,00101,Aurora Telecom,MTC,001010000000003,10,1.9032,0.2855,2026-09-02,2026-09-02 16:18:40,ACCEPTED
TAP-20260902-01133,00111,Ivory Cellular,00101,Aurora Telecom,SMS_MO,001010000000001,8,0.4979,0.0747,2026-09-02,2026-09-02 16:48:23,DISPUTED
TAP-20260902-01134,00111,Ivory Cellular,00101,Aurora Telecom,MTC,001010000000011,18,3.0141,0.4521,2026-09-02,2026-09-02 21:56:11,ACCEPTED
TAP-20260902-01135,00113,Kestrel Telecom,00104,Delta Cell,MOC,001040000000009,11,4.7900,0.7185,2026-09-02,2026-09-02 14:14:52,ACCEPTED
TAP-20260902-01136,00114,Lumen Wireless,00102,Borealis Mobile,GPRS,001020000000013,552,5.9370,0.8906,2026-09-02,2026-09-02 13:05:39,ACCEPTED
TAP-20260902-01137,00108,Harbor Wireless,00107,Granite Mobile,MTC,001070000000012,26,4.7233,0.7085,2026-09-02,2026-09-02 02:24:50,ACCEPTED
TAP-20260902-01138,00112,Juniper Mobile,00107,Granite Mobile,MOC,001070000000009,27,11.3602,1.7040,2026-09-02,2026-09-02 08:20:28,ACCEPTED
TAP-20260902-01139,00114,Lumen Wireless,00102,Borealis Mobile,MOC,001020000000004,29,11.4914,1.7237,2026-09-02,2026-09-02 06:30:50,ACCEPTED
TAP-20260902-01140,00101,Aurora Telecom,00111,Ivory Cellular,MOC,001110000000011,12,4.6514,0.6977,2026-09-02,2026-09-02 13:37:14,ACCEPTED
TAP-20260902-01141,00106,Fjord Telecom,00119,Quartz Mobile,SMS_MO,001190000000013,6,0.3319,0.0498,2026-09-02,2026-09-02 16:27:55,ACCEPTED
TAP-20260902-01142,00114,Lumen Wireless,00104,Delta Cell,GPRS,001040000000008,489,5.5893,0.8384,2026-09-02,2026-09-02 14:04:19,ACCEPTED
TAP-20260902-01143,00112,Juniper Mobile,00103,CINDER WIRELESS,MTC,001030000000003,35,6.7252,1.0088,2026-09-02,2026-09-02 20:51:49,ACCEPTED
TAP-20260902-01144,00116,Northwind Mobile,00105,Ember Networks,MOC,001050000000012,30,13.4809,2.0221,2026-09-02,2026-09-02 02:58:32,ACCEPTED
TAP-20260902-01145,00106,Fjord Telecom,00119,Quartz Mobile,SMS_MO,001190000000009,7,0.3960,0.0594,2026-09-02,2026-09-02 23:58:27,DISPUTED
TAP-20260902-01146,00116,Northwind Mobile,00103,Cinder Wireless,SMS_MO,001030000000003,9,0.5643,0.0846,2026-09-02,2026-09-02 22:19:34,DISPUTED
TAP-20260902-01147,00104,Delta Cell,00113,Kestrel Telecom,SMS_MO,001130000000005,5,0.2844,0.0427,2026-09-02,2026-09-02 18:55:00,ACCEPTED
TAP-20260902-01148,00101,Aurora Telecom,00116,Northwind Mobile,MTC,001160000000001,25,4.6878,0.7032,2026-09-02,2026-09-02 13:19:29,ACCEPTED
TAP-20260902-01149,00119,Quartz Mobile,00106,Fjord Telecom,MTC,001060000000008,25,4.5210,0.6781,2026-09-02,2026-09-02 14:23:52,ACCEPTED
TAP-20260902-01150,00113,Kestrel Telecom,00102,Borealis Mobile,MOC,001020000000015,22,9.5976,1.4396,2026-09-02,2026-09-02 08:27:47,REJECTED
TAP-20260902-01151,00112,Juniper Mobile,00103,Cinder Wireless.,MOC,001030000000010,27,11.2360,1.6854,2026-09-02,2026-09-02 22:42:39,ACCEPTED
TAP-20260902-01152,00108,Harbor Wireless,00107,Granite Mobile,GPRS,001070000000012,405,4.7366,0.7105,2026-09-02,2026-09-02 05:32:53,ACCEPTED
TAP-20260902-01153,00111,Ivory Cellular,00101,Aurora Telecom,MOC,001010000000001,1,0.4090,0.0613,2026-09-02,2026-09-02 11:33:01,ACCEPTED
TAP-20260902-01154,00106,Fjord Telecom,00119,Quartz Mobile,GPRS,001190000000002,413,4.7271,0.7091,2026-09-02,2026-09-02 09:15:55,ACCEPTED
TAP-20260902-01155,00119,Quartz Mobile,00103,Cinder Wireless,MTC,001030000000012,10,1.9243,0.2886,2026-09-02,2026-09-02 21:14:54,ACCEPTED
TAP-20260902-01156,00111,Ivory Cellular,00105,Ember Networks,GPRS,001050000000004,772,7.8382,1.1757,2026-09-02,2026-09-02 11:47:07,ACCEPTED
TAP-20260902-01157,00112,Juniper Mobile,00107,Granite Mobile,GPRS,001070000000002,649,6.6469,0.9970,2026-09-02,2026-09-02 23:49:33,ACCEPTED
TAP-20260902-01158,00119,Quartz Mobile,00103,Cinder Wireless,MTC,001030000000014,13,2.3687,0.3553,2026-09-02,2026-09-02 10:20:55,ACCEPTED
TAP-20260902-01159,00106,Fjord Telecom,00119,Quartz Mobile,SMS_MO,001190000000003,11,0.6694,0.1004,2026-09-02,2026-09-02 06:49:14,ACCEPTED
TAP-20260902-01160,00113,Kestrel Telecom,00102,Borealis Mobile,GPRS,001020000000009,426,4.4949,0.6742,2026-09-02,2026-09-02 01:11:37,ACCEPTED
TAP-20260902-01161,00119,Quartz Mobile,00106,Fjord Telecom,MOC,001060000000006,38,15.3616,2.3042,2026-09-02,2026-09-02 20:31:21,ACCEPTED
TAP-20260902-01162,00116,Northwind Mobile,00105,Ember Networks,GPRS,001050000000003,773,8.1511,1.2227,2026-09-02,2026-09-02 17:47:30,ACCEPTED
TAP-20260902-01163,00114,Lumen Wireless,00106,Fjord Telecom,GPRS,001060000000013,27,0.2774,0.0416,2026-09-02,2026-09-02 22:03:45,ACCEPTED
TAP-20260902-01164,00101,Aurora Telecom,00111,Ivory Cellular,SMS_MO,001110000000010,11,0.6143,0.0921,2026-09-02,2026-09-02 12:29:39,DISPUTED
TAP-20260902-01165,00112,Juniper Mobile,00101,Aurora Telecom,MOC,001010000000001,5,2.1423,0.3213,2026-09-02,2026-09-02 09:04:11,ACCEPTED
TAP-20260902-01166,00116,Northwind Mobile,00105,Ember Networks,GPRS,001050000000015,677,7.8797,1.1820,2026-09-02,2026-09-02 18:25:04,ACCEPTED
TAP-20260902-01167,00119,Quartz Mobile,00106,Fjord Telecom,SMS_MO,001060000000014,10,0.6133,0.0920,2026-09-02,2026-09-02 23:11:22,ACCEPTED
TAP-20260902-01168,00116,Northwind Mobile,00101,Aurora Telecom,MOC,001010000000014,7,2.7729,0.4159,2026-09-02,2026-09-02 20:06:45,DISPUTED
TAP-20260902-01169,00112,Juniper Mobile,00101,Aurora Telecom,SMS_MO,001010000000006,2,0.1264,0.0190,2026-09-02,2026-09-02 07:31:33,ACCEPTED
TAP-20260902-01170,00104,Delta Cell,00113,Kestrel Telecom,MOC,001130000000014,11,4.3736,0.6560,2026-09-02,2026-09-02 22:40:48,ACCEPTED
TAP-20260902-01171,00106,Fjord Telecom,00119,Quartz Mobile,MTC,001190000000006,12,2.1355,0.3203,2026-09-02,2026-09-02 21:53:01,ACCEPTED
TAP-20260902-01172,00106,Fjord Telecom,00119,Quartz Mobile,GPRS,001190000000008,399,4.0564,0.6085,2026-09-02,2026-09-02 10:31:10,ACCEPTED
TAP-20260902-01173,00103,Cinder Wireless.,00112,Juniper Mobile,MTC,001120000000015,34,5.9783,0.8967,2026-09-02,2026-09-02 02:40:26,ACCEPTED
TAP-20260902-01174,00107,Granite Mobile,00108,Harbor Wireless,MTC,001080000000013,2,0.3389,0.0508,2026-09-02,2026-09-02 23:05:10,ACCEPTED
TAP-20260902-01175,00107,Granite Mobile,00108,Harbor Wireless,SMS_MO,001080000000002,6,0.3498,0.0525,2026-09-02,2026-09-02 19:26:23,ACCEPTED
TAP-20260902-01176,00116,Northwind Mobile,00101,Aurora Telecom,GPRS,001010000000003,594,20.7962,3.1194,2026-09-02,2026-09-02 23:33:32,ACCEPTED
TAP-20260902-01177,00113,Kestrel Telecom,00104,Delta Cell,SMS_MO,001040000000009,11,0.6978,0.1047,2026-09-02,2026-09-02 04:58:40,REJECTED
TAP-20260902-01178,00111,Ivory Cellular,00101,Aurora Telecom,SMS_MO,001010000000005,10,0.6468,0.0970,2026-09-02,2026-09-02 16:43:21,ACCEPTED
TAP-20260902-01179,00119,Quartz Mobile,00106,Fjord Telecom,MTC,001060000000001,26,4.5448,0.6817,2026-09-02,2026-09-02 19:40:21,ACCEPTED
TAP-20260902-01180,00114,Lumen Wireless,00106,Fjord Telecom,GPRS,001060000000012,726,8.0810,1.2121,2026-09-02,2026-09-02 12:28:16,ACCEPTED
TAP-20260902-01181,00114,Lumen Wireless,00102,Borealis Mobile,MTC,001020000000010,12,2.1507,0.3226,2026-09-02,2026-09-02 11:59:59,ACCEPTED
TAP-20260902-01182,00107,Granite Mobile,00108,Harbor Wireless,SMS_MO,001080000000003,7,0.3948,0.0592,2026-09-02,2026-09-02 22:51:39,ACCEPTED
TAP-20260902-01183,00119,Quartz Mobile,00106,Fjord Telecom,GPRS,001060000000007,670,7.8040,1.1706,2026-09-02,2026-09-02 06:10:38,ACCEPTED
TAP-20260902-01184,00112,Juniper Mobile,00107,Granite Mobile,MOC,001070000000004,37,14.3784,2.1568,2026-09-02,2026-09-02 14:37:38,ACCEPTED
TAP-20260902-01185,00104,Delta Cell,00113,Kestrel Telecom,GPRS,001130000000007,139,1.5153,0.2273,2026-09-02,2026-09-02 18:56:18,ACCEPTED
TAP-20260902-01186,00106,Fjord Telecom,00119,Quartz Mobile,GPRS,001190000000011,40,0.4089,0.0613,2026-09-02,2026-09-02 20:10:05,ACCEPTED
TAP-20260902-01187,00119,Quartz Mobile,00106,Fjord Telecom,GPRS,001060000000012,90,1.0058,0.1509,2026-09-02,2026-09-02 22:19:59,ACCEPTED
TAP-20260902-01188,00114,Lumen Wireless,00104,Delta Cell,GPRS,001040000000003,300,3.5181,0.5277,2026-09-02,2026-09-02 11:16:47,ACCEPTED
TAP-20260902-01189,00101,Aurora Telecom,00116,Northwind Mobile,SMS_MO,001160000000011,5,0.2769,0.0415,2026-09-02,2026-09-02 16:09:07,ACCEPTED
TAP-20260902-01190,00111,Ivory Cellular,00102,Borealis Mobile,SMS_MO,001020000000009,2,0.1246,0.0187,2026-09-02,2026-09-02 11:40:00,ACCEPTED
TAP-20260902-01191,00113,Kestrel Telecom,00102,Borealis Mobile,MOC,001020000000002,30,13.0595,1.9589,2026-09-02,2026-09-02 02:40:54,ACCEPTED
TAP-20260902-01192,00108,Harbor Wireless,00107,Granite Mobile,MTC,001070000000007,6,1.0209,0.1531,2026-09-02,2026-09-02 12:22:54,ACCEPTED
TAP-20260902-01193,00113,Kestrel Telecom,00104,Delta Cell,MOC,001040000000006,33,13.8746,2.0812,2026-09-02,2026-09-02 06:04:06,ACCEPTED
TAP-20260902-01194,00104,Delta Cell,00113,Kestrel Telecom,GPRS,001130000000009,790,8.3619,1.2543,2026-09-02,2026-09-02 02:07:54,ACCEPTED
TAP-20260902-01195,00106,Fjord Telecom,00119,Quartz Mobile,MTC,001190000000005,13,2.3640,0.3546,2026-09-02,2026-09-02 05:39:23,ACCEPTED
TAP-20260902-01196,00119,Quartz Mobile,00106,Fjord Telecom,MTC,001060000000012,21,3.8088,0.5713,2026-09-02,2026-09-02 05:35:14,ACCEPTED
TAP-20260902-01197,00108,Harbor Wireless,00107,Granite Mobile,MOC,001070000000010,3,1.1902,0.1785,2026-09-02,2026-09-02 01:49:05,ACCEPTED
TAP-20260902-01198,00116,Northwind Mobile,00101,Aurora Telecom,SMS_MO,001010000000014,5,0.3231,0.0485,2026-09-02,2026-09-02 14:16:44,ACCEPTED
TAP-20260902-01199,00111,Ivory Cellular,00102,Borealis Mobile,SMS_MO,001020000000006,10,0.5632,0.0845,2026-09-02,2026-09-02 02:13:13,DISPUTED
TAP-20260902-01200,00116,Northwind Mobile,00101,Aurora Telecom,MOC,001010000000010,2,0.8021,0.1203,2026-09-02,2026-09-02 09:53:34,DISPUTED
TAP-20260902-01201,00106,Fjord Telecom,00119,Quartz Mobile,GPRS,001190000000004,386,4.2081,0.6312,2026-09-02,2026-09-02 03:52:39,ACCEPTED
TAP-20260902-01202,00101,Aurora Telecom,00111,Ivory Cellular,MOC,001110000000014,5,2.1823,0.3273,2026-09-02,2026-09-02 17:41:56,ACCEPTED
TAP-20260902-01203,00106,Fjord Telecom,00119,Quartz Mobile,SMS_MO,001190000000010,8,0.5152,0.0773,2026-09-02,2026-09-02 21:35:51,ACCEPTED
TAP-20260902-01204,00107,Granite Mobile,00105,Ember Networks,MTC,001050000000006,28,5.2919,0.7938,2026-09-02,2026-09-02 02:16:34,ACCEPTED
TAP-20260902-01205,00112,Juniper Mobile,00107,Granite Mobile,GPRS,001070000000002,262,2.7237,0.4086,2026-09-02,2026-09-02 04:47:25,ACCEPTED
TAP-20260902-01206,00116,Northwind Mobile,00105,Ember Networks,MOC,001050000000012,39,17.5406,2.6311,2026-09-02,2026-09-02 11:24:50,ACCEPTED
TAP-20260902-01207,00101,Aurora Telecom,00111,Ivory Cellular,MOC,001110000000001,11,4.4867,0.6730,2026-09-02,2026-09-02 18:51:35,ACCEPTED
TAP-20260902-01208,00114,Lumen Wireless,00102,Borealis Mobile,MOC,001020000000013,4,1.6993,0.2549,2026-09-02,2026-09-02 09:17:42,ACCEPTED
TAP-20260902-01209,00111,Ivory Cellular,00101,Aurora Telecom,MTC,001010000000010,29,5.5747,0.8362,2026-09-02,2026-09-02 02:56:25,DISPUTED
TAP-20260902-01210,00106,Fjord Telecom,00119,Quartz Mobile,GPRS,001190000000004,848,8.7918,1.3188,2026-09-02,2026-09-02 10:09:29,ACCEPTED
TAP-20260902-01211,00119,Quartz Mobile,00106,Fjord Telecom,MTC,001060000000012,27,4.7628,0.7144,2026-09-02,2026-09-02 00:21:40,ACCEPTED
TAP-20260902-01212,00108,Harbor Wireless,00107,Granite Mobile,SMS_MO,001070000000003,2,0.1181,0.0177,2026-09-02,2026-09-02 12:36:03,ACCEPTED
TAP-20260902-01213,00113,Kestrel Telecom,00104,Delta Cell,GPRS,001040000000015,723,7.7648,1.1647,2026-09-02,2026-09-02 16:23:49,ACCEPTED
TAP-20260902-01214,00116,Northwind Mobile,00103,Cinder Wireless,GPRS,001030000000015,402,4.0993,0.6149,2026-09-02,2026-09-02 03:36:31,ACCEPTED
TAP-20260902-01215,00113,Kestrel Telecom,00102,Borealis Mobile,SMS_MO,001020000000003,1,0.0581,0.0087,2026-09-02,2026-09-02 13:41:19,ACCEPTED
TAP-20260902-01216,00111,Ivory Cellular,00102,Borealis Mobile,SMS_MO,001020000000013,4,0.2515,0.0377,2026-09-02,2026-09-02 05:39:36,ACCEPTED
TAP-20260902-01217,00112,Juniper Mobile,00103,Cinder Wireless,MOC,001030000000010,39,16.6573,2.4986,2026-09-02,2026-09-02 21:20:34,ACCEPTED
TAP-20260902-01218,00116,Northwind Mobile,00101,Aurora Telecom,GPRS,001010000000010,140,5.1386,0.7708,2026-09-02,2026-09-02 01:36:07,ACCEPTED
TAP-20260902-01219,00113,Kestrel Telecom,00108,Harbor Wireless,MTC,001080000000009,9,1.5171,0.2276,2026-09-02,2026-09-02 08:11:12,ACCEPTED
TAP-20260902-01220,00114,Lumen Wireless,00104,Delta Cell,MTC,001040000000012,26,4.9859,0.7479,2026-09-02,2026-09-02 12:48:15,ACCEPTED
TAP-20260902-01221,00111,Ivory Cellular,00102,Borealis Mobile,MOC,001020000000011,38,15.1865,2.2780,2026-09-02,2026-09-02 11:29:01,ACCEPTED
TAP-20260902-01222,00106,Fjord Telecom,00119,Quartz Mobile,GPRS,001190000000010,747,7.6870,1.1530,2026-09-02,2026-09-02 20:33:10,ACCEPTED
TAP-20260902-01223,00101,Aurora Telecom,00111,Ivory Cellular,GPRS,001110000000010,325,3.4328,0.5149,2026-09-02,2026-09-02 08:42:55,ACCEPTED
TAP-20260902-01224,00112,Juniper Mobile,00103,Cinder Wireless,MTC,001030000000005,19,3.2902,0.4935,2026-09-02,2026-09-02 19:40:42,ACCEPTED
TAP-20260902-01225,00114,Lumen Wireless,00106,Fjord Telecom,MOC,001060000000015,12,4.8106,0.7216,2026-09-02,2026-09-02 09:09:24,ACCEPTED
TAP-20260902-01226,00107,Granite Mobile,00108,Harbor Wireless,MTC,001080000000001,20,3.5405,0.5311,2026-09-02,2026-09-02 03:33:53,ACCEPTED
TAP-20260902-01227,00119,Quartz Mobile,00106,Fjord Telecom,GPRS,001060000000007,165,1.8422,0.2763,2026-09-02,2026-09-02 06:38:06,ACCEPTED
TAP-20260902-01228,00107,Granite Mobile,00108,Harbor Wireless,MTC,001080000000005,24,4.2396,0.6359,2026-09-02,2026-09-02 04:21:00,DISPUTED
TAP-20260902-01229,00119,Quartz Mobile,00106,Fjord Telecom,GPRS,001060000000010,203,2.1133,0.3170,2026-09-02,2026-09-02 00:06:28,ACCEPTED
TAP-20260902-01230,00106,Fjord Telecom,00119,Quartz Mobile,MOC,001190000000013,25,10.6023,1.5903,2026-09-02,2026-09-02 08:24:38,ACCEPTED
TAP-20260902-01231,00103,Cinder Wireless,00112,Juniper Mobile,SMS_MO,001120000000012,11,0.6164,0.0925,2026-09-02,2026-09-02 23:21:38,ACCEPTED
TAP-20260902-01232,00101,Aurora Telecom,00111,Ivory Cellular,MOC,001110000000009,37,16.3199,2.4480,2026-09-02,2026-09-02 11:04:52,ACCEPTED
TAP-20260902-01233,00114,Lumen Wireless,00102,Borealis Mobile,SMS_MO,001020000000003,6,0.3381,0.0507,2026-09-02,2026-09-02 03:49:52,ACCEPTED
TAP-20260902-01234,00119,Quartz Mobile,00106,Fjord Telecom,GPRS,001060000000006,711,7.3048,1.0957,2026-09-02,2026-09-02 07:36:38,ACCEPTED
TAP-20260902-01235,00111,Ivory Cellular,00101,Aurora Telecom,MTC,001010000000014,10,1.8213,0.2732,2026-09-02,2026-09-02 04:04:32,ACCEPTED
TAP-20260902-01236,00116,Northwind Mobile,00105,Ember Networks,GPRS,001050000000012,286,3.2776,0.4916,2026-09-02,2026-09-02 22:10:19,ACCEPTED
TAP-20260902-01237,00106,Fjord Telecom,00119,Quartz Mobile,SMS_MO,001190000000001,2,0.1161,0.0174,2026-09-02,2026-09-02 13:06:36,ACCEPTED
TAP-20260902-01238,00111,Ivory Cellular,00105,Ember Networks,MTC,001050000000010,8,1.5525,0.2329,2026-09-02,2026-09-02 13:26:35,ACCEPTED
TAP-20260902-01239,00101,Aurora Telecom,00111,Ivory Cellular,MOC,001110000000001,32,13.5544,2.0332,2026-09-02,2026-09-02 11:26:20,ACCEPTED
TAP-20260902-01240,00106,Fjord Telecom,00119,Quartz Mobile,MTC,001190000000001,24,4.6083,0.6912,2026-09-02,2026-09-02 23:56:45,ACCEPTED
TAP-20260902-01241,00113,Kestrel Telecom,00102,Borealis Mobile,GPRS,001020000000015,484,5.4904,0.8236,2026-09-02,2026-09-02 05:01:17,ACCEPTED
TAP-20260902-01242,00101,Aurora Telecom,00111,Ivory Cellular,MTC,001110000000001,2,0.3874,0.0581,2026-09-02,2026-09-02 16:37:35,ACCEPTED
TAP-20260902-01243,00116,Northwind Mobile,00101,Aurora Telecom,MOC,001010000000042,12,5.0400,0.7560,2026-09-02,2026-09-02 11:49:08,ACCEPTED
