STATEMENT_ID,PARTNER,EVENT_DATE,MINUTES,AMOUNT
ST0001,IC_P1,2026-07-01,244,12.20
ST0000-0001,IC_P1,2026-07-01,122,6.10
ST0002,IC_P1,2026-07-02,118,6.50
STDUP0002,IC_P1,2026-07-02,118,6.50
ST0003,IC_P1,2026-07-03,157,7.85
ST0004,IC_P2,2026-07-01,231,20.33
ST0005,IC_P2,2026-07-02,207,18.22
ST0006,IC_P2,2026-07-03,232,18.72
ST0007,IC_P3,2026-07-01,117,7.11
ST0007B,IC_P3,2026-07-01,118,7.11
ST0008,IC_P3,2026-07-02,73,4.38
ST0008B,IC_P3,2026-07-02,73,4.38
ST0009,IC_P3,2026-07-03,159,9.54
ST0010,IC_P4,2026-07-01,82,5.74
STDUP0010,IC_P4,2026-07-01,82,5.74
ST0011,IC_P4,2026-07-02,186,13.13
ST0012,IC_P9,2026-07-01,90,45.00
ST0013,IC_P9,2026-07-02,90,45.00
ST0014,IC_P9,2026-07-02,90,45.00
