ATTEMPT_ID,ATTEMPT_TS,ATTEMPT_DATE,ACCOUNT_ID,INSTRUMENT_TOKEN,BIN,DEVICE_ID,MERCHANT_ID,AMOUNT,CURRENCY,OUTCOME
pa_000346,2026-07-02 00:04:00,2026-07-02,acc_ct02_4,tok_ct02_4,499003,dev_ct_02,m_ct3,0.82,EUR,DECLINED
pa_000347,2026-07-02 00:06:00,2026-07-02,acc_ct02_5,tok_ct02_5,499003,dev_ct_02,m_ct3,0.80,EUR,DECLINED
pa_000348,2026-07-02 00:07:00,2026-07-02,acc_la_ref_120,tok_la_ref_120,402400,dev_la_ref_120,ORD-2026-957756-4704,30.23,EUR,APPROVED
pa_000349,2026-07-02 00:08:00,2026-07-02,acc_ct02_6,tok_ct02_6,499003,dev_ct_02,m_ct3,1.73,EUR,DECLINED
pa_000350,2026-07-02 00:10:00,2026-07-02,acc_ct02_7,tok_ct02_7,499003,dev_ct_02,m_ct3,0.83,EUR,DECLINED
pa_000351,2026-07-02 00:19:00,2026-07-02,acc_la_ref_121,tok_la_ref_121,515300,dev_la_ref_121,ORD-2026-095447-8382,29.77,EUR,APPROVED
pa_000352,2026-07-02 00:31:00,2026-07-02,acc_la_ref_122,tok_la_ref_122,455600,dev_la_ref_122,ORD-2026-677327-3106,47.53,EUR,APPROVED
pa_000353,2026-07-02 00:43:00,2026-07-02,acc_la_ref_123,tok_la_ref_123,523400,dev_la_ref_123,ORD-2026-300906-5472,36.61,EUR,APPROVED
pa_000354,2026-07-02 00:55:00,2026-07-02,acc_la_ref_124,tok_la_ref_124,491700,dev_la_ref_124,ORD-2026-175214-8001,46.24,EUR,APPROVED
pa_000355,2026-07-02 01:07:00,2026-07-02,acc_la_ref_125,tok_la_ref_125,402400,dev_la_ref_125,ORD-2026-091799-8791,59.63,EUR,APPROVED
pa_000356,2026-07-02 01:19:00,2026-07-02,acc_la_ref_126,tok_la_ref_126,515300,dev_la_ref_126,ORD-2026-454795-0422,30.67,EUR,APPROVED
pa_000357,2026-07-02 01:31:00,2026-07-02,acc_la_ref_127,tok_la_ref_127,455600,dev_la_ref_127,ORD-2026-233992-8830,34.45,EUR,APPROVED
pa_000358,2026-07-02 01:43:00,2026-07-02,acc_la_ref_128,tok_la_ref_128,523400,dev_la_ref_128,ORD-2026-465071-9742,30.94,EUR,APPROVED
pa_000359,2026-07-02 01:55:00,2026-07-02,acc_la_ref_129,tok_la_ref_129,491700,dev_la_ref_129,ORD-2026-954544-7756,31.51,EUR,APPROVED
pa_000360,2026-07-02 02:07:00,2026-07-02,acc_la_ref_130,tok_la_ref_130,402400,dev_la_ref_130,ORD-2026-680899-2009,58.03,EUR,APPROVED
pa_000361,2026-07-02 02:19:00,2026-07-02,acc_la_ref_131,tok_la_ref_131,515300,dev_la_ref_131,ORD-2026-623650-0378,31.21,EUR,APPROVED
pa_000362,2026-07-02 02:31:00,2026-07-02,acc_la_ref_132,tok_la_ref_132,455600,dev_la_ref_132,ORD-2026-851643-5727,22.63,EUR,APPROVED
pa_000363,2026-07-02 02:43:00,2026-07-02,acc_la_ref_133,tok_la_ref_133,523400,dev_la_ref_133,ORD-2026-161293-1830,54.26,EUR,APPROVED
pa_000364,2026-07-02 02:55:00,2026-07-02,acc_la_ref_134,tok_la_ref_134,491700,dev_la_ref_134,ORD-2026-905376-9853,32.53,EUR,APPROVED
pa_000365,2026-07-02 03:07:00,2026-07-02,acc_la_ref_135,tok_la_ref_135,402400,dev_la_ref_135,ORD-2026-384148-3120,50.84,EUR,APPROVED
pa_000366,2026-07-02 03:10:00,2026-07-02,acc_ct_guest,tok_ct01_0,499001,dev_ct_01,m_ct,1.23,EUR,DECLINED
pa_000367,2026-07-02 03:13:00,2026-07-02,acc_ct_guest,tok_ct01_1,499001,dev_ct_01,m_ct,0.91,EUR,DECLINED
pa_000368,2026-07-02 03:16:00,2026-07-02,acc_ct_guest,tok_ct01_2,499001,dev_ct_01,m_ct,1.95,EUR,DECLINED
pa_000369,2026-07-02 03:19:00,2026-07-02,acc_ct_guest,tok_ct01_3,499001,dev_ct_01,m_ct,0.72,EUR,DECLINED
pa_000370,2026-07-02 03:19:00,2026-07-02,acc_la_ref_136,tok_la_ref_136,515300,dev_la_ref_136,ORD-2026-210616-2349,36.86,EUR,APPROVED
pa_000371,2026-07-02 03:22:00,2026-07-02,acc_ct_guest,tok_ct01_4,499001,dev_ct_01,m_ct,1.52,EUR,DECLINED
pa_000372,2026-07-02 03:25:00,2026-07-02,acc_ct_guest,tok_ct01_5,499001,dev_ct_01,m_ct,0.76,EUR,DECLINED
pa_000373,2026-07-02 03:28:00,2026-07-02,acc_ct_guest,tok_ct01_6,499001,dev_ct_01,m_ct,0.84,EUR,DECLINED
pa_000374,2026-07-02 03:31:00,2026-07-02,acc_ct_guest,tok_ct01_7,499001,dev_ct_01,m_ct,1.25,EUR,DECLINED
pa_000375,2026-07-02 03:31:00,2026-07-02,acc_la_ref_137,tok_la_ref_137,455600,dev_la_ref_137,ORD-2026-063758-9985,42.33,EUR,APPROVED
pa_000376,2026-07-02 03:34:00,2026-07-02,acc_ct_guest,tok_ct01_8,499001,dev_ct_01,m_ct,1.40,EUR,APPROVED
pa_000377,2026-07-02 03:37:00,2026-07-02,acc_ct_guest,tok_ct01_9,499001,dev_ct_01,m_ct,0.81,EUR,APPROVED
pa_000378,2026-07-02 03:43:00,2026-07-02,acc_la_ref_138,tok_la_ref_138,523400,dev_la_ref_138,ORD-2026-217171-2484,34.53,EUR,APPROVED
pa_000379,2026-07-02 03:55:00,2026-07-02,acc_la_ref_139,tok_la_ref_139,491700,dev_la_ref_139,ORD-2026-648535-6428,38.77,EUR,APPROVED
pa_000380,2026-07-02 04:07:00,2026-07-02,acc_la_ref_140,tok_la_ref_140,402400,dev_la_ref_140,ORD-2026-011381-0564,53.78,EUR,APPROVED
pa_000381,2026-07-02 04:19:00,2026-07-02,acc_la_ref_141,tok_la_ref_141,515300,dev_la_ref_141,ORD-2026-009489-7917,23.87,EUR,APPROVED
pa_000382,2026-07-02 04:31:00,2026-07-02,acc_la_ref_142,tok_la_ref_142,455600,dev_la_ref_142,ORD-2026-059739-0962,43.52,EUR,APPROVED
pa_000383,2026-07-02 04:43:00,2026-07-02,acc_la_ref_143,tok_la_ref_143,523400,dev_la_ref_143,ORD-2026-331771-6877,47.25,EUR,APPROVED
pa_000384,2026-07-02 04:55:00,2026-07-02,acc_la_ref_144,tok_la_ref_144,491700,dev_la_ref_144,ORD-2026-803948-5682,27.62,EUR,APPROVED
pa_000385,2026-07-02 05:07:00,2026-07-02,acc_la_ref_145,tok_la_ref_145,402400,dev_la_ref_145,ORD-2026-087787-3352,46.07,EUR,APPROVED
pa_000386,2026-07-02 05:19:00,2026-07-02,acc_la_ref_146,tok_la_ref_146,515300,dev_la_ref_146,ORD-2026-112189-9134,28.97,EUR,APPROVED
pa_000387,2026-07-02 05:31:00,2026-07-02,acc_la_ref_147,tok_la_ref_147,455600,dev_la_ref_147,ORD-2026-715883-2645,33.16,EUR,APPROVED
pa_000388,2026-07-02 05:43:00,2026-07-02,acc_la_ref_148,tok_la_ref_148,523400,dev_la_ref_148,ORD-2026-354817-7350,30.61,EUR,APPROVED
pa_000389,2026-07-02 05:55:00,2026-07-02,acc_la_ref_149,tok_la_ref_149,491700,dev_la_ref_149,ORD-2026-776558-5572,45.90,EUR,APPROVED
pa_000390,2026-07-02 06:00:00,2026-07-02,acc_la_ba_0,tok_la_ba_0,477777,dev_la_ba_0,m_payroll,154.53,EUR,DECLINED
pa_000391,2026-07-02 06:05:00,2026-07-02,acc_la_ba_1,tok_la_ba_1,477777,dev_la_ba_1,m_payroll,182.14,EUR,DECLINED
pa_000392,2026-07-02 06:07:00,2026-07-02,acc_la_ref_150,tok_la_ref_150,402400,dev_la_ref_150,ORD-2026-012684-3489,21.29,EUR,APPROVED
pa_000393,2026-07-02 06:10:00,2026-07-02,acc_la_ba_2,tok_la_ba_2,477777,dev_la_ba_2,m_payroll,191.58,EUR,DECLINED
pa_000394,2026-07-02 06:15:00,2026-07-02,acc_la_ba_3,tok_la_ba_3,477777,dev_la_ba_3,m_payroll,133.91,EUR,APPROVED
pa_000395,2026-07-02 06:19:00,2026-07-02,acc_la_ref_151,tok_la_ref_151,515300,dev_la_ref_151,ORD-2026-273070-1255,25.14,EUR,APPROVED
pa_000396,2026-07-02 06:20:00,2026-07-02,acc_la_ba_4,tok_la_ba_4,477777,dev_la_ba_4,m_payroll,218.94,EUR,APPROVED
pa_000397,2026-07-02 06:25:00,2026-07-02,acc_la_ba_5,tok_la_ba_5,477777,dev_la_ba_5,m_payroll,104.37,EUR,APPROVED
pa_000398,2026-07-02 06:30:00,2026-07-02,acc_la_ba_6,tok_la_ba_6,477777,dev_la_ba_6,m_payroll,109.76,EUR,APPROVED
pa_000399,2026-07-02 06:31:00,2026-07-02,acc_la_ref_152,tok_la_ref_152,455600,dev_la_ref_152,ORD-2026-715842-8401,37.62,EUR,APPROVED
pa_000400,2026-07-02 06:35:00,2026-07-02,acc_la_ba_7,tok_la_ba_7,477777,dev_la_ba_7,m_payroll,218.14,EUR,APPROVED
pa_000401,2026-07-02 06:40:00,2026-07-02,acc_la_ba_8,tok_la_ba_8,477777,dev_la_ba_8,m_payroll,240.09,EUR,APPROVED
pa_000402,2026-07-02 06:43:00,2026-07-02,acc_la_ref_153,tok_la_ref_153,523400,dev_la_ref_153,ORD-2026-724067-8151,31.22,EUR,APPROVED
pa_000403,2026-07-02 06:45:00,2026-07-02,acc_la_ba_9,tok_la_ba_9,477777,dev_la_ba_9,m_payroll,253.92,EUR,APPROVED
pa_000404,2026-07-02 06:50:00,2026-07-02,acc_la_ba_10,tok_la_ba_10,477777,dev_la_ba_10,m_payroll,290.19,EUR,APPROVED
pa_000405,2026-07-02 06:55:00,2026-07-02,acc_la_ba_11,tok_la_ba_11,477777,dev_la_ba_11,m_payroll,113.60,EUR,APPROVED
pa_000406,2026-07-02 06:55:00,2026-07-02,acc_la_ref_154,tok_la_ref_154,491700,dev_la_ref_154,ORD-2026-895328-5781,26.32,EUR,APPROVED
pa_000407,2026-07-02 07:00:00,2026-07-02,acc_la_ba_12,tok_la_ba_12,477777,dev_la_ba_12,m_payroll,142.80,EUR,APPROVED
pa_000408,2026-07-02 07:05:00,2026-07-02,acc_la_ba_13,tok_la_ba_13,477777,dev_la_ba_13,m_payroll,123.19,EUR,APPROVED
pa_000409,2026-07-02 07:07:00,2026-07-02,acc_la_ref_155,tok_la_ref_155,402400,dev_la_ref_155,ORD-2026-882081-9287,57.42,EUR,APPROVED
pa_000410,2026-07-02 07:10:00,2026-07-02,acc_la_ba_14,tok_la_ba_14,477777,dev_la_ba_14,m_payroll,166.97,EUR,APPROVED
pa_000411,2026-07-02 07:15:00,2026-07-02,acc_la_ba_15,tok_la_ba_15,477777,dev_la_ba_15,m_payroll,191.27,EUR,APPROVED
pa_000412,2026-07-02 07:19:00,2026-07-02,acc_la_ref_156,tok_la_ref_156,515300,dev_la_ref_156,ORD-2026-809382-1640,58.84,EUR,APPROVED
pa_000413,2026-07-02 07:20:00,2026-07-02,acc_la_ba_16,tok_la_ba_16,477777,dev_la_ba_16,m_payroll,240.62,EUR,APPROVED
pa_000414,2026-07-02 07:25:00,2026-07-02,acc_la_ba_17,tok_la_ba_17,477777,dev_la_ba_17,m_payroll,106.69,EUR,APPROVED
pa_000415,2026-07-02 07:30:00,2026-07-02,acc_la_ba_18,tok_la_ba_18,477777,dev_la_ba_18,m_payroll,174.83,EUR,APPROVED
pa_000416,2026-07-02 07:30:00,2026-07-02,acc_la_ss4,tok_la_ss4,491700,dev_la_ss4_new,m_12,900.00,EUR,DECLINED
pa_000417,2026-07-02 07:31:00,2026-07-02,acc_la_ref_157,tok_la_ref_157,455600,dev_la_ref_157,ORD-2026-593935-2117,30.71,EUR,APPROVED
pa_000418,2026-07-02 07:35:00,2026-07-02,acc_la_ba_19,tok_la_ba_19,477777,dev_la_ba_19,m_payroll,192.82,EUR,APPROVED
pa_000419,2026-07-02 07:40:00,2026-07-02,acc_la_ba_20,tok_la_ba_20,477777,dev_la_ba_20,m_payroll,261.78,EUR,APPROVED
pa_000420,2026-07-02 07:43:00,2026-07-02,acc_la_ref_158,tok_la_ref_158,523400,dev_la_ref_158,ORD-2026-129184-6694,45.57,EUR,APPROVED
pa_000421,2026-07-02 07:45:00,2026-07-02,acc_la_ba_21,tok_la_ba_21,477777,dev_la_ba_21,m_payroll,181.14,EUR,APPROVED
pa_000422,2026-07-02 07:50:00,2026-07-02,acc_la_ba_22,tok_la_ba_22,477777,dev_la_ba_22,m_payroll,195.79,EUR,APPROVED
pa_000423,2026-07-02 07:55:00,2026-07-02,acc_la_ba_23,tok_la_ba_23,477777,dev_la_ba_23,m_payroll,194.43,EUR,APPROVED
pa_000424,2026-07-02 07:55:00,2026-07-02,acc_la_ref_159,tok_la_ref_159,491700,dev_la_ref_159,ORD-2026-495167-2157,23.86,EUR,APPROVED
pa_000425,2026-07-02 08:00:00,2026-07-02,acc_la_ba_24,tok_la_ba_24,477777,dev_la_ba_24,m_payroll,198.88,EUR,APPROVED
pa_000426,2026-07-02 08:02:00,2026-07-02,acc_bg_051,tok_bg_051,515300,dev_bg_051,m_15,79.95,EUR,APPROVED
pa_000427,2026-07-02 08:05:00,2026-07-02,acc_la_ba_25,tok_la_ba_25,477777,dev_la_ba_25,m_payroll,299.79,EUR,APPROVED
pa_000428,2026-07-02 08:05:00,2026-07-02,acc_ss02,tok_ss02,402400,dev_ss02,m_08,37.62,EUR,APPROVED
pa_000429,2026-07-02 08:07:00,2026-07-02,acc_la_ref_160,tok_la_ref_160,402400,dev_la_ref_160,ORD-2026-526288-2767,53.79,EUR,APPROVED
pa_000430,2026-07-02 08:10:00,2026-07-02,acc_la_ba_26,tok_la_ba_26,477777,dev_la_ba_26,m_payroll,119.10,EUR,APPROVED
pa_000431,2026-07-02 08:15:00,2026-07-02,acc_la_ba_27,tok_la_ba_27,477777,dev_la_ba_27,m_payroll,108.30,EUR,APPROVED
pa_000432,2026-07-02 08:17:00,2026-07-02,acc_bg_056,tok_bg_056,515300,dev_bg_056,m_07,76.04,EUR,APPROVED
pa_000433,2026-07-02 08:19:00,2026-07-02,acc_bg_024,tok_bg_024,491700,dev_bg_024,m_02,108.37,EUR,APPROVED
pa_000434,2026-07-02 08:19:00,2026-07-02,acc_la_ref_161,tok_la_ref_161,515300,dev_la_ref_161,ORD-2026-954479-2456,40.57,EUR,APPROVED
pa_000435,2026-07-02 08:20:00,2026-07-02,acc_la_ba_28,tok_la_ba_28,477777,dev_la_ba_28,m_payroll,228.80,EUR,APPROVED
pa_000436,2026-07-02 08:25:00,2026-07-02,acc_la_ba_29,tok_la_ba_29,477777,dev_la_ba_29,m_payroll,253.38,EUR,APPROVED
pa_000437,2026-07-02 08:30:00,2026-07-02,acc_bg_006,tok_bg_006,515300,dev_bg_006,m_20,101.48,EUR,APPROVED
pa_000438,2026-07-02 08:31:00,2026-07-02,acc_la_ref_162,tok_la_ref_162,455600,dev_la_ref_162,ORD-2026-385914-5700,48.94,EUR,APPROVED
pa_000439,2026-07-02 08:32:00,2026-07-02,acc_bg_021,tok_bg_021,515300,dev_bg_021,m_14,20.62,EUR,APPROVED
pa_000440,2026-07-02 08:36:00,2026-07-02,acc_bg_025,tok_bg_025,402400,dev_bg_025,m_02,90.39,EUR,APPROVED
pa_000441,2026-07-02 08:36:00,2026-07-02,acc_bg_029,tok_bg_029,491700,dev_bg_029,m_01,147.06,EUR,APPROVED
pa_000442,2026-07-02 08:40:00,2026-07-02,acc_bg_012,tok_bg_012,455600,dev_bg_012,m_11,93.64,EUR,APPROVED
pa_000443,2026-07-02 08:42:00,2026-07-02,acc_bg_018,tok_bg_018,523400,dev_bg_018,m_16,78.10,EUR,APPROVED
pa_000444,2026-07-02 08:43:00,2026-07-02,acc_la_ref_163,tok_la_ref_163,523400,dev_la_ref_163,ORD-2026-413211-4673,38.59,EUR,APPROVED
pa_000445,2026-07-02 08:44:00,2026-07-02,acc_bg_005,tok_bg_005,402400,dev_bg_005,m_07,99.51,EUR,APPROVED
pa_000446,2026-07-02 08:47:00,2026-07-02,acc_bg_047,tok_bg_047,455600,dev_bg_047,m_09,144.20,EUR,APPROVED
pa_000447,2026-07-02 08:55:00,2026-07-02,acc_bg_001,tok_bg_001,515300,dev_bg_001,m_14,91.00,EUR,APPROVED
pa_000448,2026-07-02 08:55:00,2026-07-02,acc_la_ref_164,tok_la_ref_164,491700,dev_la_ref_164,ORD-2026-932812-3790,33.85,EUR,APPROVED
pa_000449,2026-07-02 08:56:00,2026-07-02,acc_bg_042,tok_bg_042,455600,dev_bg_042,m_02,103.62,EUR,APPROVED
pa_000450,2026-07-02 08:58:00,2026-07-02,acc_bg_039,tok_bg_039,491700,dev_bg_039,m_14,89.07,EUR,APPROVED
pa_000451,2026-07-02 09:03:00,2026-07-02,acc_bg_053,tok_bg_053,523400,dev_bg_053,m_07,87.15,EUR,APPROVED
pa_000452,2026-07-02 09:06:00,2026-07-02,acc_bg_050,tok_bg_050,402400,dev_bg_050,m_19,47.89,EUR,DECLINED
pa_000453,2026-07-02 09:07:00,2026-07-02,acc_la_ref_165,tok_la_ref_165,402400,dev_la_ref_165,ORD-2026-616765-2040,21.80,EUR,APPROVED
pa_000454,2026-07-02 09:13:00,2026-07-02,acc_bg_018,tok_bg_018,523400,dev_bg_018,m_14,65.71,EUR,APPROVED
pa_000455,2026-07-02 09:14:00,2026-07-02,acc_bg_025,tok_bg_025,402400,dev_bg_025,m_20,28.30,EUR,APPROVED
pa_000456,2026-07-02 09:15:00,2026-07-02,acc_bg_009,tok_bg_009,491700,dev_bg_009,m_16,42.18,EUR,APPROVED
pa_000457,2026-07-02 09:15:00,2026-07-02,acc_bg_011,tok_bg_011,515300,dev_bg_011,m_04,47.73,EUR,APPROVED
pa_000458,2026-07-02 09:19:00,2026-07-02,acc_la_ref_166,tok_la_ref_166,515300,dev_la_ref_166,ORD-2026-279591-4591,38.28,EUR,APPROVED
pa_000459,2026-07-02 09:20:00,2026-07-02,acc_bg_020,tok_bg_020,402400,dev_bg_020,m_05,96.70,EUR,APPROVED
pa_000460,2026-07-02 09:31:00,2026-07-02,acc_la_ref_167,tok_la_ref_167,455600,dev_la_ref_167,ORD-2026-114147-9536,38.62,EUR,APPROVED
pa_000461,2026-07-02 09:33:00,2026-07-02,acc_bg_040,tok_bg_040,402400,dev_bg_040,m_09,46.40,EUR,APPROVED
pa_000462,2026-07-02 09:34:00,2026-07-02,acc_bg_008,tok_bg_008,523400,dev_bg_008,m_08,72.62,EUR,APPROVED
pa_000463,2026-07-02 09:37:00,2026-07-02,acc_bg_017,tok_bg_017,455600,dev_bg_017,m_13,83.96,EUR,APPROVED
pa_000464,2026-07-02 09:37:00,2026-07-02,acc_bg_055,tok_bg_055,402400,dev_bg_055,m_12,83.91,EUR,APPROVED
pa_000465,2026-07-02 09:43:00,2026-07-02,acc_bg_036,tok_bg_036,515300,dev_bg_036,m_06,129.76,EUR,DECLINED
pa_000466,2026-07-02 09:43:00,2026-07-02,acc_la_ref_168,tok_la_ref_168,523400,dev_la_ref_168,ORD-2026-760206-1616,58.94,EUR,APPROVED
pa_000467,2026-07-02 09:45:00,2026-07-02,acc_bg_012,tok_bg_012,455600,dev_bg_012,m_12,74.77,EUR,APPROVED
pa_000468,2026-07-02 09:47:00,2026-07-02,acc_bg_058,tok_bg_058,523400,dev_bg_058,m_12,34.81,EUR,APPROVED
pa_000469,2026-07-02 09:49:00,2026-07-02,acc_bg_046,tok_bg_046,515300,dev_bg_046,m_01,16.19,EUR,APPROVED
pa_000470,2026-07-02 09:51:00,2026-07-02,acc_bg_056,tok_bg_056,515300,dev_bg_056,m_19,147.97,EUR,DECLINED
pa_000471,2026-07-02 09:55:00,2026-07-02,acc_la_ref_169,tok_la_ref_169,491700,dev_la_ref_169,ORD-2026-999850-6883,43.83,EUR,APPROVED
pa_000472,2026-07-02 09:56:00,2026-07-02,acc_bg_014,tok_bg_014,491700,dev_bg_014,m_12,100.71,EUR,DECLINED
pa_000473,2026-07-02 09:58:00,2026-07-02,acc_bg_044,tok_bg_044,491700,dev_bg_044,m_11,140.56,EUR,APPROVED
pa_000474,2026-07-02 10:02:00,2026-07-02,acc_bg_049,tok_bg_049,491700,dev_bg_049,m_13,88.71,EUR,APPROVED
pa_000475,2026-07-02 10:03:00,2026-07-02,acc_bg_060,tok_bg_060,402400,dev_bg_060,m_14,20.74,EUR,APPROVED
pa_000476,2026-07-02 10:07:00,2026-07-02,acc_bg_041,tok_bg_041,515300,dev_bg_041,m_09,40.38,EUR,APPROVED
pa_000477,2026-07-02 10:07:00,2026-07-02,acc_la_ref_170,tok_la_ref_170,402400,dev_la_ref_170,ORD-2026-030826-4025,56.99,EUR,APPROVED
pa_000478,2026-07-02 10:12:00,2026-07-02,acc_bg_056,tok_bg_056,515300,dev_bg_056,m_20,84.66,EUR,APPROVED
pa_000479,2026-07-02 10:13:00,2026-07-02,acc_bg_052,tok_bg_052,455600,dev_bg_052,m_13,74.63,EUR,APPROVED
pa_000480,2026-07-02 10:16:00,2026-07-02,acc_bg_054,tok_bg_054,491700,dev_bg_054,m_11,69.36,EUR,DECLINED
pa_000481,2026-07-02 10:17:00,2026-07-02,acc_bg_028,tok_bg_028,523400,dev_bg_028,m_01,140.29,EUR,APPROVED
pa_000482,2026-07-02 10:19:00,2026-07-02,acc_la_ref_171,tok_la_ref_171,515300,dev_la_ref_171,ORD-2026-808348-0837,28.72,EUR,APPROVED
pa_000483,2026-07-02 10:21:00,2026-07-02,acc_bg_025,tok_bg_025,402400,dev_bg_025,m_19,35.95,EUR,APPROVED
pa_000484,2026-07-02 10:31:00,2026-07-02,acc_la_ref_172,tok_la_ref_172,455600,dev_la_ref_172,ORD-2026-453751-9327,20.17,EUR,APPROVED
pa_000485,2026-07-02 10:36:00,2026-07-02,acc_bg_057,tok_bg_057,455600,dev_bg_057,m_08,94.01,EUR,APPROVED
pa_000486,2026-07-02 10:37:00,2026-07-02,acc_bg_038,tok_bg_038,523400,dev_bg_038,m_19,33.19,EUR,APPROVED
pa_000487,2026-07-02 10:38:00,2026-07-02,acc_bg_013,tok_bg_013,523400,dev_bg_013,m_04,46.98,EUR,APPROVED
pa_000488,2026-07-02 10:43:00,2026-07-02,acc_la_ref_173,tok_la_ref_173,523400,dev_la_ref_173,ORD-2026-875236-0101,48.79,EUR,APPROVED
pa_000489,2026-07-02 10:46:00,2026-07-02,acc_bg_009,tok_bg_009,491700,dev_bg_009,m_13,67.22,EUR,APPROVED
pa_000490,2026-07-02 10:55:00,2026-07-02,acc_la_ref_174,tok_la_ref_174,491700,dev_la_ref_174,ORD-2026-823375-7559,25.04,EUR,APPROVED
pa_000491,2026-07-02 11:01:00,2026-07-02,acc_bg_019,tok_bg_019,491700,dev_bg_019,m_17,72.64,EUR,APPROVED
pa_000492,2026-07-02 11:04:00,2026-07-02,acc_bg_034,tok_bg_034,491700,dev_bg_034,m_12,98.03,EUR,APPROVED
pa_000493,2026-07-02 11:07:00,2026-07-02,acc_la_ref_175,tok_la_ref_175,402400,dev_la_ref_175,ORD-2026-417962-0160,30.72,EUR,APPROVED
pa_000494,2026-07-02 11:12:00,2026-07-02,acc_bg_060,tok_bg_060,402400,dev_bg_060,m_15,44.46,EUR,APPROVED
pa_000495,2026-07-02 11:13:00,2026-07-02,acc_bg_041,tok_bg_041,515300,dev_bg_041,m_18,109.18,EUR,APPROVED
pa_000496,2026-07-02 11:14:00,2026-07-02,acc_bg_005,tok_bg_005,402400,dev_bg_005,m_01,60.02,EUR,APPROVED
pa_000497,2026-07-02 11:19:00,2026-07-02,acc_la_ref_176,tok_la_ref_176,515300,dev_la_ref_176,ORD-2026-335249-0153,51.45,EUR,APPROVED
pa_000498,2026-07-02 11:30:00,2026-07-02,acc_ss01,tok_ss01,491700,dev_ss01_new,m_07,450.00,EUR,APPROVED
pa_000499,2026-07-02 11:31:00,2026-07-02,acc_la_ref_177,tok_la_ref_177,455600,dev_la_ref_177,ORD-2026-392719-8560,25.11,EUR,APPROVED
pa_000500,2026-07-02 11:32:00,2026-07-02,acc_bg_030,tok_bg_030,402400,dev_bg_030,m_10,19.10,EUR,APPROVED
pa_000501,2026-07-02 11:43:00,2026-07-02,acc_bg_042,tok_bg_042,455600,dev_bg_042,m_03,121.99,EUR,APPROVED
pa_000502,2026-07-02 11:43:00,2026-07-02,acc_la_ref_178,tok_la_ref_178,523400,dev_la_ref_178,ORD-2026-553582-1312,48.15,EUR,APPROVED
pa_000503,2026-07-02 11:44:00,2026-07-02,acc_bg_014,tok_bg_014,491700,dev_bg_014,m_18,139.50,EUR,APPROVED
pa_000504,2026-07-02 11:46:00,2026-07-02,acc_bg_029,tok_bg_029,491700,dev_bg_029,m_10,31.24,EUR,APPROVED
pa_000505,2026-07-02 11:50:00,2026-07-02,acc_bg_010,tok_bg_010,402400,dev_bg_010,m_13,108.73,EUR,APPROVED
pa_000506,2026-07-02 11:50:00,2026-07-02,acc_bg_043,tok_bg_043,523400,dev_bg_043,m_07,127.15,EUR,DECLINED
pa_000507,2026-07-02 11:55:00,2026-07-02,acc_la_ref_179,tok_la_ref_179,491700,dev_la_ref_179,ORD-2026-627718-5650,56.68,EUR,APPROVED
pa_000508,2026-07-02 12:00:00,2026-07-02,acc_la_ss2,tok_la_ss2,455600,dev_la_ss2,m_10,600.00,EUR,APPROVED
pa_000509,2026-07-02 12:02:00,2026-07-02,acc_bg_015,tok_bg_015,402400,dev_bg_015,m_01,100.00,EUR,APPROVED
pa_000510,2026-07-02 12:04:00,2026-07-02,acc_bg_032,tok_bg_032,455600,dev_bg_032,m_09,18.67,EUR,APPROVED
pa_000511,2026-07-02 12:05:00,2026-07-02,acc_ss02,tok_ss02,402400,dev_ss02,m_12,35.97,EUR,APPROVED
pa_000512,2026-07-02 12:06:00,2026-07-02,acc_bg_057,tok_bg_057,455600,dev_bg_057,m_15,29.00,EUR,APPROVED
pa_000513,2026-07-02 12:07:00,2026-07-02,acc_la_ref_180,tok_la_ref_180,402400,dev_la_ref_180,ORD-2026-340688-9053,51.54,EUR,APPROVED
pa_000514,2026-07-02 12:08:00,2026-07-02,acc_bg_027,tok_bg_027,455600,dev_bg_027,m_13,55.82,EUR,APPROVED
pa_000515,2026-07-02 12:09:00,2026-07-02,acc_bg_008,tok_bg_008,523400,dev_bg_008,m_13,18.80,EUR,APPROVED
pa_000516,2026-07-02 12:11:00,2026-07-02,acc_bg_011,tok_bg_011,515300,dev_bg_011,m_07,131.49,EUR,APPROVED
pa_000517,2026-07-02 12:14:00,2026-07-02,acc_bg_053,tok_bg_053,523400,dev_bg_053,m_16,27.15,EUR,APPROVED
pa_000518,2026-07-02 12:18:00,2026-07-02,acc_bg_031,tok_bg_031,515300,dev_bg_031,m_08,93.07,EUR,DECLINED
pa_000519,2026-07-02 12:19:00,2026-07-02,acc_la_ref_181,tok_la_ref_181,515300,dev_la_ref_181,ORD-2026-635661-4694,29.97,EUR,APPROVED
pa_000520,2026-07-02 12:22:00,2026-07-02,acc_bg_028,tok_bg_028,523400,dev_bg_028,m_01,38.82,EUR,DECLINED
pa_000521,2026-07-02 12:27:00,2026-07-02,acc_bg_017,tok_bg_017,455600,dev_bg_017,m_13,149.03,EUR,APPROVED
pa_000522,2026-07-02 12:31:00,2026-07-02,acc_la_ref_182,tok_la_ref_182,455600,dev_la_ref_182,ORD-2026-621350-0091,46.43,EUR,APPROVED
pa_000523,2026-07-02 12:34:00,2026-07-02,acc_bg_007,tok_bg_007,455600,dev_bg_007,m_12,43.06,EUR,DECLINED
pa_000524,2026-07-02 12:42:00,2026-07-02,acc_bg_022,tok_bg_022,455600,dev_bg_022,m_14,127.61,EUR,APPROVED
pa_000525,2026-07-02 12:43:00,2026-07-02,acc_la_ref_183,tok_la_ref_183,523400,dev_la_ref_183,ORD-2026-666055-4959,39.56,EUR,APPROVED
pa_000526,2026-07-02 12:50:00,2026-07-02,acc_bg_009,tok_bg_009,491700,dev_bg_009,m_07,110.32,EUR,APPROVED
pa_000527,2026-07-02 12:51:00,2026-07-02,acc_bg_041,tok_bg_041,515300,dev_bg_041,m_02,129.72,EUR,APPROVED
pa_000528,2026-07-02 12:52:00,2026-07-02,acc_bg_045,tok_bg_045,402400,dev_bg_045,m_07,117.44,EUR,APPROVED
pa_000529,2026-07-02 12:53:00,2026-07-02,acc_bg_036,tok_bg_036,515300,dev_bg_036,m_14,68.61,EUR,APPROVED
pa_000530,2026-07-02 12:55:00,2026-07-02,acc_la_ref_184,tok_la_ref_184,491700,dev_la_ref_184,ORD-2026-961040-7006,41.99,EUR,APPROVED
pa_000531,2026-07-02 13:00:00,2026-07-02,acc_bg_016,tok_bg_016,515300,dev_bg_016,m_05,52.77,EUR,APPROVED
pa_000532,2026-07-02 13:03:00,2026-07-02,acc_bg_006,tok_bg_006,515300,dev_bg_006,m_09,92.94,EUR,APPROVED
pa_000533,2026-07-02 13:04:00,2026-07-02,acc_bg_015,tok_bg_015,402400,dev_bg_015,m_13,5.55,EUR,APPROVED
pa_000534,2026-07-02 13:04:00,2026-07-02,acc_bg_021,tok_bg_021,515300,dev_bg_021,m_11,79.33,EUR,DECLINED
pa_000535,2026-07-02 13:07:00,2026-07-02,acc_la_ref_185,tok_la_ref_185,402400,dev_la_ref_185,ORD-2026-592504-6777,47.39,EUR,APPROVED
pa_000536,2026-07-02 13:08:00,2026-07-02,acc_bg_043,tok_bg_043,523400,dev_bg_043,m_11,138.29,EUR,APPROVED
pa_000537,2026-07-02 13:14:00,2026-07-02,acc_bg_033,tok_bg_033,523400,dev_bg_033,m_10,20.31,EUR,APPROVED
pa_000538,2026-07-02 13:19:00,2026-07-02,acc_la_ref_186,tok_la_ref_186,515300,dev_la_ref_186,ORD-2026-862692-3093,49.95,EUR,APPROVED
pa_000539,2026-07-02 13:31:00,2026-07-02,acc_la_ref_187,tok_la_ref_187,455600,dev_la_ref_187,ORD-2026-318364-1082,25.24,EUR,APPROVED
pa_000540,2026-07-02 13:34:00,2026-07-02,acc_bg_027,tok_bg_027,455600,dev_bg_027,m_01,22.41,EUR,APPROVED
pa_000541,2026-07-02 13:38:00,2026-07-02,acc_bg_058,tok_bg_058,523400,dev_bg_058,m_08,127.55,EUR,APPROVED
pa_000542,2026-07-02 13:40:00,2026-07-02,acc_bg_010,tok_bg_010,402400,dev_bg_010,m_02,117.63,EUR,APPROVED
pa_000543,2026-07-02 13:43:00,2026-07-02,acc_bg_022,tok_bg_022,455600,dev_bg_022,m_05,102.60,EUR,APPROVED
pa_000544,2026-07-02 13:43:00,2026-07-02,acc_la_ref_188,tok_la_ref_188,523400,dev_la_ref_188,ORD-2026-981211-6878,57.06,EUR,APPROVED
pa_000545,2026-07-02 13:45:00,2026-07-02,acc_bg_044,tok_bg_044,491700,dev_bg_044,m_01,19.27,EUR,APPROVED
pa_000546,2026-07-02 13:51:00,2026-07-02,acc_bg_040,tok_bg_040,402400,dev_bg_040,m_03,11.65,EUR,APPROVED
pa_000547,2026-07-02 13:53:00,2026-07-02,acc_bg_050,tok_bg_050,402400,dev_bg_050,m_08,101.19,EUR,APPROVED
pa_000548,2026-07-02 13:55:00,2026-07-02,acc_la_ref_189,tok_la_ref_189,491700,dev_la_ref_189,ORD-2026-741924-3169,31.68,EUR,APPROVED
pa_000549,2026-07-02 14:00:00,2026-07-02,acc_vb01,tok_vb_01,402400,dev_vb01,m_03,59.27,EUR,APPROVED
pa_000550,2026-07-02 14:03:00,2026-07-02,acc_bg_039,tok_bg_039,491700,dev_bg_039,m_19,116.83,EUR,APPROVED
pa_000551,2026-07-02 14:06:00,2026-07-02,acc_vb01,tok_vb_01,402400,dev_vb01,m_03,130.82,EUR,DECLINED
pa_000552,2026-07-02 14:07:00,2026-07-02,acc_la_ref_190,tok_la_ref_190,402400,dev_la_ref_190,ORD-2026-914012-4376,37.24,EUR,APPROVED
pa_000553,2026-07-02 14:10:00,2026-07-02,acc_bg_003,tok_bg_003,523400,dev_bg_003,m_07,20.68,EUR,APPROVED
pa_000554,2026-07-02 14:10:00,2026-07-02,acc_bg_047,tok_bg_047,455600,dev_bg_047,m_01,123.81,EUR,APPROVED
pa_000555,2026-07-02 14:10:00,2026-07-02,acc_bg_058,tok_bg_058,523400,dev_bg_058,m_08,21.14,EUR,DECLINED
pa_000556,2026-07-02 14:11:00,2026-07-02,acc_bg_032,tok_bg_032,455600,dev_bg_032,m_03,17.61,EUR,APPROVED
pa_000557,2026-07-02 14:12:00,2026-07-02,acc_vb01,tok_vb_01,402400,dev_vb01,m_03,85.74,EUR,APPROVED
pa_000558,2026-07-02 14:18:00,2026-07-02,acc_vb01,tok_vb_01,402400,dev_vb01,m_03,143.59,EUR,DECLINED
pa_000559,2026-07-02 14:19:00,2026-07-02,acc_la_ref_191,tok_la_ref_191,515300,dev_la_ref_191,ORD-2026-283534-9819,55.92,EUR,APPROVED
pa_000560,2026-07-02 14:24:00,2026-07-02,acc_vb01,tok_vb_01,402400,dev_vb01,m_03,61.51,EUR,APPROVED
pa_000561,2026-07-02 14:29:00,2026-07-02,acc_bg_013,tok_bg_013,523400,dev_bg_013,m_12,22.83,EUR,APPROVED
pa_000562,2026-07-02 14:30:00,2026-07-02,acc_vb01,tok_vb_01,402400,dev_vb01,m_03,107.66,EUR,DECLINED
pa_000563,2026-07-02 14:31:00,2026-07-02,acc_la_ref_192,tok_la_ref_192,455600,dev_la_ref_192,ORD-2026-576162-3124,38.24,EUR,APPROVED
pa_000564,2026-07-02 14:36:00,2026-07-02,acc_vb01,tok_vb_01,402400,dev_vb01,m_03,158.00,EUR,APPROVED
pa_000565,2026-07-02 14:41:00,2026-07-02,acc_bg_042,tok_bg_042,455600,dev_bg_042,m_17,15.44,EUR,APPROVED
pa_000566,2026-07-02 14:41:00,2026-07-02,acc_bg_054,tok_bg_054,491700,dev_bg_054,m_11,71.71,EUR,APPROVED
pa_000567,2026-07-02 14:43:00,2026-07-02,acc_la_ref_193,tok_la_ref_193,523400,dev_la_ref_193,ORD-2026-620512-5973,26.04,EUR,APPROVED
pa_000568,2026-07-02 14:51:00,2026-07-02,acc_bg_048,tok_bg_048,523400,dev_bg_048,m_07,116.38,EUR,APPROVED
pa_000569,2026-07-02 14:52:00,2026-07-02,acc_bg_031,tok_bg_031,515300,dev_bg_031,m_04,58.61,EUR,APPROVED
pa_000570,2026-07-02 14:54:00,2026-07-02,acc_bg_052,tok_bg_052,455600,dev_bg_052,m_10,103.08,EUR,APPROVED
pa_000571,2026-07-02 14:55:00,2026-07-02,acc_la_ref_194,tok_la_ref_194,491700,dev_la_ref_194,ORD-2026-456204-9205,28.00,EUR,APPROVED
pa_000572,2026-07-02 14:57:00,2026-07-02,acc_bg_024,tok_bg_024,491700,dev_bg_024,m_15,132.34,EUR,APPROVED
pa_000573,2026-07-02 15:01:00,2026-07-02,acc_bg_046,tok_bg_046,515300,dev_bg_046,m_02,73.70,EUR,APPROVED
pa_000574,2026-07-02 15:02:00,2026-07-02,acc_bg_030,tok_bg_030,402400,dev_bg_030,m_19,121.08,EUR,DECLINED
pa_000575,2026-07-02 15:04:00,2026-07-02,acc_bg_028,tok_bg_028,523400,dev_bg_028,m_15,32.55,EUR,APPROVED
pa_000576,2026-07-02 15:06:00,2026-07-02,acc_bg_011,tok_bg_011,515300,dev_bg_011,m_04,59.69,EUR,APPROVED
pa_000577,2026-07-02 15:07:00,2026-07-02,acc_la_ref_195,tok_la_ref_195,402400,dev_la_ref_195,ORD-2026-119744-5996,58.00,EUR,APPROVED
pa_000578,2026-07-02 15:08:00,2026-07-02,acc_bg_055,tok_bg_055,402400,dev_bg_055,m_03,7.46,EUR,DECLINED
pa_000579,2026-07-02 15:09:00,2026-07-02,acc_bg_007,tok_bg_007,455600,dev_bg_007,m_15,24.45,EUR,APPROVED
pa_000580,2026-07-02 15:17:00,2026-07-02,acc_bg_044,tok_bg_044,491700,dev_bg_044,m_11,107.33,EUR,APPROVED
pa_000581,2026-07-02 15:19:00,2026-07-02,acc_la_ref_196,tok_la_ref_196,515300,dev_la_ref_196,ORD-2026-702529-4150,29.52,EUR,APPROVED
pa_000582,2026-07-02 15:29:00,2026-07-02,acc_bg_026,tok_bg_026,515300,dev_bg_026,m_03,118.38,EUR,APPROVED
pa_000583,2026-07-02 15:31:00,2026-07-02,acc_la_ref_197,tok_la_ref_197,455600,dev_la_ref_197,ORD-2026-369971-1888,41.41,EUR,APPROVED
pa_000584,2026-07-02 15:41:00,2026-07-02,acc_bg_022,tok_bg_022,455600,dev_bg_022,m_10,60.92,EUR,APPROVED
pa_000585,2026-07-02 15:43:00,2026-07-02,acc_la_ref_198,tok_la_ref_198,523400,dev_la_ref_198,ORD-2026-094653-3995,41.95,EUR,APPROVED
pa_000586,2026-07-02 15:48:00,2026-07-02,acc_bg_047,tok_bg_047,455600,dev_bg_047,m_11,44.37,EUR,APPROVED
pa_000587,2026-07-02 15:50:00,2026-07-02,acc_bg_009,tok_bg_009,491700,dev_bg_009,m_11,85.51,EUR,APPROVED
pa_000588,2026-07-02 15:53:00,2026-07-02,acc_bg_032,tok_bg_032,455600,dev_bg_032,m_03,109.20,EUR,APPROVED
pa_000589,2026-07-02 15:55:00,2026-07-02,acc_la_ref_199,tok_la_ref_199,491700,dev_la_ref_199,ORD-2026-330992-9943,46.11,EUR,APPROVED
pa_000590,2026-07-02 15:57:00,2026-07-02,acc_bg_037,tok_bg_037,455600,dev_bg_037,m_12,32.80,EUR,APPROVED
pa_000591,2026-07-02 16:00:00,2026-07-02,acc_la_vb2,tok_la_vb2,523400,dev_la_vb2,m_06,24.13,EUR,APPROVED
pa_000592,2026-07-02 16:01:00,2026-07-02,acc_bg_041,tok_bg_041,515300,dev_bg_041,m_14,18.22,EUR,APPROVED
pa_000593,2026-07-02 16:04:00,2026-07-02,acc_bg_001,tok_bg_001,515300,dev_bg_001,m_07,25.63,EUR,DECLINED
pa_000594,2026-07-02 16:07:00,2026-07-02,acc_la_ref_200,tok_la_ref_200,402400,dev_la_ref_200,1751574698005,38.13,EUR,APPROVED
pa_000595,2026-07-02 16:08:00,2026-07-02,acc_bg_012,tok_bg_012,455600,dev_bg_012,m_05,36.83,EUR,APPROVED
pa_000596,2026-07-02 16:10:00,2026-07-02,acc_bg_037,tok_bg_037,455600,dev_bg_037,m_08,72.43,EUR,APPROVED
pa_000597,2026-07-02 16:12:00,2026-07-02,acc_la_vb2,tok_la_vb2,523400,dev_la_vb2,m_06,23.39,EUR,APPROVED
pa_000598,2026-07-02 16:19:00,2026-07-02,acc_la_ref_201,tok_la_ref_201,515300,dev_la_ref_201,1751382417092,33.26,EUR,APPROVED
pa_000599,2026-07-02 16:22:00,2026-07-02,acc_bg_048,tok_bg_048,523400,dev_bg_048,m_15,76.93,EUR,APPROVED
pa_000600,2026-07-02 16:24:00,2026-07-02,acc_bg_032,tok_bg_032,455600,dev_bg_032,m_06,46.87,EUR,APPROVED
pa_000601,2026-07-02 16:24:00,2026-07-02,acc_la_vb2,tok_la_vb2,523400,dev_la_vb2,m_06,30.87,EUR,APPROVED
pa_000602,2026-07-02 16:26:00,2026-07-02,acc_bg_030,tok_bg_030,402400,dev_bg_030,m_02,146.44,EUR,DECLINED
pa_000603,2026-07-02 16:27:00,2026-07-02,acc_bg_015,tok_bg_015,402400,dev_bg_015,m_05,15.04,EUR,APPROVED
pa_000604,2026-07-02 16:31:00,2026-07-02,acc_la_ref_202,tok_la_ref_202,455600,dev_la_ref_202,1751542538728,23.41,EUR,APPROVED
pa_000605,2026-07-02 16:35:00,2026-07-02,acc_bg_011,tok_bg_011,515300,dev_bg_011,m_07,128.11,EUR,APPROVED
pa_000606,2026-07-02 16:36:00,2026-07-02,acc_la_vb2,tok_la_vb2,523400,dev_la_vb2,m_06,26.39,EUR,APPROVED
pa_000607,2026-07-02 16:40:00,2026-07-02,acc_bg_042,tok_bg_042,455600,dev_bg_042,m_13,88.32,EUR,APPROVED
pa_000608,2026-07-02 16:43:00,2026-07-02,acc_la_ref_203,tok_la_ref_203,523400,dev_la_ref_203,1751559339323,30.57,EUR,APPROVED
pa_000609,2026-07-02 16:45:00,2026-07-02,acc_bg_054,tok_bg_054,491700,dev_bg_054,m_18,79.00,EUR,APPROVED
pa_000610,2026-07-02 16:48:00,2026-07-02,acc_la_vb2,tok_la_vb2,523400,dev_la_vb2,m_06,66.83,EUR,APPROVED
pa_000611,2026-07-02 16:53:00,2026-07-02,acc_bg_026,tok_bg_026,515300,dev_bg_026,m_04,30.55,EUR,APPROVED
pa_000612,2026-07-02 16:55:00,2026-07-02,acc_la_ref_204,tok_la_ref_204,491700,dev_la_ref_204,1751330179251,41.46,EUR,APPROVED
pa_000613,2026-07-02 16:59:00,2026-07-02,acc_bg_051,tok_bg_051,515300,dev_bg_051,m_14,19.63,EUR,APPROVED
pa_000614,2026-07-02 17:00:00,2026-07-02,acc_la_ss3,tok_la_ss3,523400,dev_la_ss3_new,m_11,40.00,EUR,APPROVED
pa_000615,2026-07-02 17:01:00,2026-07-02,acc_la_vb2,tok_la_vb2,523400,dev_la_vb2,m_06,26.66,EUR,APPROVED
pa_000616,2026-07-02 17:03:00,2026-07-02,acc_bg_029,tok_bg_029,491700,dev_bg_029,m_03,134.93,EUR,APPROVED
pa_000617,2026-07-02 17:05:00,2026-07-02,acc_bg_039,tok_bg_039,491700,dev_bg_039,m_13,147.13,EUR,APPROVED
pa_000618,2026-07-02 17:07:00,2026-07-02,acc_la_ref_205,tok_la_ref_205,402400,dev_la_ref_205,1751382449127,21.71,EUR,APPROVED
pa_000619,2026-07-02 17:17:00,2026-07-02,acc_bg_051,tok_bg_051,515300,dev_bg_051,m_10,46.56,EUR,APPROVED
pa_000620,2026-07-02 17:19:00,2026-07-02,acc_la_ref_206,tok_la_ref_206,515300,dev_la_ref_206,1751542772613,24.89,EUR,APPROVED
pa_000621,2026-07-02 17:21:00,2026-07-02,acc_bg_043,tok_bg_043,523400,dev_bg_043,m_15,38.81,EUR,APPROVED
pa_000622,2026-07-02 17:27:00,2026-07-02,acc_bg_001,tok_bg_001,515300,dev_bg_001,m_16,142.52,EUR,APPROVED
pa_000623,2026-07-02 17:31:00,2026-07-02,acc_la_ref_207,tok_la_ref_207,455600,dev_la_ref_207,1751470289049,46.46,EUR,APPROVED
pa_000624,2026-07-02 17:37:00,2026-07-02,acc_bg_012,tok_bg_012,455600,dev_bg_012,m_03,79.25,EUR,APPROVED
pa_000625,2026-07-02 17:37:00,2026-07-02,acc_bg_023,tok_bg_023,523400,dev_bg_023,m_14,77.33,EUR,APPROVED
pa_000626,2026-07-02 17:42:00,2026-07-02,acc_bg_004,tok_bg_004,491700,dev_bg_004,m_16,51.01,EUR,APPROVED
pa_000627,2026-07-02 17:42:00,2026-07-02,acc_bg_020,tok_bg_020,402400,dev_bg_020,m_10,96.16,EUR,APPROVED
pa_000628,2026-07-02 17:43:00,2026-07-02,acc_la_ref_208,tok_la_ref_208,523400,dev_la_ref_208,1751528258690,22.64,EUR,APPROVED
pa_000629,2026-07-02 17:46:00,2026-07-02,acc_bg_007,tok_bg_007,455600,dev_bg_007,m_20,133.33,EUR,APPROVED
pa_000630,2026-07-02 17:47:00,2026-07-02,acc_bg_015,tok_bg_015,402400,dev_bg_015,m_06,95.24,EUR,APPROVED
pa_000631,2026-07-02 17:49:00,2026-07-02,acc_bg_037,tok_bg_037,455600,dev_bg_037,m_06,37.57,EUR,APPROVED
pa_000632,2026-07-02 17:55:00,2026-07-02,acc_bg_045,tok_bg_045,402400,dev_bg_045,m_08,138.11,EUR,APPROVED
pa_000633,2026-07-02 17:55:00,2026-07-02,acc_la_ref_209,tok_la_ref_209,491700,dev_la_ref_209,1751413447304,45.69,EUR,APPROVED
pa_000634,2026-07-02 17:58:00,2026-07-02,acc_bg_025,tok_bg_025,402400,dev_bg_025,m_03,17.92,EUR,APPROVED
pa_000635,2026-07-02 18:05:00,2026-07-02,acc_ss02,tok_ss02,402400,dev_ss02,m_18,27.92,EUR,APPROVED
pa_000636,2026-07-02 18:07:00,2026-07-02,acc_la_ref_210,tok_la_ref_210,402400,dev_la_ref_210,1751425689858,42.61,EUR,APPROVED
pa_000637,2026-07-02 18:13:00,2026-07-02,acc_bg_044,tok_bg_044,491700,dev_bg_044,m_09,83.71,EUR,APPROVED
pa_000638,2026-07-02 18:14:00,2026-07-02,acc_bg_035,tok_bg_035,402400,dev_bg_035,m_13,125.59,EUR,APPROVED
pa_000639,2026-07-02 18:19:00,2026-07-02,acc_la_ref_211,tok_la_ref_211,515300,dev_la_ref_211,1751340901244,30.79,EUR,APPROVED
pa_000640,2026-07-02 18:28:00,2026-07-02,acc_bg_002,tok_bg_002,455600,dev_bg_002,m_01,37.77,EUR,APPROVED
pa_000641,2026-07-02 18:31:00,2026-07-02,acc_la_ref_212,tok_la_ref_212,455600,dev_la_ref_212,1751523575160,44.78,EUR,APPROVED
pa_000642,2026-07-02 18:38:00,2026-07-02,acc_bg_036,tok_bg_036,515300,dev_bg_036,m_13,43.63,EUR,APPROVED
pa_000643,2026-07-02 18:43:00,2026-07-02,acc_la_ref_213,tok_la_ref_213,523400,dev_la_ref_213,1751557453533,21.91,EUR,APPROVED
pa_000644,2026-07-02 18:46:00,2026-07-02,acc_bg_019,tok_bg_019,491700,dev_bg_019,m_10,74.15,EUR,APPROVED
pa_000645,2026-07-02 18:48:00,2026-07-02,acc_bg_014,tok_bg_014,491700,dev_bg_014,m_16,145.66,EUR,APPROVED
pa_000646,2026-07-02 18:55:00,2026-07-02,acc_la_ref_214,tok_la_ref_214,491700,dev_la_ref_214,1751461743652,23.16,EUR,APPROVED
pa_000647,2026-07-02 18:56:00,2026-07-02,acc_bg_054,tok_bg_054,491700,dev_bg_054,m_20,146.74,EUR,APPROVED
pa_000648,2026-07-02 19:00:00,2026-07-02,acc_sh1,tok_shared,455600,dev_sh1,m_15,44.84,EUR,APPROVED
pa_000649,2026-07-02 19:05:00,2026-07-02,acc_sh2,tok_shared,455600,dev_sh2,m_15,78.44,EUR,APPROVED
pa_000650,2026-07-02 19:06:00,2026-07-02,acc_bg_055,tok_bg_055,402400,dev_bg_055,m_05,116.08,EUR,APPROVED
pa_000651,2026-07-02 19:07:00,2026-07-02,acc_la_ref_215,tok_la_ref_215,402400,dev_la_ref_215,1751556555636,57.71,EUR,APPROVED
pa_000652,2026-07-02 19:10:00,2026-07-02,acc_sh1,tok_shared,455600,dev_sh1,m_15,62.97,EUR,APPROVED
pa_000653,2026-07-02 19:11:00,2026-07-02,acc_bg_051,tok_bg_051,515300,dev_bg_051,m_18,74.41,EUR,APPROVED
pa_000654,2026-07-02 19:15:00,2026-07-02,acc_sh2,tok_shared,455600,dev_sh2,m_15,72.15,EUR,APPROVED
pa_000655,2026-07-02 19:18:00,2026-07-02,acc_bg_006,tok_bg_006,515300,dev_bg_006,m_03,119.72,EUR,APPROVED
pa_000656,2026-07-02 19:19:00,2026-07-02,acc_bg_049,tok_bg_049,491700,dev_bg_049,m_04,125.54,EUR,APPROVED
pa_000657,2026-07-02 19:19:00,2026-07-02,acc_la_ref_216,tok_la_ref_216,515300,dev_la_ref_216,1751553041817,28.80,EUR,APPROVED
pa_000658,2026-07-02 19:20:00,2026-07-02,acc_sh1,tok_shared,455600,dev_sh1,m_15,44.87,EUR,APPROVED
pa_000659,2026-07-02 19:24:00,2026-07-02,acc_bg_048,tok_bg_048,523400,dev_bg_048,m_02,53.00,EUR,APPROVED
pa_000660,2026-07-02 19:25:00,2026-07-02,acc_sh2,tok_shared,455600,dev_sh2,m_15,78.21,EUR,APPROVED
pa_000661,2026-07-02 19:31:00,2026-07-02,acc_la_ref_217,tok_la_ref_217,455600,dev_la_ref_217,1751451652396,57.06,EUR,APPROVED
pa_000662,2026-07-02 19:33:00,2026-07-02,acc_bg_003,tok_bg_003,523400,dev_bg_003,m_10,98.54,EUR,APPROVED
pa_000663,2026-07-02 19:41:00,2026-07-02,acc_bg_008,tok_bg_008,523400,dev_bg_008,m_09,147.19,EUR,APPROVED
pa_000664,2026-07-02 19:43:00,2026-07-02,acc_la_ref_218,tok_la_ref_218,523400,dev_la_ref_218,1751531704434,32.96,EUR,APPROVED
pa_000665,2026-07-02 19:44:00,2026-07-02,acc_bg_045,tok_bg_045,402400,dev_bg_045,m_11,91.53,EUR,APPROVED
pa_000666,2026-07-02 19:51:00,2026-07-02,acc_bg_034,tok_bg_034,491700,dev_bg_034,m_05,136.65,EUR,APPROVED
pa_000667,2026-07-02 19:55:00,2026-07-02,acc_la_ref_219,tok_la_ref_219,491700,dev_la_ref_219,1751453707700,22.18,EUR,APPROVED
pa_000668,2026-07-02 20:07:00,2026-07-02,acc_la_ref_220,tok_la_ref_220,402400,dev_la_ref_220,1751573388679,39.78,EUR,APPROVED
pa_000669,2026-07-02 20:12:00,2026-07-02,acc_bg_018,tok_bg_018,523400,dev_bg_018,m_18,97.96,EUR,APPROVED
pa_000670,2026-07-02 20:17:00,2026-07-02,acc_bg_027,tok_bg_027,455600,dev_bg_027,m_13,147.87,EUR,DECLINED
pa_000671,2026-07-02 20:19:00,2026-07-02,acc_la_ref_221,tok_la_ref_221,515300,dev_la_ref_221,1751447924848,54.70,EUR,APPROVED
pa_000672,2026-07-02 20:22:00,2026-07-02,acc_bg_049,tok_bg_049,491700,dev_bg_049,m_14,81.13,EUR,APPROVED
pa_000673,2026-07-02 20:23:00,2026-07-02,acc_bg_043,tok_bg_043,523400,dev_bg_043,m_19,49.28,EUR,APPROVED
pa_000674,2026-07-02 20:31:00,2026-07-02,acc_bg_031,tok_bg_031,515300,dev_bg_031,m_10,104.02,EUR,APPROVED
pa_000675,2026-07-02 20:31:00,2026-07-02,acc_la_ref_222,tok_la_ref_222,455600,dev_la_ref_222,1751397803238,40.64,EUR,APPROVED
pa_000676,2026-07-02 20:33:00,2026-07-02,acc_bg_002,tok_bg_002,455600,dev_bg_002,m_13,99.93,EUR,APPROVED
pa_000677,2026-07-02 20:43:00,2026-07-02,acc_la_ref_223,tok_la_ref_223,523400,dev_la_ref_223,1751454247106,38.82,EUR,APPROVED
pa_000678,2026-07-02 20:45:00,2026-07-02,acc_bg_052,tok_bg_052,455600,dev_bg_052,m_16,10.44,EUR,APPROVED
pa_000679,2026-07-02 20:50:00,2026-07-02,acc_bg_053,tok_bg_053,523400,dev_bg_053,m_05,106.84,EUR,APPROVED
pa_000680,2026-07-02 20:52:00,2026-07-02,acc_bg_038,tok_bg_038,523400,dev_bg_038,m_11,28.16,EUR,APPROVED
pa_000681,2026-07-02 20:54:00,2026-07-02,acc_bg_026,tok_bg_026,515300,dev_bg_026,m_19,78.76,EUR,APPROVED
pa_000682,2026-07-02 20:54:00,2026-07-02,acc_bg_057,tok_bg_057,455600,dev_bg_057,m_15,123.14,EUR,APPROVED
pa_000683,2026-07-02 20:55:00,2026-07-02,acc_la_ref_224,tok_la_ref_224,491700,dev_la_ref_224,1751425413714,33.67,EUR,APPROVED
pa_000684,2026-07-02 20:56:00,2026-07-02,acc_bg_059,tok_bg_059,491700,dev_bg_059,m_02,91.32,EUR,APPROVED
pa_000685,2026-07-02 21:05:00,2026-07-02,acc_bg_031,tok_bg_031,515300,dev_bg_031,m_13,61.26,EUR,APPROVED
pa_000686,2026-07-02 21:07:00,2026-07-02,acc_la_ref_225,tok_la_ref_225,402400,dev_la_ref_225,1751370454525,47.91,EUR,APPROVED
pa_000687,2026-07-02 21:13:00,2026-07-02,acc_bg_026,tok_bg_026,515300,dev_bg_026,m_16,35.33,EUR,DECLINED
pa_000688,2026-07-02 21:17:00,2026-07-02,acc_bg_013,tok_bg_013,523400,dev_bg_013,m_13,84.16,EUR,APPROVED
pa_000689,2026-07-02 21:17:00,2026-07-02,acc_bg_053,tok_bg_053,523400,dev_bg_053,m_15,51.63,EUR,APPROVED
pa_000690,2026-07-02 21:19:00,2026-07-02,acc_la_ref_226,tok_la_ref_226,515300,dev_la_ref_226,1751506727440,47.36,EUR,APPROVED
pa_000691,2026-07-02 21:26:00,2026-07-02,acc_bg_059,tok_bg_059,491700,dev_bg_059,m_03,87.13,EUR,APPROVED
pa_000692,2026-07-02 21:29:00,2026-07-02,acc_bg_023,tok_bg_023,523400,dev_bg_023,m_12,148.70,EUR,APPROVED
pa_000693,2026-07-02 21:31:00,2026-07-02,acc_la_ref_227,tok_la_ref_227,455600,dev_la_ref_227,1751393053178,35.48,EUR,APPROVED
pa_000694,2026-07-02 21:43:00,2026-07-02,acc_bg_057,tok_bg_057,455600,dev_bg_057,m_08,128.95,EUR,APPROVED
pa_000695,2026-07-02 21:43:00,2026-07-02,acc_la_ref_228,tok_la_ref_228,523400,dev_la_ref_228,1751474671683,49.35,EUR,APPROVED
pa_000696,2026-07-02 21:47:00,2026-07-02,acc_bg_035,tok_bg_035,402400,dev_bg_035,m_11,92.53,EUR,APPROVED
pa_000697,2026-07-02 21:51:00,2026-07-02,acc_bg_016,tok_bg_016,515300,dev_bg_016,m_08,49.69,EUR,APPROVED
pa_000698,2026-07-02 21:52:00,2026-07-02,acc_bg_049,tok_bg_049,491700,dev_bg_049,m_11,18.67,EUR,APPROVED
pa_000699,2026-07-02 21:54:00,2026-07-02,acc_bg_004,tok_bg_004,491700,dev_bg_004,m_20,59.24,EUR,APPROVED
pa_000700,2026-07-02 21:55:00,2026-07-02,acc_bg_021,tok_bg_021,515300,dev_bg_021,m_07,37.42,EUR,APPROVED
pa_000701,2026-07-02 21:55:00,2026-07-02,acc_bg_033,tok_bg_033,523400,dev_bg_033,m_03,79.12,EUR,APPROVED
pa_000702,2026-07-02 21:55:00,2026-07-02,acc_bg_052,tok_bg_052,455600,dev_bg_052,m_03,106.48,EUR,APPROVED
pa_000703,2026-07-02 21:55:00,2026-07-02,acc_la_ref_229,tok_la_ref_229,491700,dev_la_ref_229,1751492223065,54.61,EUR,APPROVED
pa_000704,2026-07-02 22:07:00,2026-07-02,acc_la_ref_230,tok_la_ref_230,402400,dev_la_ref_230,1751410343732,51.52,EUR,APPROVED
pa_000705,2026-07-02 22:19:00,2026-07-02,acc_la_ref_231,tok_la_ref_231,515300,dev_la_ref_231,1751525241577,29.79,EUR,APPROVED
pa_000706,2026-07-02 22:31:00,2026-07-02,acc_la_ref_232,tok_la_ref_232,455600,dev_la_ref_232,1751336545940,30.09,EUR,APPROVED
pa_000707,2026-07-02 22:43:00,2026-07-02,acc_la_ref_233,tok_la_ref_233,523400,dev_la_ref_233,1751521471610,34.58,EUR,APPROVED
pa_000708,2026-07-02 22:55:00,2026-07-02,acc_la_ref_234,tok_la_ref_234,491700,dev_la_ref_234,1751347688529,31.13,EUR,APPROVED
pa_000709,2026-07-02 23:07:00,2026-07-02,acc_la_ref_235,tok_la_ref_235,402400,dev_la_ref_235,1751460087168,22.56,EUR,APPROVED
pa_000710,2026-07-02 23:19:00,2026-07-02,acc_la_ref_236,tok_la_ref_236,515300,dev_la_ref_236,1751410763695,24.04,EUR,APPROVED
pa_000711,2026-07-02 23:30:00,2026-07-02,acc_bs_0,tok_bs_0,498700,dev_bs_0,m_bs,28.00,EUR,DECLINED
pa_000712,2026-07-02 23:31:00,2026-07-02,acc_la_ref_237,tok_la_ref_237,455600,dev_la_ref_237,1751577546015,45.40,EUR,APPROVED
pa_000713,2026-07-02 23:32:00,2026-07-02,acc_bs_1,tok_bs_1,498700,dev_bs_1,m_bs,28.10,EUR,DECLINED
pa_000714,2026-07-02 23:34:00,2026-07-02,acc_bs_2,tok_bs_2,498700,dev_bs_2,m_bs,28.51,EUR,DECLINED
pa_000715,2026-07-02 23:36:00,2026-07-02,acc_bs_3,tok_bs_3,498700,dev_bs_3,m_bs,16.59,EUR,DECLINED
pa_000716,2026-07-02 23:38:00,2026-07-02,acc_bs_4,tok_bs_4,498700,dev_bs_4,m_bs,15.71,EUR,DECLINED
pa_000717,2026-07-02 23:40:00,2026-07-02,acc_bs_5,tok_bs_5,498700,dev_bs_5,m_bs,13.50,EUR,DECLINED
pa_000718,2026-07-02 23:42:00,2026-07-02,acc_bs_6,tok_bs_6,498700,dev_bs_6,m_bs,28.48,EUR,DECLINED
pa_000719,2026-07-02 23:43:00,2026-07-02,acc_la_ref_238,tok_la_ref_238,523400,dev_la_ref_238,1751525131915,51.43,EUR,APPROVED
pa_000720,2026-07-02 23:44:00,2026-07-02,acc_bs_7,tok_bs_7,498700,dev_bs_7,m_bs,28.39,EUR,DECLINED
pa_000721,2026-07-02 23:55:00,2026-07-02,acc_la_ref_239,tok_la_ref_239,491700,dev_la_ref_239,1751546398373,42.84,EUR,APPROVED
