msisdn,raised_at,alarm_type
99971001330,2026-08-01 16:38:22,velocity
99971002012,2026-08-06 04:25:55,velocity
99971000312,2026-08-06 08:48:06,velocity
99971000488,2026-08-15 17:07:12,velocity
99971001152,2026-08-23 23:22:09,velocity
99971000846,2026-08-29 14:29:06,velocity
99979400001,2026-09-20 11:00:00,simbox
99971000437,2026-09-24 08:29:43,velocity
99979200001,2026-09-25 03:10:00,irsf
99979200002,2026-09-26 02:40:00,irsf
99971002069,2026-09-26 06:38:11,velocity
99979100001,2026-09-27 08:00:00,wangiri
