snapshot_date,wallet_id,msisdn,kyc_tier,status,last_activity_date
2026-07-01,W000001,99977000001,1,ACTIVE,2026-05-05
2026-07-01,W000002,99977000002,2,ACTIVE,2026-06-15
2026-07-01,W000003,99977000003,3,ACTIVE,2026-06-06
2026-07-01,W000004,99977000004,2,ACTIVE,2026-06-09
2026-07-01,W000005,99977000005,2,ACTIVE,2026-06-26
2026-07-01,W000006,99977000006,1,ACTIVE,2026-05-25
2026-07-01,W000007,99977000007,1,ACTIVE,2026-06-25
2026-07-01,W000008,99977000008,3,ACTIVE,2026-05-10
2026-07-01,W000009,99977000009,1,ACTIVE,2026-05-02
2026-07-01,W000010,99977000010,1,ACTIVE,2026-06-05
2026-07-01,W000011,99977000011,3,ACTIVE,2026-06-01
2026-07-01,W000012,99977000012,2,ACTIVE,2026-06-07
2026-07-01,W000013,99977000013,1,ACTIVE,2026-06-05
2026-07-01,W000014,99977000014,3,ACTIVE,2026-06-07
2026-07-01,W000015,99977000015,1,ACTIVE,2026-05-27
2026-07-01,W000016,99977000016,1,ACTIVE,2026-06-23
2026-07-01,W000017,99977000017,3,ACTIVE,2026-06-28
2026-07-01,W000018,99977000018,1,ACTIVE,2026-06-12
2026-07-01,W000019,99977000019,3,ACTIVE,2026-05-30
2026-07-01,W000020,99977000020,2,ACTIVE,2026-06-15
2026-07-01,W000021,99977000021,1,ACTIVE,2026-05-15
2026-07-01,W000022,99977000022,3,ACTIVE,2026-05-02
2026-07-01,W000023,99977000023,3,ACTIVE,2026-05-07
2026-07-01,W000024,99977000024,2,ACTIVE,2026-06-23
2026-07-01,W000025,99977000025,1,ACTIVE,2026-06-01
2026-07-01,W000026,99977000026,3,ACTIVE,2026-05-10
2026-07-01,W000027,99977000027,3,ACTIVE,2026-05-07
2026-07-01,W000028,99977000028,2,ACTIVE,2026-06-07
2026-07-01,W000029,99977000029,3,ACTIVE,2026-05-27
2026-07-01,W000030,99977000030,1,ACTIVE,2026-05-27
2026-07-01,W000031,99977000031,2,ACTIVE,2026-06-19
2026-07-01,W000032,99977000032,1,ACTIVE,2026-06-23
2026-07-01,W000033,99977000033,2,ACTIVE,2026-06-17
2026-07-01,W000034,99977000034,3,ACTIVE,2026-05-02
2026-07-01,W000035,99977000035,3,ACTIVE,2026-05-07
2026-07-01,W000036,99977000036,3,ACTIVE,2026-05-05
2026-07-01,W000037,99977000037,2,ACTIVE,2026-05-05
2026-07-01,W000038,99977000038,3,ACTIVE,2026-06-28
2026-07-01,W000039,99977000039,1,ACTIVE,2026-05-14
2026-07-01,W000040,99977000040,2,ACTIVE,2026-05-05
2026-07-01,W000041,99977000041,1,ACTIVE,2026-05-02
2026-07-01,W000042,99977000042,3,ACTIVE,2026-05-29
2026-07-01,W000043,99977000043,2,ACTIVE,2026-05-09
2026-07-01,W000044,99977000044,1,ACTIVE,2026-06-02
2026-07-01,W000045,99977000045,2,ACTIVE,2026-05-24
2026-07-01,W000046,99977000046,2,ACTIVE,2026-06-27
2026-07-01,W000047,99977000047,3,ACTIVE,2026-05-29
2026-07-01,W000048,99977000048,2,ACTIVE,2026-05-21
2026-07-01,W000049,99977000049,2,ACTIVE,2026-05-12
2026-07-01,W000050,99977000050,3,ACTIVE,2026-05-26
2026-07-01,W000051,99977000051,2,ACTIVE,2026-06-07
2026-07-01,W000052,99977000052,1,ACTIVE,2026-05-11
2026-07-01,W000053,99977000053,3,ACTIVE,2026-06-30
2026-07-01,W000054,99977000054,1,ACTIVE,2026-06-22
2026-07-01,W000055,99977000055,2,ACTIVE,2026-06-06
2026-07-01,W000056,99977000056,1,ACTIVE,2026-05-17
2026-07-01,W000057,99977000057,3,ACTIVE,2026-05-04
2026-07-01,W000058,99977000058,1,ACTIVE,2026-05-15
2026-07-01,W000059,99977000059,2,ACTIVE,2026-06-13
2026-07-01,W000060,99977000060,3,ACTIVE,2026-06-28
2026-07-01,W000061,99977000061,3,ACTIVE,2026-05-12
2026-07-01,W000062,99977000062,3,ACTIVE,2026-05-18
2026-07-01,W000063,99977000063,3,ACTIVE,2026-05-15
2026-07-01,W000064,99977000064,3,ACTIVE,2026-05-23
2026-07-01,W000065,99977000065,2,ACTIVE,2026-05-24
2026-07-01,W000066,99977000066,1,ACTIVE,2026-05-21
2026-07-01,W000067,99977000067,3,ACTIVE,2026-05-27
2026-07-01,W000068,99977000068,2,ACTIVE,2026-06-18
2026-07-01,W000069,99977000069,1,ACTIVE,2026-05-25
2026-07-01,W000070,99977000070,3,ACTIVE,2026-06-07
2026-07-01,W000071,99977000071,3,ACTIVE,2026-05-18
2026-07-01,W000072,99977000072,1,ACTIVE,2026-05-31
2026-07-01,W000073,99977000073,3,ACTIVE,2026-06-27
2026-07-01,W000074,99977000074,3,ACTIVE,2026-06-05
2026-07-01,W000075,99977000075,3,ACTIVE,2026-06-27
2026-07-01,W000076,99977000076,2,ACTIVE,2026-05-20
2026-07-01,W000077,99977000077,3,ACTIVE,2026-05-05
2026-07-01,W000078,99977000078,3,ACTIVE,2026-05-14
2026-07-01,W000079,99977000079,2,ACTIVE,2026-06-24
2026-07-01,W000080,99977000080,2,ACTIVE,2026-06-06
2026-07-01,W000081,99977000081,1,ACTIVE,2026-06-09
2026-07-01,W000082,99977000082,3,ACTIVE,2026-06-10
2026-07-01,W000083,99977000083,2,ACTIVE,2026-06-18
2026-07-01,W000084,99977000084,1,ACTIVE,2026-06-19
2026-07-01,W000085,99977000085,2,ACTIVE,2026-05-06
2026-07-01,W000086,99977000086,2,ACTIVE,2026-06-04
2026-07-01,W000087,99977000087,3,ACTIVE,2026-05-22
2026-07-01,W000088,99977000088,2,ACTIVE,2026-05-17
2026-07-01,W000089,99977000089,1,ACTIVE,2026-05-31
2026-07-01,W000090,99977000090,3,ACTIVE,2026-06-17
2026-07-01,W000091,99977000091,3,ACTIVE,2026-05-31
2026-07-01,W000092,99977000092,2,ACTIVE,2026-05-26
2026-07-01,W000093,99977000093,1,ACTIVE,2026-05-25
2026-07-01,W000094,99977000094,2,ACTIVE,2026-05-29
2026-07-01,W000095,99977000095,1,ACTIVE,2026-06-22
2026-07-01,W000096,99977000096,1,ACTIVE,2026-06-11
2026-07-01,W000097,99977000097,3,ACTIVE,2026-05-07
2026-07-01,W000098,99977000098,2,ACTIVE,2026-06-26
2026-07-01,W000099,99977000099,2,ACTIVE,2026-05-25
2026-07-01,W000100,99977000100,3,ACTIVE,2026-05-02
2026-07-01,W000101,99977000101,2,ACTIVE,2026-06-06
2026-07-01,W000102,99977000102,3,ACTIVE,2026-06-09
2026-07-01,W000103,99977000103,2,ACTIVE,2026-05-10
2026-07-01,W000104,99977000104,2,ACTIVE,2026-05-14
2026-07-01,W000105,99977000105,3,ACTIVE,2026-06-27
2026-07-01,W000106,99977000106,2,ACTIVE,2026-06-05
2026-07-01,W000107,99977000107,1,ACTIVE,2026-05-05
2026-07-01,W000108,99977000108,2,ACTIVE,2026-05-27
2026-07-01,W000109,99977000109,3,ACTIVE,2026-05-02
2026-07-01,W000110,99977000110,1,ACTIVE,2026-05-10
2026-07-01,W000111,99977000111,2,ACTIVE,2026-06-04
2026-07-01,W000112,99977000112,1,ACTIVE,2026-06-23
2026-07-01,W000113,99977000113,3,ACTIVE,2026-06-28
2026-07-01,W000114,99977000114,1,ACTIVE,2026-05-12
2026-07-01,W000115,99977000115,2,ACTIVE,2026-05-12
2026-07-01,W000116,99977000116,2,ACTIVE,2026-06-29
2026-07-01,W000117,99977000117,3,ACTIVE,2026-05-19
2026-07-01,W000118,99977000118,2,ACTIVE,2026-05-30
2026-07-01,W000119,99977000119,1,ACTIVE,2026-06-22
2026-07-01,W000120,99977000120,1,ACTIVE,2026-06-21
2026-07-01,W000121,99977000121,2,ACTIVE,2026-06-23
2026-07-01,W000122,99977000122,3,ACTIVE,2026-05-31
2026-07-01,W000123,99977000123,1,ACTIVE,2026-06-17
2026-07-01,W000124,99977000124,2,ACTIVE,2026-06-07
2026-07-01,W000125,99977000125,1,ACTIVE,2026-05-04
2026-07-01,W000126,99977000126,3,ACTIVE,2026-05-04
2026-07-01,W000127,99977000127,3,ACTIVE,2026-05-02
2026-07-01,W000128,99977000128,3,ACTIVE,2026-05-10
2026-07-01,W000129,99977000129,3,ACTIVE,2026-06-28
2026-07-01,W000130,99977000130,3,ACTIVE,2026-05-16
2026-07-01,W000131,99977000131,1,ACTIVE,2026-06-01
2026-07-01,W000132,99977000132,3,ACTIVE,2026-05-14
2026-07-01,W000133,99977000133,3,ACTIVE,2026-05-24
2026-07-01,W000134,99977000134,3,ACTIVE,2026-05-25
2026-07-01,W000135,99977000135,2,ACTIVE,2026-05-11
2026-07-01,W000136,99977000136,3,ACTIVE,2026-06-17
2026-07-01,W000137,99977000137,2,ACTIVE,2026-05-18
2026-07-01,W000138,99977000138,3,ACTIVE,2026-05-25
2026-07-01,W000139,99977000139,3,ACTIVE,2026-06-06
2026-07-01,W000140,99977000140,3,ACTIVE,2026-05-17
2026-07-01,W000141,99977000141,2,ACTIVE,2026-06-16
2026-07-01,W000142,99977000142,3,ACTIVE,2026-05-31
2026-07-01,W000143,99977000143,3,ACTIVE,2026-06-14
2026-07-01,W000144,99977000144,3,ACTIVE,2026-06-14
2026-07-01,W000145,99977000145,2,ACTIVE,2026-05-19
2026-07-01,W000146,99977000146,3,ACTIVE,2026-06-13
2026-07-01,W000147,99977000147,3,ACTIVE,2026-06-02
2026-07-01,W000148,99977000148,2,ACTIVE,2026-06-28
2026-07-01,W000149,99977000149,2,ACTIVE,2026-05-18
2026-07-01,W000150,99977000150,1,ACTIVE,2026-05-25
2026-07-01,W009010,99977009010,3,ACTIVE,2026-06-28
2026-07-01,W009011,99977009011,3,ACTIVE,2026-06-28
2026-07-01,W009012,99977009012,3,ACTIVE,2026-06-28
2026-07-01,W009013,99977009013,3,ACTIVE,2026-06-28
2026-07-01,W009014,99977009014,3,ACTIVE,2026-06-28
2026-07-01,W009015,99977009015,3,ACTIVE,2026-06-28
2026-07-01,W009016,99977009016,3,ACTIVE,2026-06-28
2026-07-01,W009017,99977009017,3,ACTIVE,2026-06-28
2026-07-01,W009018,99977009018,3,ACTIVE,2026-06-28
2026-07-01,W009019,99977009019,3,ACTIVE,2026-06-28
2026-07-01,W009020,99977009020,3,ACTIVE,2026-06-28
2026-07-01,W009021,99977009021,3,ACTIVE,2026-06-28
2026-07-01,W009022,99977009022,3,ACTIVE,2026-06-28
2026-07-01,W009023,99977009023,3,ACTIVE,2026-06-28
2026-07-01,W009024,99977009024,3,ACTIVE,2026-06-28
2026-07-01,W009025,99977009025,3,ACTIVE,2026-06-28
2026-07-01,W009026,99977009026,3,ACTIVE,2026-06-28
2026-07-01,W009027,99977009027,3,ACTIVE,2026-06-28
2026-07-01,W009028,99977009028,3,ACTIVE,2026-06-28
2026-07-01,W009029,99977009029,3,ACTIVE,2026-06-28
2026-07-01,W009030,99977009030,3,ACTIVE,2026-06-28
2026-07-01,W009031,99977009031,3,ACTIVE,2026-06-28
2026-07-01,W009032,99977009032,3,ACTIVE,2026-06-28
2026-07-01,W009033,99977009033,3,ACTIVE,2026-06-28
2026-07-01,W009034,99977009034,3,ACTIVE,2026-06-28
2026-07-01,W009035,99977009035,3,ACTIVE,2026-06-28
2026-07-01,W009036,99977009036,3,ACTIVE,2026-06-28
2026-07-01,W009037,99977009037,3,ACTIVE,2026-06-28
2026-07-01,W009038,99977009038,3,ACTIVE,2026-06-28
2026-07-01,W009039,99977009039,3,ACTIVE,2026-06-28
2026-07-01,W009040,99977009040,3,ACTIVE,2026-06-28
2026-07-01,W009041,99977009041,3,ACTIVE,2026-06-28
2026-07-01,W009042,99977009042,3,ACTIVE,2026-06-28
2026-07-01,W009043,99977009043,3,ACTIVE,2026-06-28
2026-07-01,W009044,99977009044,3,ACTIVE,2026-06-28
2026-07-01,W009045,99977009045,3,ACTIVE,2026-06-28
2026-07-01,W009046,99977009046,3,ACTIVE,2026-06-28
2026-07-01,W009047,99977009047,3,ACTIVE,2026-06-28
2026-07-01,W009048,99977009048,3,ACTIVE,2026-06-28
2026-07-01,W009049,99977009049,3,ACTIVE,2026-06-28
2026-07-01,W009110,99977009110,3,ACTIVE,2026-06-28
2026-07-01,W009111,99977009111,3,ACTIVE,2026-06-28
2026-07-01,W009112,99977009112,3,ACTIVE,2026-06-28
2026-07-01,W009113,99977009113,3,ACTIVE,2026-06-28
2026-07-01,W009114,99977009114,3,ACTIVE,2026-06-28
2026-07-01,W009115,99977009115,3,ACTIVE,2026-06-28
2026-07-01,W009116,99977009116,3,ACTIVE,2026-06-28
2026-07-01,W009117,99977009117,3,ACTIVE,2026-06-28
2026-07-01,W009118,99977009118,3,ACTIVE,2026-06-28
2026-07-01,W009119,99977009119,3,ACTIVE,2026-06-28
2026-07-01,W009120,99977009120,3,ACTIVE,2026-06-28
2026-07-01,W009121,99977009121,3,ACTIVE,2026-06-28
2026-07-01,W009122,99977009122,3,ACTIVE,2026-06-28
2026-07-01,W009123,99977009123,3,ACTIVE,2026-06-28
2026-07-01,W009124,99977009124,3,ACTIVE,2026-06-28
2026-07-01,W009125,99977009125,3,ACTIVE,2026-06-28
2026-07-01,W009126,99977009126,3,ACTIVE,2026-06-28
2026-07-01,W009127,99977009127,3,ACTIVE,2026-06-28
2026-07-01,W009128,99977009128,3,ACTIVE,2026-06-28
2026-07-01,W009129,99977009129,3,ACTIVE,2026-06-28
2026-07-01,W009130,99977009130,3,ACTIVE,2026-06-28
2026-07-01,W009131,99977009131,3,ACTIVE,2026-06-28
2026-07-01,W009132,99977009132,3,ACTIVE,2026-06-28
2026-07-01,W009133,99977009133,3,ACTIVE,2026-06-28
2026-07-01,W009134,99977009134,3,ACTIVE,2026-06-28
2026-07-01,W009135,99977009135,3,ACTIVE,2026-06-28
2026-07-01,W009136,99977009136,3,ACTIVE,2026-06-28
2026-07-01,W009137,99977009137,3,ACTIVE,2026-06-28
2026-07-01,W009138,99977009138,3,ACTIVE,2026-06-28
2026-07-01,W009139,99977009139,3,ACTIVE,2026-06-28
2026-07-01,W009140,99977009140,3,ACTIVE,2026-06-28
2026-07-01,W009141,99977009141,3,ACTIVE,2026-06-28
2026-07-01,W009142,99977009142,3,ACTIVE,2026-06-28
2026-07-01,W009143,99977009143,3,ACTIVE,2026-06-28
2026-07-01,W009144,99977009144,3,ACTIVE,2026-06-28
2026-07-01,W009145,99977009145,3,ACTIVE,2026-06-28
2026-07-01,W009146,99977009146,3,ACTIVE,2026-06-28
2026-07-01,W009147,99977009147,3,ACTIVE,2026-06-28
2026-07-01,W009148,99977009148,3,ACTIVE,2026-06-28
2026-07-01,W009149,99977009149,3,ACTIVE,2026-06-28
2026-07-01,W009160,99977009160,3,ACTIVE,2026-06-28
2026-07-01,W009161,99977009161,3,ACTIVE,2026-06-28
2026-07-01,W009162,99977009162,3,ACTIVE,2026-06-28
2026-07-01,W009163,99977009163,3,ACTIVE,2026-06-28
2026-07-01,W009164,99977009164,3,ACTIVE,2026-06-28
2026-07-01,W009165,99977009165,3,ACTIVE,2026-06-28
2026-07-01,W009166,99977009166,3,ACTIVE,2026-06-28
2026-07-01,W009167,99977009167,3,ACTIVE,2026-06-28
2026-07-01,W009168,99977009168,3,ACTIVE,2026-06-28
2026-07-01,W009169,99977009169,3,ACTIVE,2026-06-28
2026-07-01,W009170,99977009170,3,ACTIVE,2026-06-28
2026-07-01,W009171,99977009171,3,ACTIVE,2026-06-28
2026-07-01,W009172,99977009172,3,ACTIVE,2026-06-28
2026-07-01,W009173,99977009173,3,ACTIVE,2026-06-28
2026-07-01,W009174,99977009174,3,ACTIVE,2026-06-28
2026-07-01,W009175,99977009175,3,ACTIVE,2026-06-28
2026-07-01,W009176,99977009176,3,ACTIVE,2026-06-28
2026-07-01,W009177,99977009177,3,ACTIVE,2026-06-28
2026-07-01,W009178,99977009178,3,ACTIVE,2026-06-28
2026-07-01,W009179,99977009179,3,ACTIVE,2026-06-28
2026-07-01,W009180,99977009180,3,ACTIVE,2026-06-28
2026-07-01,W009181,99977009181,3,ACTIVE,2026-06-28
2026-07-01,W009182,99977009182,3,ACTIVE,2026-06-28
2026-07-01,W009183,99977009183,3,ACTIVE,2026-06-28
2026-07-01,W009184,99977009184,3,ACTIVE,2026-06-28
2026-07-01,W009185,99977009185,3,ACTIVE,2026-06-28
2026-07-01,W009186,99977009186,3,ACTIVE,2026-06-28
2026-07-01,W009187,99977009187,3,ACTIVE,2026-06-28
2026-07-01,W009188,99977009188,3,ACTIVE,2026-06-28
2026-07-01,W009189,99977009189,3,ACTIVE,2026-06-28
2026-07-01,W009190,99977009190,3,ACTIVE,2026-06-28
2026-07-01,W009191,99977009191,3,ACTIVE,2026-06-28
2026-07-01,W009192,99977009192,3,ACTIVE,2026-06-28
2026-07-01,W009193,99977009193,3,ACTIVE,2026-06-28
2026-07-01,W009194,99977009194,3,ACTIVE,2026-06-28
2026-07-01,W009195,99977009195,3,ACTIVE,2026-06-28
2026-07-01,W009196,99977009196,3,ACTIVE,2026-06-28
2026-07-01,W009197,99977009197,3,ACTIVE,2026-06-28
2026-07-01,W009198,99977009198,3,ACTIVE,2026-06-28
2026-07-01,W009199,99977009199,3,ACTIVE,2026-06-28
2026-07-01,W009201,99977009201,3,ACTIVE,2026-06-28
2026-07-01,W009202,99977009202,3,ACTIVE,2026-06-28
2026-07-01,W009203,99977009203,3,ACTIVE,2026-06-28
2026-07-01,W009204,99977009204,3,ACTIVE,2026-06-28
2026-07-01,W009211,99977009211,3,ACTIVE,2026-06-28
2026-07-01,W009212,99977009212,3,ACTIVE,2026-06-28
2026-07-01,W009213,99977009213,3,ACTIVE,2026-06-28
2026-07-01,W009214,99977009214,3,ACTIVE,2026-06-28
2026-07-01,W009301,99977009301,3,ACTIVE,2026-06-28
2026-07-01,W009302,99977009302,3,ACTIVE,2026-06-28
2026-07-01,W009303,99977009303,3,ACTIVE,2026-06-28
2026-07-01,W009304,99977009304,3,ACTIVE,2026-06-28
2026-07-01,W009311,99977009311,3,ACTIVE,2026-06-28
2026-07-01,W009320,99977009320,3,ACTIVE,2026-06-28
2026-07-01,W009321,99977009321,3,ACTIVE,2026-06-28
2026-07-01,W009322,99977009322,3,ACTIVE,2026-06-28
2026-07-01,W009323,99977009323,3,ACTIVE,2026-06-28
2026-07-01,W009324,99977009324,3,ACTIVE,2026-06-28
2026-07-01,W009325,99977009325,3,ACTIVE,2026-06-28
2026-07-01,W009326,99977009326,3,ACTIVE,2026-06-28
2026-07-01,W009327,99977009327,3,ACTIVE,2026-06-28
2026-07-01,W009313,99977009313,3,ACTIVE,2026-06-28
2026-07-01,W009314,99977009314,3,ACTIVE,2026-06-28
2026-07-01,W009315,99977009315,3,ACTIVE,2026-06-28
2026-07-01,W009400,99977009400,2,ACTIVE,2026-06-27
2026-07-01,W009401,99977009401,2,ACTIVE,2026-06-27
2026-07-01,W009402,99977009402,2,ACTIVE,2026-06-27
2026-07-01,W009403,99977009403,2,ACTIVE,2026-06-27
2026-07-01,W009410,99977009410,2,ACTIVE,2026-06-27
2026-07-01,W009411,99977009411,2,ACTIVE,2026-06-27
2026-07-01,W009412,99977009412,2,ACTIVE,2026-06-27
2026-07-01,W009413,99977009413,2,ACTIVE,2026-06-27
2026-07-01,W009414,99977009414,2,ACTIVE,2026-06-27
2026-07-01,W009420,99977009420,2,ACTIVE,2026-06-27
2026-07-01,W009421,99977009421,2,ACTIVE,2026-06-27
2026-07-01,W009422,99977009422,2,ACTIVE,2026-06-27
2026-07-01,W009430,99977009430,2,ACTIVE,2026-06-27
2026-07-01,W009431,99977009431,2,ACTIVE,2026-06-27
2026-07-01,W009440,99977009440,2,ACTIVE,2026-06-27
2026-07-01,W009441,99977009441,2,ACTIVE,2026-06-27
2026-07-01,W009442,99977009442,2,ACTIVE,2026-06-27
2026-07-01,W009443,99977009443,2,ACTIVE,2026-06-27
2026-07-01,W009450,99977009450,2,ACTIVE,2026-06-27
2026-07-01,W009451,99977009451,2,ACTIVE,2026-06-27
2026-07-01,W009452,99977009452,2,ACTIVE,2026-06-27
2026-07-01,W009453,99977009453,2,ACTIVE,2026-06-27
2026-07-01,W009460,99977009460,2,ACTIVE,2026-06-27
2026-07-01,W009461,99977009461,2,ACTIVE,2026-06-27
2026-07-01,W009462,99977009462,2,ACTIVE,2026-06-27
2026-07-01,W009463,99977009463,2,ACTIVE,2026-06-27
2026-07-01,W009470,99977009470,3,ACTIVE,2026-06-28
2026-07-01,W009471,99977009471,2,ACTIVE,2026-06-27
2026-07-01,W009472,99977009472,2,ACTIVE,2026-06-27
2026-07-01,W009475,99977009475,3,ACTIVE,2026-06-28
2026-07-01,W009501,99977009501,3,ACTIVE,2025-10-01
2026-07-01,W009502,99977009502,3,ACTIVE,2025-06-01
2026-07-01,W009503,99977009503,3,ACTIVE,2025-12-01
2026-07-01,W009511,99977009511,3,ACTIVE,2025-10-01
2026-07-01,W009512,99977009512,3,ACTIVE,2025-10-01
2026-07-01,W009513,99977009513,3,ACTIVE,2026-06-20
2026-07-01,W009514,99977009514,3,ACTIVE,2026-01-10
2026-07-01,W009515,99977009515,3,ACTIVE,2026-01-02
2026-07-01,W009601,99977009601,1,ACTIVE,2026-06-29
2026-07-01,W009602,99977009602,2,ACTIVE,2026-06-29
2026-07-01,W009603,99977009603,1,ACTIVE,2026-06-29
2026-07-01,W009611,99977009611,1,ACTIVE,2026-06-29
2026-07-01,W009612,99977009612,3,ACTIVE,2026-06-29
2026-07-01,W009613,99977009613,1,ACTIVE,2026-06-29
2026-07-01,W009614,99977009614,2,ACTIVE,2026-06-29
2026-07-01,W009701,99977009701,2,ACTIVE,2026-06-26
2026-07-01,W009702,99977009702,2,ACTIVE,2026-06-26
2026-07-01,W009703,99977009703,2,ACTIVE,2026-06-26
2026-07-01,W009704,+99977009704,2,ACTIVE,2026-06-26
2026-07-01,W009711,99977009711,2,CLOSED,2026-04-02
2026-07-01,W009712,99977009712,2,SUSPENDED,2026-06-22
2026-07-01,W009713,+99977009713,2,ACTIVE,2026-06-26
2026-07-01,W009714,+999 77 009714,2,ACTIVE,2026-06-26
2026-07-01,W009801,99977009801,3,ACTIVE,2026-06-28
2026-07-01,W009802,99977009802,3,ACTIVE,2026-06-28
2026-07-01,W009803,99977009803,3,ACTIVE,2026-06-28
2026-07-01,W009804,99977009804,3,ACTIVE,2026-06-28
2026-07-01,W009811,99977009811,3,ACTIVE,2026-06-28
2026-07-01,W009812,99977009812,3,ACTIVE,2026-06-28
2026-07-01,W009901,99977009901,3,ACTIVE,2026-06-28
2026-07-01,W009902,99977009902,3,ACTIVE,2026-06-28
2026-07-01,W009903,99977009903,3,ACTIVE,2026-06-28
2026-07-01,W009911,99977009911,3,ACTIVE,2026-06-28
2026-07-01,W009912,99977009912,3,ACTIVE,2026-06-28
2026-07-01,W009913,99977009913,3,ACTIVE,2026-06-28
