INVOICE_ID,BILL_PERIOD,SUBSCRIBER_ID,CHARGE
INV00001,2026-07,S001,18.38
INV00002,2026-07,S002,7.03
INV00003,2026-07,S003,12.04
INV00004,2026-07,S004,20.38
INV00005,2026-07,S005,20.80
INV00006,2026-07,S006,14.65
INV00007,2026-07,S007,11.06
INV00008,2026-07,S008,19.70
INV00009,2026-07,S009,10.83
INV00010,2026-07,S010,27.42
INV00011,2026-07,S011,15.29
INV00012,2026-07,S012,17.53
INV00013,2026-07,S013,12.05
INV00014,2026-07,S015,22.96
INV00015,2026-07,S016,12.01
INV00016,2026-07,S017,23.80
INV00017,2026-07,S018,13.68
INV00018,2026-07,S019,22.83
INV00019,2026-07,S020,13.15
INV00020,2026-07,S021,14.48
INV00021,2026-07,S022,13.32
INV00022,2026-07,S023,15.42
INV00023,2026-07,S024,15.63
INV00024,2026-07,S025,16.40
INV00025,2026-07,S026,17.83
INV00026,2026-07,S027,12.49
INV00027,2026-07,S028,13.78
INV00028,2026-07,S029,27.47
INV00029,2026-07,S030,27.99
INV00030,2026-07,S031,36.17
INV00031,2026-07,S032,20.93
INV00032,2026-07,S033,26.89
INV00033,2026-07,S034,0.91
INV00034,2026-07,S035,23.64
INV00035,2026-07,S036,14.65
INV00036,2026-07,S037,22.43
INV00037,2026-07,S038,37.56
INV00038,2026-07,S039,12.17
INV00039,2026-07,S040,15.17
