PLAN,SERVICE,RATE_PER_UNIT,EFFECTIVE_FROM,EFFECTIVE_TO
PLAN_A,DATA,0.0100,2026-01-01 00:00:00,
PLAN_A,SMS,0.0500,2026-01-01 00:00:00,
PLAN_A,VOICE,0.0020,2026-01-01 00:00:00,2026-07-02 12:00:00
PLAN_A,VOICE,0.0025,2026-07-02 12:00:00,
PLAN_B,DATA,0.0080,2026-01-01 00:00:00,
PLAN_B,SMS,0.0400,2026-01-01 00:00:00,
PLAN_B,VOICE,0.0015,2026-01-01 00:00:00,
PROMO,DATA,0.0000,2026-01-01 00:00:00,
PROMO,SMS,0.0500,2026-01-01 00:00:00,
PROMO,VOICE,0.0020,2026-01-01 00:00:00,
PLAN_B,DATA,0.0080,2026-07-03 00:00:00,
