line_id,settle_date,partner_id,txn_ref,amount
L0000001,2026-07-01,P02,T0000004,20.00
L0000002,2026-07-01,P02,T0000014,10.00
L0000003,2026-07-01,P01,T0000028,20.00
L0000004,2026-07-01,P02,T0000032,60.00
L0000005,2026-07-01,P03,T0000036,40.00
L0000006,2026-07-01,P01,T0000041,30.00
L0000007,2026-07-01,P02,T0000060,70.00
L0000008,2026-07-01,P01,T0000065,40.00
L0000009,2026-07-01,P02,T0000069,30.00
L0000010,2026-07-01,P01,T0000076,20.00
L0000011,2026-07-01,P01,T0000084,30.00
L0000012,2026-07-01,P02,T0000133,70.00
L0000013,2026-07-01,P03,T0000137,10.00
L0000014,2026-07-01,P03,T0000153,10.00
L0000015,2026-07-01,P01,T0000157,20.00
L0000016,2026-07-01,P02,T0000162,20.00
L0000017,2026-07-01,P02,T0000170,30.00
L0000018,2026-07-01,P02,T0000188,60.00
L0000019,2026-07-01,P01,T0000194,60.00
L0000020,2026-07-01,P03,T0000202,20.00
L0000021,2026-07-01,P02,T0000208,70.00
L0000022,2026-07-01,P01,T0000216,10.00
L0000023,2026-07-01,P03,T0000232,50.00
L0000024,2026-07-01,P01,T0000242,60.00
L0000025,2026-07-01,P02,T0000245,50.00
L0000026,2026-07-01,P01,T0000251,50.00
L0000027,2026-07-01,P03,T0000258,10.00
L0000028,2026-07-01,P01,T0000262,10.00
L0000029,2026-07-01,P02,T0000265,10.00
L0000030,2026-07-01,P03,T0000285,40.00
L0000031,2026-07-01,P02,T0000291,70.00
L0000032,2026-07-01,P03,T0000295,30.00
L0000033,2026-07-01,P01,T0000298,40.00
L0000034,2026-07-01,P02,T0000301,30.00
L0000035,2026-07-01,P03,T0000311,40.00
L0000036,2026-07-01,P03,T0000320,40.00
L0000037,2026-07-01,P01,T0000331,40.00
L0000038,2026-07-01,P02,T0000335,70.00
L0000039,2026-07-01,P01,T0000341,70.00
L0000040,2026-07-01,P02,T0000355,70.00
L0000041,2026-07-01,P03,T0000359,10.00
L0000042,2026-07-01,P01,T0000379,70.00
L0000043,2026-07-01,P02,T0000382,50.00
L0000044,2026-07-01,P03,T0000386,10.00
L0000045,2026-07-01,P02,T0000392,40.00
L0000046,2026-07-01,P03,T0000396,10.00
L0000047,2026-07-01,P03,T0000404,70.00
L0000048,2026-07-01,P02,T0000419,60.00
L0000049,2026-07-01,P03,T0000423,10.00
L0000050,2026-07-01,P03,T0000432,50.00
L0000051,2026-07-01,P03,TX-P-UNKNOWN,75.00
L0000052,2026-07-01,P01,T0000721,180.00
L0000053,2026-07-01,P01,T0000722,60.01
L0000054,2026-07-01,P02,T0000723,100.00
L0000055,2026-07-01,P02,T0000723,200.00
L0000056,2026-07-02,P03,T0000724,90.00
