event_id,event_ts,event_type,msisdn,dealer_id,id_doc
E0000001,2026-07-01 02:01:59,ACTIVATION,99970000001,D01,DOC-000001
E0000002,2026-07-01 06:48:56,ACTIVATION,99970000002,D01,DOC-000002
E0000003,2026-07-01 03:20:57,ACTIVATION,99970000003,D01,DOC-000003
E0000004,2026-07-01 15:26:41,ACTIVATION,99970000004,D01,DOC-000004
E0000005,2026-07-01 15:32:43,ACTIVATION,99970000005,D01,DOC-000005
E0000006,2026-07-01 15:14:57,ACTIVATION,99970000006,D01,DOC-000006
E0000007,2026-07-01 05:30:30,ACTIVATION,99970000007,D01,DOC-000007
E0000008,2026-07-01 02:50:19,ACTIVATION,99970000008,D01,DOC-000008
E0000009,2026-07-01 09:29:45,ACTIVATION,99970000009,D01,DOC-000009
E0000010,2026-07-01 03:22:27,ACTIVATION,99970000010,D01,DOC-000010
E0000011,2026-07-01 19:52:25,ACTIVATION,99970000011,D01,DOC-000011
E0000012,2026-07-01 11:03:11,ACTIVATION,99970000012,D01,DOC-000012
E0000013,2026-07-01 12:14:10,ACTIVATION,99970000013,D01,DOC-000013
E0000014,2026-07-01 19:19:44,ACTIVATION,99970000014,D01,DOC-000014
E0000015,2026-07-01 21:35:40,ACTIVATION,99970000015,D01,DOC-000015
E0000016,2026-07-01 20:11:37,ACTIVATION,99970000016,D01,DOC-000016
E0000017,2026-07-01 09:59:20,ACTIVATION,99970000017,D01,DOC-000017
E0000018,2026-07-01 15:59:47,ACTIVATION,99970000018,D01,DOC-000018
E0000019,2026-07-01 21:01:02,ACTIVATION,99970000019,D01,DOC-000019
E0000020,2026-07-01 11:00:53,ACTIVATION,99970000020,D01,DOC-000020
E0000021,2026-07-01 15:42:41,ACTIVATION,99970000021,D01,DOC-000021
E0000022,2026-07-01 16:28:34,ACTIVATION,99970000022,D01,DOC-000022
E0000023,2026-07-01 19:20:20,ACTIVATION,99970000023,D01,DOC-000023
E0000024,2026-07-01 20:09:05,ACTIVATION,99970000024,D01,DOC-000024
E0000025,2026-07-01 07:32:37,ACTIVATION,99970000025,D01,DOC-000025
E0000026,2026-07-01 23:43:30,ACTIVATION,99970000026,D01,DOC-000026
E0000027,2026-07-01 06:06:16,ACTIVATION,99970000027,D01,DOC-000027
E0000028,2026-07-01 23:27:33,ACTIVATION,99970000028,D01,DOC-000028
E0000029,2026-07-01 09:52:00,ACTIVATION,99970000029,D01,DOC-000029
E0000030,2026-07-01 20:45:56,ACTIVATION,99970000030,D01,DOC-000030
E0000031,2026-07-01 00:36:40,ACTIVATION,99970000031,D01,DOC-000031
E0000032,2026-07-01 01:55:45,ACTIVATION,99970000032,D01,DOC-000032
E0000033,2026-07-01 11:52:20,ACTIVATION,99970000033,D01,DOC-000033
E0000034,2026-07-01 18:35:49,ACTIVATION,99970000034,D01,DOC-000034
E0000035,2026-07-01 13:48:24,ACTIVATION,99970000035,D01,DOC-000035
E0000036,2026-07-01 17:35:12,ACTIVATION,99970000036,D01,DOC-000036
E0000037,2026-07-01 01:34:20,ACTIVATION,99970000037,D01,DOC-000037
E0000038,2026-07-01 08:41:06,ACTIVATION,99970000038,D01,DOC-000038
E0000039,2026-07-01 02:57:46,ACTIVATION,99970000039,D01,DOC-000039
E0000040,2026-07-01 09:44:48,ACTIVATION,99970000040,D01,DOC-000040
E0000041,2026-07-01 01:52:10,ACTIVATION,99970000041,D02,DOC-000041
E0000042,2026-07-01 01:25:32,ACTIVATION,99970000042,D02,DOC-000042
E0000043,2026-07-01 10:14:34,ACTIVATION,99970000043,D02,DOC-000043
E0000044,2026-07-01 16:00:47,ACTIVATION,99970000044,D02,DOC-000044
E0000045,2026-07-01 16:20:52,ACTIVATION,99970000045,D02,DOC-000045
E0000046,2026-07-01 16:08:57,ACTIVATION,99970000046,D02,DOC-000046
E0000047,2026-07-01 13:21:00,ACTIVATION,99970000047,D02,DOC-000047
E0000048,2026-07-01 23:06:57,ACTIVATION,99970000048,D02,DOC-000048
E0000049,2026-07-01 10:41:57,ACTIVATION,99970000049,D02,DOC-000049
E0000050,2026-07-01 04:25:00,ACTIVATION,99970000050,D02,DOC-000050
E0000051,2026-07-01 05:13:43,ACTIVATION,99970000051,D02,DOC-000051
E0000052,2026-07-01 03:31:13,ACTIVATION,99970000052,D02,DOC-000052
E0000053,2026-07-01 06:48:07,ACTIVATION,99970000053,D02,DOC-000053
E0000054,2026-07-01 22:49:25,ACTIVATION,99970000054,D02,DOC-000054
E0000055,2026-07-01 05:40:09,ACTIVATION,99970000055,D02,DOC-000055
E0000056,2026-07-01 19:35:05,ACTIVATION,99970000056,D02,DOC-000056
E0000057,2026-07-01 01:52:18,ACTIVATION,99970000057,D02,DOC-000057
E0000058,2026-07-01 04:08:11,ACTIVATION,99970000058,D02,DOC-000058
E0000059,2026-07-01 03:46:57,ACTIVATION,99970000059,D02,DOC-000059
E0000060,2026-07-01 05:34:46,ACTIVATION,99970000060,D02,DOC-000060
E0000061,2026-07-01 11:46:32,ACTIVATION,99970000061,D02,DOC-000061
E0000062,2026-07-01 08:22:02,ACTIVATION,99970000062,D02,DOC-000062
E0000063,2026-07-01 18:01:44,ACTIVATION,99970000063,D02,DOC-000063
E0000064,2026-07-01 04:39:36,ACTIVATION,99970000064,D02,DOC-000064
E0000065,2026-07-01 06:00:20,ACTIVATION,99970000065,D02,DOC-000065
E0000066,2026-07-01 17:54:08,ACTIVATION,99970000066,D02,DOC-000066
E0000067,2026-07-01 00:08:26,ACTIVATION,99970000067,D02,DOC-000067
E0000068,2026-07-01 08:07:35,ACTIVATION,99970000068,D02,DOC-000068
E0000069,2026-07-01 15:56:36,ACTIVATION,99970000069,D02,DOC-000069
E0000070,2026-07-01 04:10:13,ACTIVATION,99970000070,D02,DOC-000070
E0000071,2026-07-01 22:51:31,ACTIVATION,99970000071,D02,DOC-000071
E0000072,2026-07-01 22:10:43,ACTIVATION,99970000072,D02,DOC-000072
E0000073,2026-07-01 06:20:54,ACTIVATION,99970000073,D02,DOC-000073
E0000074,2026-07-01 22:38:27,ACTIVATION,99970000074,D02,DOC-000074
E0000075,2026-07-01 03:12:52,ACTIVATION,99970000075,D02,DOC-000075
E0000076,2026-07-01 00:11:11,ACTIVATION,99970000076,D02,DOC-000076
E0000077,2026-07-01 10:47:50,ACTIVATION,99970000077,D02,DOC-000077
E0000078,2026-07-01 08:05:48,ACTIVATION,99970000078,D02,DOC-000078
E0000079,2026-07-01 14:31:14,ACTIVATION,99970000079,D02,DOC-000079
E0000080,2026-07-01 04:20:00,ACTIVATION,99970000080,D02,DOC-000080
E0000081,2026-07-01 18:32:26,ACTIVATION,99970000081,D03,DOC-000081
E0000082,2026-07-01 19:52:33,ACTIVATION,99970000082,D03,DOC-000082
E0000083,2026-07-01 04:47:37,ACTIVATION,99970000083,D03,DOC-000083
E0000084,2026-07-01 13:38:47,ACTIVATION,99970000084,D03,DOC-000084
E0000085,2026-07-01 05:02:34,ACTIVATION,99970000085,D03,DOC-000085
E0000086,2026-07-01 15:49:27,ACTIVATION,99970000086,D03,DOC-000086
E0000087,2026-07-01 05:50:09,ACTIVATION,99970000087,D03,DOC-000087
E0000088,2026-07-01 02:15:28,ACTIVATION,99970000088,D03,DOC-000088
E0000089,2026-07-01 07:36:03,ACTIVATION,99970000089,D03,DOC-000089
E0000090,2026-07-01 01:31:03,ACTIVATION,99970000090,D03,DOC-000090
E0000091,2026-07-01 06:49:56,ACTIVATION,99970000091,D03,DOC-000091
E0000092,2026-07-01 14:52:48,ACTIVATION,99970000092,D03,DOC-000092
E0000093,2026-07-01 00:00:35,ACTIVATION,99970000093,D03,DOC-000093
E0000094,2026-07-01 23:14:35,ACTIVATION,99970000094,D03,DOC-000094
E0000095,2026-07-01 08:09:55,ACTIVATION,99970000095,D03,DOC-000095
E0000096,2026-07-01 11:09:20,ACTIVATION,99970000096,D03,DOC-000096
E0000097,2026-07-01 16:01:44,ACTIVATION,99970000097,D03,DOC-000097
E0000098,2026-07-01 13:23:45,ACTIVATION,99970000098,D03,DOC-000098
E0000099,2026-07-01 12:49:11,ACTIVATION,99970000099,D03,DOC-000099
E0000100,2026-07-01 19:35:00,ACTIVATION,99970000100,D03,DOC-000100
E0000101,2026-07-01 08:40:16,ACTIVATION,99970000101,D03,DOC-000101
E0000102,2026-07-01 14:06:03,ACTIVATION,99970000102,D03,DOC-000102
E0000103,2026-07-01 23:48:01,ACTIVATION,99970000103,D03,DOC-000103
E0000104,2026-07-01 10:52:44,ACTIVATION,99970000104,D03,DOC-000104
E0000105,2026-07-01 02:54:41,ACTIVATION,99970000105,D03,DOC-000105
E0000106,2026-07-01 18:32:32,ACTIVATION,99970000106,D03,DOC-000106
E0000107,2026-07-01 04:52:25,ACTIVATION,99970000107,D03,DOC-000107
E0000108,2026-07-01 21:05:59,ACTIVATION,99970000108,D03,DOC-000108
E0000109,2026-07-01 00:04:47,ACTIVATION,99970000109,D03,DOC-000109
E0000110,2026-07-01 22:04:06,ACTIVATION,99970000110,D03,DOC-000110
E0000111,2026-07-01 02:09:30,ACTIVATION,99970000111,D03,DOC-000111
E0000112,2026-07-01 01:48:36,ACTIVATION,99970000112,D03,DOC-000112
E0000113,2026-07-01 05:42:57,ACTIVATION,99970000113,D03,DOC-000113
E0000114,2026-07-01 08:17:12,ACTIVATION,99970000114,D03,DOC-000114
E0000115,2026-07-01 11:13:32,ACTIVATION,99970000115,D03,DOC-000115
E0000116,2026-07-01 06:57:34,ACTIVATION,99970000116,D03,DOC-000116
E0000117,2026-07-01 08:17:04,ACTIVATION,99970000117,D03,DOC-000117
E0000118,2026-07-01 05:05:50,ACTIVATION,99970000118,D03,DOC-000118
E0000119,2026-07-01 13:35:32,ACTIVATION,99970000119,D03,DOC-000119
E0000120,2026-07-01 09:43:54,ACTIVATION,99970000120,D03,DOC-000120
E0000121,2026-07-01 10:50:09,ACTIVATION,99970000121,D04,DOC-000121
E0000122,2026-07-01 06:12:16,ACTIVATION,99970000122,D04,DOC-000122
E0000123,2026-07-01 05:50:51,ACTIVATION,99970000123,D04,DOC-000123
E0000124,2026-07-01 21:50:22,ACTIVATION,99970000124,D04,DOC-000124
E0000125,2026-07-01 09:41:19,ACTIVATION,99970000125,D04,DOC-000125
E0000126,2026-07-01 17:55:58,ACTIVATION,99970000126,D04,DOC-000126
E0000127,2026-07-01 19:35:22,ACTIVATION,99970000127,D04,DOC-000127
E0000128,2026-07-01 22:28:19,ACTIVATION,99970000128,D04,DOC-000128
E0000129,2026-07-01 18:51:39,ACTIVATION,99970000129,D04,DOC-000129
E0000130,2026-07-01 02:39:40,ACTIVATION,99970000130,D04,DOC-000130
E0000131,2026-07-01 08:14:54,ACTIVATION,99970000131,D04,DOC-000131
E0000132,2026-07-01 01:10:04,ACTIVATION,99970000132,D04,DOC-000132
E0000133,2026-07-01 05:31:52,ACTIVATION,99970000133,D04,DOC-000133
E0000134,2026-07-01 23:03:39,ACTIVATION,99970000134,D04,DOC-000134
E0000135,2026-07-01 18:07:24,ACTIVATION,99970000135,D04,DOC-000135
E0000136,2026-07-01 05:18:42,ACTIVATION,99970000136,D04,DOC-000136
E0000137,2026-07-01 06:37:51,ACTIVATION,99970000137,D04,DOC-000137
E0000138,2026-07-01 06:34:09,ACTIVATION,99970000138,D04,DOC-000138
E0000139,2026-07-01 15:41:20,ACTIVATION,99970000139,D04,DOC-000139
E0000140,2026-07-01 06:49:01,ACTIVATION,99970000140,D04,DOC-000140
E0000141,2026-07-01 04:44:47,ACTIVATION,99970000141,D04,DOC-000141
E0000142,2026-07-01 23:27:09,ACTIVATION,99970000142,D04,DOC-000142
E0000143,2026-07-01 17:58:11,ACTIVATION,99970000143,D04,DOC-000143
E0000144,2026-07-01 20:22:59,ACTIVATION,99970000144,D04,DOC-000144
E0000145,2026-07-01 21:14:51,ACTIVATION,99970000145,D04,DOC-000145
E0000146,2026-07-01 06:18:20,ACTIVATION,99970000146,D04,DOC-000146
E0000147,2026-07-01 02:51:55,ACTIVATION,99970000147,D04,DOC-000147
E0000148,2026-07-01 14:26:11,ACTIVATION,99970000148,D04,DOC-000148
E0000149,2026-07-01 04:56:12,ACTIVATION,99970000149,D04,DOC-000149
E0000150,2026-07-01 04:57:27,ACTIVATION,99970000150,D04,DOC-000150
E0000151,2026-07-01 13:54:56,ACTIVATION,99970000151,D04,DOC-000151
E0000152,2026-07-01 23:30:01,ACTIVATION,99970000152,D04,DOC-000152
E0000153,2026-07-01 20:24:42,ACTIVATION,99970000153,D04,DOC-000153
E0000154,2026-07-01 11:06:03,ACTIVATION,99970000154,D04,DOC-000154
E0000155,2026-07-01 18:43:31,ACTIVATION,99970000155,D04,DOC-000155
E0000156,2026-07-01 02:36:28,ACTIVATION,99970000156,D04,DOC-000156
E0000157,2026-07-01 02:30:58,ACTIVATION,99970000157,D04,DOC-000157
E0000158,2026-07-01 16:29:25,ACTIVATION,99970000158,D04,DOC-000158
E0000159,2026-07-01 05:58:36,ACTIVATION,99970000159,D04,DOC-000159
E0000160,2026-07-01 17:58:54,ACTIVATION,99970000160,D04,DOC-000160
E0000161,2026-07-01 21:37:28,ACTIVATION,99970000161,D05,DOC-000161
E0000162,2026-07-01 20:11:48,ACTIVATION,99970000162,D05,DOC-000162
E0000163,2026-07-01 13:28:11,ACTIVATION,99970000163,D05,DOC-000163
E0000164,2026-07-01 16:50:23,ACTIVATION,99970000164,D05,DOC-000164
E0000165,2026-07-01 21:27:54,ACTIVATION,99970000165,D05,DOC-000165
E0000166,2026-07-01 20:35:08,ACTIVATION,99970000166,D05,DOC-000166
E0000167,2026-07-01 14:46:17,ACTIVATION,99970000167,D05,DOC-000167
E0000168,2026-07-01 18:17:48,ACTIVATION,99970000168,D05,DOC-000168
E0000169,2026-07-01 02:01:35,ACTIVATION,99970000169,D05,DOC-000169
E0000170,2026-07-01 14:44:09,ACTIVATION,99970000170,D05,DOC-000170
E0000171,2026-07-01 21:08:24,ACTIVATION,99970000171,D05,DOC-000171
E0000172,2026-07-01 00:19:34,ACTIVATION,99970000172,D05,DOC-000172
E0000173,2026-07-01 21:25:43,ACTIVATION,99970000173,D05,DOC-000173
E0000174,2026-07-01 12:33:24,ACTIVATION,99970000174,D05,DOC-000174
E0000175,2026-07-01 02:00:20,ACTIVATION,99970000175,D05,DOC-000175
E0000176,2026-07-01 14:29:42,ACTIVATION,99970000176,D05,DOC-000176
E0000177,2026-07-01 20:53:31,ACTIVATION,99970000177,D05,DOC-000177
E0000178,2026-07-01 11:21:21,ACTIVATION,99970000178,D05,DOC-000178
E0000179,2026-07-01 11:26:00,ACTIVATION,99970000179,D05,DOC-000179
E0000180,2026-07-01 08:43:28,ACTIVATION,99970000180,D05,DOC-000180
E0000181,2026-07-01 07:05:10,ACTIVATION,99970000181,D05,DOC-000181
E0000182,2026-07-01 11:12:53,ACTIVATION,99970000182,D05,DOC-000182
E0000183,2026-07-01 09:42:18,ACTIVATION,99970000183,D05,DOC-000183
E0000184,2026-07-01 13:33:55,ACTIVATION,99970000184,D05,DOC-000184
E0000185,2026-07-01 11:43:48,ACTIVATION,99970000185,D05,DOC-000185
E0000186,2026-07-01 08:38:48,ACTIVATION,99970000186,D05,DOC-000186
E0000187,2026-07-01 00:52:35,ACTIVATION,99970000187,D05,DOC-000187
E0000188,2026-07-01 17:32:20,ACTIVATION,99970000188,D05,DOC-000188
E0000189,2026-07-01 05:49:55,ACTIVATION,99970000189,D05,DOC-000189
E0000190,2026-07-01 15:17:41,ACTIVATION,99970000190,D05,DOC-000190
E0000191,2026-07-01 14:21:17,ACTIVATION,99970000191,D05,DOC-000191
E0000192,2026-07-01 11:21:38,ACTIVATION,99970000192,D05,DOC-000192
E0000193,2026-07-01 13:43:59,ACTIVATION,99970000193,D05,DOC-000193
E0000194,2026-07-01 04:41:27,ACTIVATION,99970000194,D05,DOC-000194
E0000195,2026-07-01 21:58:22,ACTIVATION,99970000195,D05,DOC-000195
E0000196,2026-07-01 07:03:08,ACTIVATION,99970000196,D05,DOC-000196
E0000197,2026-07-01 02:19:58,ACTIVATION,99970000197,D05,DOC-000197
E0000198,2026-07-01 16:29:37,ACTIVATION,99970000198,D05,DOC-000198
E0000199,2026-07-01 02:36:23,ACTIVATION,99970000199,D05,DOC-000199
E0000200,2026-07-01 11:06:50,ACTIVATION,99970000200,D05,DOC-000200
E0000201,2026-07-01 09:00:00,SIM_SWAP,99970001401,,
E0000202,2026-07-01 09:00:00,SIM_SWAP,99970001402,,
E0000203,2026-07-01 09:00:00,SIM_SWAP,99970001403,,
E0000204,2026-07-01 09:00:00,SIM_SWAP,99970001411,,
E0000205,2026-07-01 09:30:00,SIM_SWAP,99970001412,,
E0000206,2026-07-01 09:00:00,SIM_SWAP,99970001414,,
E0000207,2026-07-01 09:00:00,SIM_SWAP,99970001415,,
E0000208,2026-07-01 15:51:00,ACTIVATION,99970001501,D06,DOC-X0001
E0000209,2026-07-01 15:43:00,ACTIVATION,99970001502,D06,DOC-X0001
E0000210,2026-07-01 15:54:00,ACTIVATION,99970001503,D06,DOC-X0001
E0000211,2026-07-01 15:59:00,ACTIVATION,99970001504,D06,DOC-X0001
E0000212,2026-07-01 15:02:00,ACTIVATION,99970001505,D06,DOC-X0001
E0000213,2026-07-01 15:50:00,ACTIVATION,99970001506,D06,DOC-X0001
E0000214,2026-07-01 15:33:00,ACTIVATION,99970001507,D06,DOC-X0001
E0000215,2026-07-01 15:00:00,ACTIVATION,99970001508,D06,DOC-X0001
E0000216,2026-07-01 15:19:00,ACTIVATION,99970001509,D06,DOC-X0002
E0000217,2026-07-01 15:33:00,ACTIVATION,99970001510,D06,DOC-X0002
E0000218,2026-07-01 15:57:00,ACTIVATION,99970001511,D06,DOC-X0002
E0000219,2026-07-01 15:10:00,ACTIVATION,99970001512,D06,DOC-X0002
E0000220,2026-07-01 15:23:00,ACTIVATION,99970001513,D06,DOC-X0002
E0000221,2026-07-01 15:18:00,ACTIVATION,99970001514,D06,DOC-X0002
E0000222,2026-07-01 15:43:00,ACTIVATION,99970001515,D06,DOC-X0002
E0000223,2026-07-01 15:55:00,ACTIVATION,99970001516,D06,DOC-X0002
E0000224,2026-07-01 15:44:00,ACTIVATION,99970001521,D06,DOC-F0001
E0000225,2026-07-01 15:31:00,ACTIVATION,99970001522,D06,DOC-F0001
E0000226,2026-07-01 15:23:00,ACTIVATION,99970001523,D06,DOC-F0001
E0000227,2026-07-01 15:25:00,ACTIVATION,99970001524,D06,DOC-F0001
E0000228,2026-07-01 15:04:00,ACTIVATION,99970001525,D06,DOC-F0002
E0000229,2026-07-01 15:45:00,ACTIVATION,99970001526,D06,DOC-F0002
E0000230,2026-07-01 15:44:00,ACTIVATION,99970001527,D06,DOC-F0002
E0000231,2026-07-01 15:30:00,ACTIVATION,99970001528,D06,DOC-F0002
E0000232,2026-07-01 15:00:00,ACTIVATION,99970001601,D98,DOC-001601
E0000233,2026-07-01 15:01:00,ACTIVATION,99970001602,D98,DOC-001602
E0000234,2026-07-01 15:02:00,ACTIVATION,99970001603,D98,DOC-001603
E0000235,2026-07-01 15:03:00,ACTIVATION,99970001604,D98,DOC-001604
E0000236,2026-07-01 15:04:00,ACTIVATION,99970001605,D98,DOC-001605
E0000237,2026-07-01 15:05:00,ACTIVATION,99970001606,D98,DOC-001606
E0000238,2026-07-01 15:06:00,ACTIVATION,99970001607,D98,DOC-001607
E0000239,2026-07-01 15:07:00,ACTIVATION,99970001608,D98,DOC-001608
E0000240,2026-07-01 15:08:00,ACTIVATION,99970001609,D98,DOC-001609
E0000241,2026-07-01 15:09:00,ACTIVATION,99970001610,D98,DOC-001610
E0000242,2026-07-01 15:10:00,ACTIVATION,99970001611,D98,DOC-001611
E0000243,2026-07-01 15:11:00,ACTIVATION,99970001612,D98,DOC-001612
E0000244,2026-07-01 15:12:00,ACTIVATION,99970001613,D98,DOC-001613
E0000245,2026-07-01 15:13:00,ACTIVATION,99970001614,D98,DOC-001614
E0000246,2026-07-01 15:14:00,ACTIVATION,99970001615,D98,DOC-001615
E0000247,2026-07-01 15:15:00,ACTIVATION,99970001616,D98,DOC-001616
E0000248,2026-07-01 15:16:00,ACTIVATION,99970001617,D98,DOC-001617
E0000249,2026-07-01 15:17:00,ACTIVATION,99970001618,D98,DOC-001618
E0000250,2026-07-01 15:18:00,ACTIVATION,99970001619,D98,DOC-001619
E0000251,2026-07-01 15:19:00,ACTIVATION,99970001620,D98,DOC-001620
E0000252,2026-07-01 15:20:00,ACTIVATION,99970001621,D98,DOC-001621
E0000253,2026-07-01 15:21:00,ACTIVATION,99970001622,D98,DOC-001622
E0000254,2026-07-01 15:22:00,ACTIVATION,99970001623,D98,DOC-001623
E0000255,2026-07-01 15:23:00,ACTIVATION,99970001624,D98,DOC-001624
E0000256,2026-07-01 15:24:00,ACTIVATION,99970001625,D98,DOC-001625
E0000257,2026-07-01 15:25:00,ACTIVATION,99970001626,D98,DOC-001626
E0000258,2026-07-01 15:26:00,ACTIVATION,99970001627,D98,DOC-001627
E0000259,2026-07-01 15:27:00,ACTIVATION,99970001628,D98,DOC-001628
E0000260,2026-07-01 15:28:00,ACTIVATION,99970001629,D98,DOC-001629
E0000261,2026-07-01 15:29:00,ACTIVATION,99970001630,D98,DOC-001630
E0000262,2026-07-01 15:00:00,ACTIVATION,99970001631,D99,DOC-001631
E0000263,2026-07-01 15:01:00,ACTIVATION,99970001632,D99,DOC-001632
E0000264,2026-07-01 15:02:00,ACTIVATION,99970001633,D99,DOC-001633
E0000265,2026-07-01 15:03:00,ACTIVATION,99970001634,D99,DOC-001634
E0000266,2026-07-01 15:04:00,ACTIVATION,99970001635,D99,DOC-001635
E0000267,2026-07-01 15:05:00,ACTIVATION,99970001636,D99,DOC-001636
E0000268,2026-07-01 15:06:00,ACTIVATION,99970001637,D99,DOC-001637
E0000269,2026-07-01 15:07:00,ACTIVATION,99970001638,D99,DOC-001638
E0000270,2026-07-01 15:08:00,ACTIVATION,99970001639,D99,DOC-001639
E0000271,2026-07-01 15:09:00,ACTIVATION,99970001640,D99,DOC-001640
E0000272,2026-07-01 15:10:00,ACTIVATION,99970001641,D99,DOC-001641
E0000273,2026-07-01 15:11:00,ACTIVATION,99970001642,D99,DOC-001642
E0000274,2026-07-01 15:12:00,ACTIVATION,99970001643,D99,DOC-001643
E0000275,2026-07-01 15:13:00,ACTIVATION,99970001644,D99,DOC-001644
E0000276,2026-07-01 15:14:00,ACTIVATION,99970001645,D99,DOC-001645
E0000277,2026-07-01 15:15:00,ACTIVATION,99970001646,D99,DOC-001646
E0000278,2026-07-01 15:16:00,ACTIVATION,99970001647,D99,DOC-001647
E0000279,2026-07-01 15:17:00,ACTIVATION,99970001648,D99,DOC-001648
E0000280,2026-07-01 15:18:00,ACTIVATION,99970001649,D99,DOC-001649
E0000281,2026-07-01 15:19:00,ACTIVATION,99970001650,D99,DOC-001650
E0000282,2026-07-01 15:20:00,ACTIVATION,99970001651,D99,DOC-001651
E0000283,2026-07-01 15:21:00,ACTIVATION,99970001652,D99,DOC-001652
E0000284,2026-07-01 15:22:00,ACTIVATION,99970001653,D99,DOC-001653
E0000285,2026-07-01 15:23:00,ACTIVATION,99970001654,D99,DOC-001654
E0000286,2026-07-01 15:24:00,ACTIVATION,99970001655,D99,DOC-001655
E0000287,2026-07-01 15:25:00,ACTIVATION,99970001656,D99,DOC-001656
E0000288,2026-07-01 15:26:00,ACTIVATION,99970001657,D99,DOC-001657
E0000289,2026-07-01 15:27:00,ACTIVATION,99970001658,D99,DOC-001658
E0000290,2026-07-01 15:28:00,ACTIVATION,99970001659,D99,DOC-001659
E0000291,2026-07-01 15:29:00,ACTIVATION,99970001660,D99,DOC-001660
E0000292,2026-07-01 16:00:00,ACTIVATION,99970001661,D91,DOC-001661
E0000293,2026-07-01 16:01:00,ACTIVATION,99970001662,D91,DOC-001662
E0000294,2026-07-01 16:02:00,ACTIVATION,99970001663,D91,DOC-001663
E0000295,2026-07-01 16:03:00,ACTIVATION,99970001664,D91,DOC-001664
E0000296,2026-07-01 16:04:00,ACTIVATION,99970001665,D91,DOC-001665
E0000297,2026-07-01 16:05:00,ACTIVATION,99970001666,D91,DOC-001666
E0000298,2026-07-01 16:06:00,ACTIVATION,99970001667,D91,DOC-001667
E0000299,2026-07-01 16:07:00,ACTIVATION,99970001668,D91,DOC-001668
E0000300,2026-07-01 16:08:00,ACTIVATION,99970001669,D91,DOC-001669
E0000301,2026-07-01 16:09:00,ACTIVATION,99970001670,D91,DOC-001670
E0000302,2026-07-01 16:10:00,ACTIVATION,99970001671,D91,DOC-001671
E0000303,2026-07-01 16:11:00,ACTIVATION,99970001672,D91,DOC-001672
E0000304,2026-07-01 16:12:00,ACTIVATION,99970001673,D91,DOC-001673
E0000305,2026-07-01 16:13:00,ACTIVATION,99970001674,D91,DOC-001674
E0000306,2026-07-01 16:14:00,ACTIVATION,99970001675,D91,DOC-001675
